-- MySQL dump 10.13  Distrib 8.0.35, for Linux (x86_64)
--
-- Host: localhost    Database: lowbackpain
-- ------------------------------------------------------
-- Server version	8.0.35

/*!40101 SET @OLD_CHARACTER_SET_CLIENT=@@CHARACTER_SET_CLIENT */;
/*!40101 SET @OLD_CHARACTER_SET_RESULTS=@@CHARACTER_SET_RESULTS */;
/*!40101 SET @OLD_COLLATION_CONNECTION=@@COLLATION_CONNECTION */;
/*!50503 SET NAMES utf8mb4 */;
/*!40103 SET @OLD_TIME_ZONE=@@TIME_ZONE */;
/*!40103 SET TIME_ZONE='+00:00' */;
/*!40014 SET @OLD_UNIQUE_CHECKS=@@UNIQUE_CHECKS, UNIQUE_CHECKS=0 */;
/*!40014 SET @OLD_FOREIGN_KEY_CHECKS=@@FOREIGN_KEY_CHECKS, FOREIGN_KEY_CHECKS=0 */;
/*!40101 SET @OLD_SQL_MODE=@@SQL_MODE, SQL_MODE='NO_AUTO_VALUE_ON_ZERO' */;
/*!40111 SET @OLD_SQL_NOTES=@@SQL_NOTES, SQL_NOTES=0 */;

--
-- Table structure for table `backpain`
--

DROP TABLE IF EXISTS `backpain`;
/*!40101 SET @saved_cs_client     = @@character_set_client */;
/*!50503 SET character_set_client = utf8mb4 */;
CREATE TABLE `backpain` (
  `id` bigint unsigned NOT NULL AUTO_INCREMENT,
  `devicename` char(20) CHARACTER SET utf8mb4 COLLATE utf8mb4_unicode_ci NOT NULL,
  `helperno` int NOT NULL,
  `delflag` char(1) CHARACTER SET utf8mb4 COLLATE utf8mb4_unicode_ci DEFAULT NULL,
  `insdatetime` timestamp NULL DEFAULT NULL,
  `insuserno` int DEFAULT NULL,
  `upddatetime` timestamp NULL DEFAULT NULL,
  `upduserno` int DEFAULT NULL,
  PRIMARY KEY (`id`),
  UNIQUE KEY `backpain_id_unique` (`id`)
) ENGINE=InnoDB AUTO_INCREMENT=21 DEFAULT CHARSET=utf8mb4 COLLATE=utf8mb4_unicode_ci;
/*!40101 SET character_set_client = @saved_cs_client */;

--
-- Dumping data for table `backpain`
--

LOCK TABLES `backpain` WRITE;
/*!40000 ALTER TABLE `backpain` DISABLE KEYS */;
INSERT INTO `backpain` VALUES (1,'202020',1,'0',NULL,NULL,NULL,NULL),(2,'001',0,'0','2020-10-19 06:39:05',1,'2020-11-09 04:09:14',7),(3,'002',0,'0','2020-10-19 07:49:57',1,'2020-10-19 07:49:57',NULL),(4,'003',0,'0','2020-10-19 07:50:11',1,'2020-10-19 07:50:11',NULL),(5,'000',0,'0','2020-10-19 07:50:20',1,'2020-10-19 07:50:20',NULL),(6,'005',0,'0','2020-10-19 07:50:32',1,'2020-10-19 07:50:32',NULL),(7,'004',0,'0','2020-10-19 07:50:42',1,'2020-10-19 07:50:42',NULL),(8,'006',0,'0','2020-10-19 07:50:53',1,'2020-10-19 07:50:53',NULL),(9,'007',0,'0','2020-10-19 07:51:03',1,'2020-10-19 07:51:03',NULL),(10,'008',0,'0','2020-10-19 07:51:11',1,'2020-10-19 07:51:11',NULL),(11,'009',0,'0','2020-10-19 07:51:19',1,'2020-10-19 07:51:19',NULL),(12,'010',0,'0','2020-10-19 07:51:29',1,'2020-10-19 07:51:29',NULL),(13,'99',0,'1','2020-10-22 07:57:05',1,'2020-10-22 07:57:55',1),(14,'aaa',0,'1','2020-11-02 05:26:43',7,'2020-11-02 05:28:24',7),(15,'999',0,'1','2020-11-09 04:06:39',7,'2020-11-09 04:06:50',7),(16,'070',0,'0','2020-11-11 13:55:26',1,'2020-11-11 13:55:26',NULL),(17,'098',0,'0','2020-11-20 02:06:58',7,'2020-11-20 02:06:58',NULL),(18,'115',0,'1','2020-11-24 04:36:14',7,'2020-11-24 04:51:58',7),(19,'112',0,'1','2020-11-24 04:36:52',7,'2020-11-24 04:53:15',7),(20,'099',0,'0','2020-11-26 23:47:18',7,'2020-11-26 23:47:18',NULL);
/*!40000 ALTER TABLE `backpain` ENABLE KEYS */;
UNLOCK TABLES;

--
-- Table structure for table `bpain01`
--

DROP TABLE IF EXISTS `bpain01`;
/*!40101 SET @saved_cs_client     = @@character_set_client */;
/*!50503 SET character_set_client = utf8mb4 */;
CREATE TABLE `bpain01` (
  `id` bigint unsigned NOT NULL AUTO_INCREMENT,
  `backpainno` int NOT NULL,
  `helperno` int NOT NULL,
  `day` char(2) CHARACTER SET utf8mb4 COLLATE utf8mb4_unicode_ci NOT NULL,
  `hou` char(2) CHARACTER SET utf8mb4 COLLATE utf8mb4_unicode_ci NOT NULL,
  `min1` char(4) CHARACTER SET utf8mb4 COLLATE utf8mb4_unicode_ci DEFAULT NULL,
  `ftilt1` int NOT NULL DEFAULT '0',
  `twist1` int NOT NULL DEFAULT '0',
  `min2` char(4) CHARACTER SET utf8mb4 COLLATE utf8mb4_unicode_ci DEFAULT NULL,
  `ftilt2` int NOT NULL DEFAULT '0',
  `twist2` int NOT NULL DEFAULT '0',
  `min3` char(4) CHARACTER SET utf8mb4 COLLATE utf8mb4_unicode_ci DEFAULT NULL,
  `ftilt3` int NOT NULL DEFAULT '0',
  `twist3` int NOT NULL DEFAULT '0',
  `min4` char(4) CHARACTER SET utf8mb4 COLLATE utf8mb4_unicode_ci DEFAULT NULL,
  `ftilt4` int NOT NULL DEFAULT '0',
  `twist4` int NOT NULL DEFAULT '0',
  `min5` char(4) CHARACTER SET utf8mb4 COLLATE utf8mb4_unicode_ci DEFAULT NULL,
  `ftilt5` int NOT NULL DEFAULT '0',
  `twist5` int NOT NULL DEFAULT '0',
  `min6` char(4) CHARACTER SET utf8mb4 COLLATE utf8mb4_unicode_ci DEFAULT NULL,
  `ftilt6` int NOT NULL DEFAULT '0',
  `twist6` int NOT NULL DEFAULT '0',
  `min7` char(4) CHARACTER SET utf8mb4 COLLATE utf8mb4_unicode_ci DEFAULT NULL,
  `ftilt7` int NOT NULL DEFAULT '0',
  `twist7` int NOT NULL DEFAULT '0',
  `min8` char(4) CHARACTER SET utf8mb4 COLLATE utf8mb4_unicode_ci DEFAULT NULL,
  `ftilt8` int NOT NULL DEFAULT '0',
  `twist8` int NOT NULL DEFAULT '0',
  `min9` char(4) CHARACTER SET utf8mb4 COLLATE utf8mb4_unicode_ci DEFAULT NULL,
  `ftilt9` int NOT NULL DEFAULT '0',
  `twist9` int NOT NULL DEFAULT '0',
  `min10` char(4) CHARACTER SET utf8mb4 COLLATE utf8mb4_unicode_ci DEFAULT NULL,
  `ftilt10` int NOT NULL DEFAULT '0',
  `twist10` int NOT NULL DEFAULT '0',
  `min11` char(4) CHARACTER SET utf8mb4 COLLATE utf8mb4_unicode_ci DEFAULT NULL,
  `ftilt11` int NOT NULL DEFAULT '0',
  `twist11` int NOT NULL DEFAULT '0',
  `min12` char(4) CHARACTER SET utf8mb4 COLLATE utf8mb4_unicode_ci DEFAULT NULL,
  `ftilt12` int NOT NULL DEFAULT '0',
  `twist12` int NOT NULL DEFAULT '0',
  `bpainhedno` int NOT NULL,
  PRIMARY KEY (`id`),
  UNIQUE KEY `bpain01_id_unique` (`id`)
) ENGINE=InnoDB AUTO_INCREMENT=167 DEFAULT CHARSET=utf8mb4 COLLATE=utf8mb4_unicode_ci;
/*!40101 SET character_set_client = @saved_cs_client */;

--
-- Dumping data for table `bpain01`
--

LOCK TABLES `bpain01` WRITE;
/*!40000 ALTER TABLE `bpain01` DISABLE KEYS */;
INSERT INTO `bpain01` VALUES (106,0,0,'02','07','29',2,3,'34',0,0,'39',0,0,'44',0,0,'49',0,0,'54',0,0,'59',0,0,NULL,0,0,NULL,0,0,NULL,0,0,NULL,0,0,NULL,0,0,625),(107,0,0,'02','08','04',0,0,'09',0,0,'14',0,0,'19',0,0,'24',0,0,'29',0,0,'34',0,0,'39',0,0,'44',0,0,'49',0,0,'54',0,0,'59',0,0,625),(108,0,0,'02','09','04',0,0,'09',0,0,'14',0,0,'19',0,0,'24',0,0,'29',0,0,'34',0,0,'39',0,0,'44',0,0,'49',0,0,'54',0,0,'59',0,0,625),(109,0,0,'02','10','04',0,0,'09',0,0,'14',0,0,'19',0,0,'24',0,0,'29',0,0,'34',0,0,'39',0,0,'44',0,0,'49',0,0,'54',0,0,'59',0,0,625),(110,0,0,'02','11','04',0,0,'09',0,0,'14',0,0,'19',1,0,'24',0,0,'29',0,0,'34',0,0,'39',0,0,'44',1,1,'49',0,0,'54',0,0,'59',1,1,625),(111,0,0,'02','12','04',1,0,'09',1,0,'14',0,0,'19',0,0,'24',0,0,'29',0,0,'34',1,0,'39',0,0,'44',0,0,'49',0,0,'54',0,0,'59',0,0,625),(112,0,0,'02','13','04',0,0,'09',0,0,'14',0,0,'19',0,0,'24',0,0,'29',0,0,'34',0,0,'39',0,0,'44',0,0,'49',0,0,'54',0,0,'59',0,0,625),(113,0,0,'02','14','04',0,0,'09',0,0,'14',0,0,'19',0,0,'24',0,0,'29',0,0,'34',0,0,'39',0,0,'44',0,0,'49',0,0,'54',0,0,'59',0,0,625),(114,0,0,'02','15','04',1,0,'09',7,4,'14',0,0,'19',0,0,'24',0,0,'29',2,0,'34',0,0,'39',0,0,'44',0,0,'49',0,0,'54',0,0,'59',0,0,625),(115,0,0,'02','16','04',0,0,'09',0,0,'14',0,0,'16',2,2,NULL,0,0,NULL,0,0,NULL,0,0,NULL,0,0,NULL,0,0,NULL,0,0,NULL,0,0,NULL,0,0,625),(116,0,0,'01','19','25',4,4,'30',11,5,'35',0,0,'40',4,5,'45',4,5,'50',0,0,'55',5,5,NULL,0,0,NULL,0,0,NULL,0,0,NULL,0,0,NULL,0,0,626),(117,0,0,'01','20','00',24,14,'05',17,9,'10',20,18,'15',18,13,'20',33,22,'25',16,7,'30',25,14,'35',12,18,'40',32,45,'45',26,37,'50',29,42,'55',32,17,626),(118,0,0,'01','21','00',21,11,'05',31,20,'10',19,19,'15',19,12,'20',19,12,'25',11,4,'30',1,1,'35',0,0,'40',11,8,'45',0,0,'50',0,0,'55',0,0,626),(119,0,0,'01','22','00',0,0,'05',1,1,'10',3,4,'15',0,0,'20',0,0,'25',4,2,'30',1,1,'35',7,6,'40',1,0,'45',8,19,'50',11,25,'55',4,4,626),(120,0,0,'01','23','00',14,17,'05',10,28,'10',8,30,'15',9,32,'20',3,3,'25',0,0,'30',4,24,'35',5,15,'40',5,0,'45',2,2,'50',7,6,'55',8,10,626),(121,0,0,'02','00','00',5,4,'05',4,3,'10',24,22,'15',12,19,'20',10,8,'25',9,6,'30',0,1,'35',0,0,'40',0,0,'45',1,1,'50',5,1,'55',3,2,626),(122,0,0,'02','01','00',1,0,'05',0,0,'10',2,1,'15',0,0,'20',0,0,'25',1,1,'30',5,6,'35',24,29,'40',13,10,'45',6,8,'50',6,7,'55',6,6,626),(123,0,0,'02','02','00',1,0,'05',4,4,'10',18,27,'15',12,13,'20',0,0,'25',0,0,'30',8,8,'35',11,22,'40',1,1,'45',0,0,'50',0,0,'55',0,0,626),(124,0,0,'02','03','00',0,0,'05',9,9,'10',8,4,'15',11,3,'20',16,16,'25',20,22,'30',6,23,'35',23,41,'40',17,34,'45',20,30,'50',10,4,'55',25,37,626),(125,0,0,'02','04','00',8,37,'05',11,33,'10',12,23,'15',13,37,'20',15,10,'25',12,19,'30',17,28,'35',6,24,'40',32,31,'45',10,31,'50',32,24,'55',14,19,626),(126,0,0,'02','05','00',1,1,'05',0,0,'10',1,1,'15',6,4,'20',6,3,'25',0,0,'30',2,0,'35',1,1,'40',22,20,'45',23,30,'50',25,29,'55',22,22,626),(127,0,0,'02','06','00',6,6,'05',22,43,'10',25,44,'15',17,27,'20',31,34,'25',24,20,'30',28,40,'35',14,14,'40',19,22,'45',27,23,'50',24,28,'55',27,45,626),(128,0,0,'02','07','00',24,18,'05',20,28,'10',26,25,'15',31,13,'20',32,25,'25',31,23,'30',5,3,'34',10,3,NULL,0,0,NULL,0,0,NULL,0,0,NULL,0,0,626),(129,0,0,'01','11','05',3,4,'10',0,0,'15',0,0,'20',0,0,'25',0,0,'30',0,0,'35',0,0,'40',0,0,'45',1,1,'50',0,0,'55',0,0,NULL,0,0,630),(130,0,0,'01','12','00',0,0,'05',0,0,'10',0,0,'15',0,0,'20',1,0,'25',0,0,'30',0,0,'35',0,0,'40',0,0,'45',0,0,'50',0,0,'55',0,0,630),(131,0,0,'01','13','00',0,0,'05',0,0,'10',0,0,'15',0,0,'20',0,0,'25',0,0,'30',0,0,'35',0,0,'40',0,0,'45',0,0,'50',0,0,'55',1,0,630),(132,0,0,'01','14','00',0,2,'05',0,0,'10',0,0,'15',0,0,'20',0,0,'25',0,0,'30',0,0,'35',0,0,'40',0,0,'45',0,0,'50',0,0,'55',0,0,630),(133,0,0,'01','15','00',0,0,'05',0,0,'10',0,0,'15',0,0,'20',0,0,'25',0,0,'30',0,0,'35',0,0,'40',0,0,'45',0,0,'50',0,0,'55',0,0,630),(134,0,0,'01','16','00',0,0,'05',0,0,'10',0,0,'15',0,0,'20',0,0,'25',0,0,'30',0,0,'35',0,0,'40',0,0,'45',0,0,'50',0,0,'55',0,0,630),(135,0,0,'01','17','00',0,0,'05',0,0,'10',0,0,'15',0,0,'20',0,0,'25',0,0,'30',0,0,'35',0,0,'40',0,0,'45',0,0,'50',0,0,'55',0,0,630),(136,0,0,'01','18','00',0,0,'05',0,0,'10',1,0,'15',1,1,'20',2,0,'25',0,0,'30',0,0,'35',0,0,'40',0,0,'45',0,0,'50',0,0,'55',0,0,630),(137,0,0,'01','19','00',0,0,'05',0,0,'10',0,0,'15',0,0,'20',0,0,'25',0,0,'30',0,0,'35',0,0,'40',0,0,'45',0,0,'50',0,0,'55',0,0,630),(138,0,0,'01','20','00',0,0,'02',0,0,NULL,0,0,NULL,0,0,NULL,0,0,NULL,0,0,NULL,0,0,NULL,0,0,NULL,0,0,NULL,0,0,NULL,0,0,NULL,0,0,630),(139,0,0,'19','08','48',27,17,'53',13,5,'58',7,3,NULL,0,0,NULL,0,0,NULL,0,0,NULL,0,0,NULL,0,0,NULL,0,0,NULL,0,0,NULL,0,0,NULL,0,0,632),(140,0,0,'19','09','03',0,0,'08',0,0,'13',5,2,'18',5,4,'23',8,4,'28',4,3,'33',1,1,'38',7,3,'43',17,8,'48',16,10,'53',2,1,'58',9,7,632),(141,0,0,'19','10','03',6,5,'08',12,11,'13',12,9,'18',10,4,'23',8,4,'28',27,9,'33',7,9,'38',9,6,'43',12,6,'48',11,10,'53',21,12,'58',12,2,632),(142,0,0,'19','11','03',0,0,'08',0,0,'13',6,4,'18',3,1,'23',3,0,'28',5,3,'33',4,3,'38',8,7,'43',1,1,'48',0,0,'53',5,2,'58',6,5,632),(143,0,0,'19','12','03',0,0,'08',11,10,'13',4,3,'18',0,0,'23',0,0,'28',13,8,'33',22,13,'38',9,2,'43',7,1,'48',1,1,'53',1,0,'58',6,5,632),(144,0,0,'19','13','03',14,14,'08',17,10,'13',18,15,'18',8,1,'23',3,0,'28',10,6,'33',26,16,'38',15,8,'43',0,0,'48',0,0,'53',11,8,'58',5,3,632),(145,0,0,'19','14','03',8,4,'08',3,2,'13',12,4,'18',8,2,NULL,0,0,NULL,0,0,NULL,0,0,NULL,0,0,NULL,0,0,NULL,0,0,NULL,0,0,NULL,0,0,632),(147,0,0,'19','09','01',7,14,'06',1,1,'11',0,0,'16',0,0,'21',2,1,'26',0,0,'31',0,0,'36',0,0,'41',0,0,'46',0,0,'51',0,0,'56',12,3,633),(148,0,0,'19','10','01',2,1,'06',0,0,'11',0,0,'16',0,0,'21',0,0,'26',9,3,'31',5,4,'36',1,1,'41',6,3,'46',3,8,'51',0,0,'56',0,0,633),(149,0,0,'19','11','01',0,0,'06',0,0,'11',0,0,'16',0,0,'21',0,0,'26',7,4,'31',0,0,'36',0,0,'41',0,0,'46',0,0,'51',0,0,'56',1,0,633),(150,0,0,'19','12','01',4,0,'06',7,4,'11',0,0,'16',9,7,'21',5,4,'26',9,8,'31',0,0,'36',0,0,'41',0,0,'46',0,0,'51',0,0,'56',0,0,633),(151,0,0,'19','13','01',0,0,'06',2,0,'11',0,0,'16',0,0,'21',0,0,'26',0,0,'31',0,0,'36',0,0,'41',0,0,'46',0,0,'51',0,0,'56',0,0,633),(152,0,0,'19','14','01',0,0,'06',0,0,'11',0,0,'13',1,0,NULL,0,0,NULL,0,0,NULL,0,0,NULL,0,0,NULL,0,0,NULL,0,0,NULL,0,0,NULL,0,0,633),(153,0,0,'19','08','49',4,3,'54',2,2,'59',0,0,NULL,0,0,NULL,0,0,NULL,0,0,NULL,0,0,NULL,0,0,NULL,0,0,NULL,0,0,NULL,0,0,NULL,0,0,634),(154,0,0,'19','09','04',2,1,'09',4,4,'14',2,0,'19',0,0,'24',0,0,'29',0,0,'34',0,0,'39',0,0,'44',2,1,'49',6,4,'54',2,1,'59',2,0,634),(155,0,0,'19','10','04',0,0,'09',0,0,'14',5,2,'19',6,3,'24',0,0,'29',0,0,'34',0,0,'39',0,0,'44',0,0,'49',0,0,'54',0,0,'59',9,5,634),(156,0,0,'19','11','04',0,0,'09',0,0,'14',2,1,'19',1,0,'24',0,0,'29',0,0,'34',5,3,'39',6,3,'44',6,5,'49',1,1,'54',0,0,'59',7,5,634),(157,0,0,'19','12','04',2,0,'09',0,0,'14',0,0,'19',0,0,'24',4,4,'29',0,0,'34',0,0,'39',0,0,'44',0,0,'49',0,0,'54',0,0,'59',0,0,634),(158,0,0,'19','13','04',0,0,'09',0,0,'14',0,0,'19',0,0,'24',2,2,'29',0,0,'34',0,0,'39',0,0,'44',0,0,'49',1,1,'54',1,0,'59',6,4,634),(159,0,0,'19','14','04',1,0,'09',3,0,'13',5,4,NULL,0,0,NULL,0,0,NULL,0,0,NULL,0,0,NULL,0,0,NULL,0,0,NULL,0,0,NULL,0,0,NULL,0,0,634),(160,0,0,'19','08','50',15,8,'55',4,2,NULL,0,0,NULL,0,0,NULL,0,0,NULL,0,0,NULL,0,0,NULL,0,0,NULL,0,0,NULL,0,0,NULL,0,0,NULL,0,0,635),(161,0,0,'19','09','00',4,4,'05',0,0,'10',2,1,'15',0,0,'20',4,3,'25',7,4,'30',13,9,'35',9,4,'40',0,0,'45',0,0,'50',0,0,'55',1,0,635),(162,0,0,'19','10','00',0,0,'05',2,1,'10',20,28,'15',15,13,'20',14,31,'25',22,22,'30',20,14,'35',0,0,'40',5,4,'45',7,3,'50',1,1,'55',0,0,635),(163,0,0,'19','11','00',2,1,'05',0,0,'10',0,1,'15',3,2,'20',0,0,'25',0,0,'30',0,0,'35',3,2,'40',0,0,'45',10,3,'50',6,2,'55',1,1,635),(164,0,0,'19','12','00',0,0,'05',17,10,'10',6,3,'15',0,0,'20',0,0,'25',0,0,'30',0,0,'35',0,0,'40',0,0,'45',0,0,'50',0,0,'55',0,0,635),(165,0,0,'19','13','00',3,2,'05',19,13,'10',26,32,'15',3,2,'20',0,0,'25',0,0,'30',0,0,'35',0,0,'40',0,0,'45',0,0,'50',0,0,'55',0,0,635),(166,0,0,'19','14','00',5,8,'05',12,17,'10',1,1,'15',3,2,'20',3,2,'22',4,4,NULL,0,0,NULL,0,0,NULL,0,0,NULL,0,0,NULL,0,0,NULL,0,0,635);
/*!40000 ALTER TABLE `bpain01` ENABLE KEYS */;
UNLOCK TABLES;

--
-- Table structure for table `bpain02`
--

DROP TABLE IF EXISTS `bpain02`;
/*!40101 SET @saved_cs_client     = @@character_set_client */;
/*!50503 SET character_set_client = utf8mb4 */;
CREATE TABLE `bpain02` (
  `id` bigint unsigned NOT NULL AUTO_INCREMENT,
  `backpainno` int NOT NULL,
  `helperno` int NOT NULL,
  `day` char(2) CHARACTER SET utf8mb4 COLLATE utf8mb4_unicode_ci NOT NULL,
  `hou` char(2) CHARACTER SET utf8mb4 COLLATE utf8mb4_unicode_ci NOT NULL,
  `min1` char(4) CHARACTER SET utf8mb4 COLLATE utf8mb4_unicode_ci DEFAULT NULL,
  `ftilt1` int NOT NULL DEFAULT '0',
  `twist1` int NOT NULL DEFAULT '0',
  `min2` char(4) CHARACTER SET utf8mb4 COLLATE utf8mb4_unicode_ci DEFAULT NULL,
  `ftilt2` int NOT NULL DEFAULT '0',
  `twist2` int NOT NULL DEFAULT '0',
  `min3` char(4) CHARACTER SET utf8mb4 COLLATE utf8mb4_unicode_ci DEFAULT NULL,
  `ftilt3` int NOT NULL DEFAULT '0',
  `twist3` int NOT NULL DEFAULT '0',
  `min4` char(4) CHARACTER SET utf8mb4 COLLATE utf8mb4_unicode_ci DEFAULT NULL,
  `ftilt4` int NOT NULL DEFAULT '0',
  `twist4` int NOT NULL DEFAULT '0',
  `min5` char(4) CHARACTER SET utf8mb4 COLLATE utf8mb4_unicode_ci DEFAULT NULL,
  `ftilt5` int NOT NULL DEFAULT '0',
  `twist5` int NOT NULL DEFAULT '0',
  `min6` char(4) CHARACTER SET utf8mb4 COLLATE utf8mb4_unicode_ci DEFAULT NULL,
  `ftilt6` int NOT NULL DEFAULT '0',
  `twist6` int NOT NULL DEFAULT '0',
  `min7` char(4) CHARACTER SET utf8mb4 COLLATE utf8mb4_unicode_ci DEFAULT NULL,
  `ftilt7` int NOT NULL DEFAULT '0',
  `twist7` int NOT NULL DEFAULT '0',
  `min8` char(4) CHARACTER SET utf8mb4 COLLATE utf8mb4_unicode_ci DEFAULT NULL,
  `ftilt8` int NOT NULL DEFAULT '0',
  `twist8` int NOT NULL DEFAULT '0',
  `min9` char(4) CHARACTER SET utf8mb4 COLLATE utf8mb4_unicode_ci DEFAULT NULL,
  `ftilt9` int NOT NULL DEFAULT '0',
  `twist9` int NOT NULL DEFAULT '0',
  `min10` char(4) CHARACTER SET utf8mb4 COLLATE utf8mb4_unicode_ci DEFAULT NULL,
  `ftilt10` int NOT NULL DEFAULT '0',
  `twist10` int NOT NULL DEFAULT '0',
  `min11` char(4) CHARACTER SET utf8mb4 COLLATE utf8mb4_unicode_ci DEFAULT NULL,
  `ftilt11` int NOT NULL DEFAULT '0',
  `twist11` int NOT NULL DEFAULT '0',
  `min12` char(4) CHARACTER SET utf8mb4 COLLATE utf8mb4_unicode_ci DEFAULT NULL,
  `ftilt12` int NOT NULL DEFAULT '0',
  `twist12` int NOT NULL DEFAULT '0',
  `bpainhedno` int NOT NULL,
  PRIMARY KEY (`id`),
  UNIQUE KEY `bpain02_id_unique` (`id`)
) ENGINE=InnoDB DEFAULT CHARSET=utf8mb4 COLLATE=utf8mb4_unicode_ci;
/*!40101 SET character_set_client = @saved_cs_client */;

--
-- Dumping data for table `bpain02`
--

LOCK TABLES `bpain02` WRITE;
/*!40000 ALTER TABLE `bpain02` DISABLE KEYS */;
/*!40000 ALTER TABLE `bpain02` ENABLE KEYS */;
UNLOCK TABLES;

--
-- Table structure for table `bpain03`
--

DROP TABLE IF EXISTS `bpain03`;
/*!40101 SET @saved_cs_client     = @@character_set_client */;
/*!50503 SET character_set_client = utf8mb4 */;
CREATE TABLE `bpain03` (
  `id` bigint unsigned NOT NULL AUTO_INCREMENT,
  `backpainno` int NOT NULL,
  `helperno` int NOT NULL,
  `day` char(2) CHARACTER SET utf8mb4 COLLATE utf8mb4_unicode_ci NOT NULL,
  `hou` char(2) CHARACTER SET utf8mb4 COLLATE utf8mb4_unicode_ci NOT NULL,
  `min1` char(4) CHARACTER SET utf8mb4 COLLATE utf8mb4_unicode_ci DEFAULT NULL,
  `ftilt1` int NOT NULL DEFAULT '0',
  `twist1` int NOT NULL DEFAULT '0',
  `min2` char(4) CHARACTER SET utf8mb4 COLLATE utf8mb4_unicode_ci DEFAULT NULL,
  `ftilt2` int NOT NULL DEFAULT '0',
  `twist2` int NOT NULL DEFAULT '0',
  `min3` char(4) CHARACTER SET utf8mb4 COLLATE utf8mb4_unicode_ci DEFAULT NULL,
  `ftilt3` int NOT NULL DEFAULT '0',
  `twist3` int NOT NULL DEFAULT '0',
  `min4` char(4) CHARACTER SET utf8mb4 COLLATE utf8mb4_unicode_ci DEFAULT NULL,
  `ftilt4` int NOT NULL DEFAULT '0',
  `twist4` int NOT NULL DEFAULT '0',
  `min5` char(4) CHARACTER SET utf8mb4 COLLATE utf8mb4_unicode_ci DEFAULT NULL,
  `ftilt5` int NOT NULL DEFAULT '0',
  `twist5` int NOT NULL DEFAULT '0',
  `min6` char(4) CHARACTER SET utf8mb4 COLLATE utf8mb4_unicode_ci DEFAULT NULL,
  `ftilt6` int NOT NULL DEFAULT '0',
  `twist6` int NOT NULL DEFAULT '0',
  `min7` char(4) CHARACTER SET utf8mb4 COLLATE utf8mb4_unicode_ci DEFAULT NULL,
  `ftilt7` int NOT NULL DEFAULT '0',
  `twist7` int NOT NULL DEFAULT '0',
  `min8` char(4) CHARACTER SET utf8mb4 COLLATE utf8mb4_unicode_ci DEFAULT NULL,
  `ftilt8` int NOT NULL DEFAULT '0',
  `twist8` int NOT NULL DEFAULT '0',
  `min9` char(4) CHARACTER SET utf8mb4 COLLATE utf8mb4_unicode_ci DEFAULT NULL,
  `ftilt9` int NOT NULL DEFAULT '0',
  `twist9` int NOT NULL DEFAULT '0',
  `min10` char(4) CHARACTER SET utf8mb4 COLLATE utf8mb4_unicode_ci DEFAULT NULL,
  `ftilt10` int NOT NULL DEFAULT '0',
  `twist10` int NOT NULL DEFAULT '0',
  `min11` char(4) CHARACTER SET utf8mb4 COLLATE utf8mb4_unicode_ci DEFAULT NULL,
  `ftilt11` int NOT NULL DEFAULT '0',
  `twist11` int NOT NULL DEFAULT '0',
  `min12` char(4) CHARACTER SET utf8mb4 COLLATE utf8mb4_unicode_ci DEFAULT NULL,
  `ftilt12` int NOT NULL DEFAULT '0',
  `twist12` int NOT NULL DEFAULT '0',
  `bpainhedno` int NOT NULL,
  PRIMARY KEY (`id`),
  UNIQUE KEY `bpain03_id_unique` (`id`)
) ENGINE=InnoDB AUTO_INCREMENT=756 DEFAULT CHARSET=utf8mb4 COLLATE=utf8mb4_unicode_ci;
/*!40101 SET character_set_client = @saved_cs_client */;

--
-- Dumping data for table `bpain03`
--

LOCK TABLES `bpain03` WRITE;
/*!40000 ALTER TABLE `bpain03` DISABLE KEYS */;
INSERT INTO `bpain03` VALUES (417,0,0,'07','17','20',4,4,'25',0,0,'30',3,2,'35',10,6,'40',10,7,'45',3,1,'50',2,2,'55',7,7,NULL,0,0,NULL,0,0,NULL,0,0,NULL,0,0,636),(418,0,0,'07','18','00',12,7,'05',7,7,'10',10,7,'15',13,12,'20',17,10,'25',4,3,'30',1,1,'35',0,0,'40',2,0,'45',9,9,'50',8,5,'55',13,7,636),(419,0,0,'07','19','00',5,6,'05',0,0,'10',2,1,'15',9,8,'20',0,0,'25',5,0,'30',3,0,'35',0,0,'40',1,0,'45',1,1,'50',0,0,'55',2,2,636),(420,0,0,'07','20','00',2,0,'05',0,0,'10',0,0,'15',0,0,'20',0,0,'25',7,7,'30',0,0,'35',2,0,'40',1,1,'45',0,0,'50',0,0,'55',0,0,636),(421,0,0,'07','21','00',1,0,'05',4,7,'10',0,0,'15',0,0,'20',0,0,'25',0,0,'30',0,0,'35',1,2,'40',0,0,'45',0,0,'50',0,0,'55',0,0,636),(422,0,0,'07','22','00',2,2,'05',4,4,'10',12,7,'15',0,0,'20',1,1,'25',1,0,'30',1,1,'35',5,5,'40',1,1,'45',3,2,'50',0,0,'55',0,0,636),(423,0,0,'07','23','00',0,0,'05',0,0,'10',0,0,'15',2,0,'20',0,0,'25',0,0,'30',0,0,'35',0,0,'40',20,13,'45',9,12,'50',1,1,'55',0,0,636),(424,0,0,'08','00','0',0,0,'05',0,0,'10',0,0,'15',0,0,'20',0,0,'25',0,0,'30',0,0,'35',1,0,'40',1,1,'45',0,0,'50',0,0,'55',0,0,636),(425,0,0,'08','01','00',5,7,'05',0,0,'10',0,0,'15',0,0,'20',0,0,'25',0,0,'30',0,0,'35',0,0,'40',0,0,'45',0,0,'50',0,0,'55',0,0,636),(426,0,0,'08','02','00',0,0,'05',0,0,'10',0,0,'15',0,0,'20',0,0,'25',0,0,'30',0,0,'35',0,0,'40',0,0,'45',0,0,'50',0,0,'55',0,0,636),(427,0,0,'08','03','00',0,0,'05',0,0,'10',0,0,'15',0,0,'20',0,0,'25',0,0,'30',0,0,'35',0,0,'40',0,0,'45',0,0,'50',0,0,'55',0,0,636),(428,0,0,'08','04','00',0,0,'05',0,0,'10',1,1,'15',0,0,'20',4,2,'25',0,0,'30',0,0,'35',0,0,'40',0,0,'45',0,0,'50',0,0,'55',1,1,636),(429,0,0,'08','05','00',16,24,'05',26,8,'10',20,13,'15',18,22,'20',17,9,'25',24,20,'30',16,12,'35',13,9,'40',18,12,'45',7,7,'50',1,0,'55',0,0,636),(430,0,0,'08','06','00',0,0,'05',20,13,'10',24,20,'15',29,25,'20',26,23,'25',6,3,'30',16,10,'35',7,3,'40',0,0,'45',4,6,'50',8,6,'55',8,6,636),(431,0,0,'08','07','00',2,2,'05',0,0,'10',1,1,'15',7,4,'20',1,1,'25',8,5,'30',23,18,'35',19,12,'40',5,3,'45',26,10,'50',12,8,'55',18,15,636),(432,0,0,'08','8','00',23,30,'05',8,10,'10',16,20,'15',10,6,'20',14,11,'25',2,2,'30',14,6,'35',13,6,'40',6,5,'45',2,2,'50',8,6,'55',0,0,636),(433,0,0,'08','09','00',3,0,'05',1,1,'10',0,0,'14',2,3,NULL,0,0,NULL,0,0,NULL,0,0,NULL,0,0,NULL,0,0,NULL,0,0,NULL,0,0,NULL,0,0,636),(434,0,0,'10','10','49',4,7,'54',0,0,'59',0,0,NULL,0,0,NULL,0,0,NULL,0,0,NULL,0,0,NULL,0,0,NULL,0,0,NULL,0,0,NULL,0,0,NULL,0,0,637),(435,0,0,'10','11','04',7,4,'09',7,7,'14',4,4,'19',1,1,'24',2,1,'29',9,8,'34',2,1,'39',4,4,'44',4,3,'49',4,4,'54',1,1,'59',0,0,637),(436,0,0,'10','12','04',7,3,'09',12,9,'14',19,17,'19',14,14,'24',20,10,'29',1,1,'34',2,1,'39',2,1,'44',0,0,'49',0,0,'54',0,0,'59',0,0,637),(437,0,0,'10','13','04',0,0,'09',0,0,'14',0,0,'19',0,0,'24',0,0,'29',0,0,'34',13,11,'39',7,4,'44',6,4,'49',8,8,'54',6,5,'59',2,2,637),(438,0,0,'10','14','04',11,13,'09',4,3,'14',3,2,'19',16,13,'24',10,6,'29',17,11,'34',11,5,'39',6,7,'44',7,6,'49',10,11,'54',3,2,'59',1,1,637),(439,0,0,'10','15','04',18,13,'09',8,9,'14',15,12,'19',6,4,'24',5,4,'29',7,6,'34',5,6,'39',2,1,'44',11,7,'49',4,1,'54',0,0,'59',4,3,637),(440,0,0,'10','16','04',7,7,'09',0,0,'14',0,0,'19',0,0,'24',0,0,'29',0,0,'34',0,0,'39',3,2,'44',6,6,'49',0,0,'54',0,0,'59',1,1,637),(441,0,0,'10','17','04',0,0,'09',0,0,'14',3,3,'19',5,4,'24',3,2,'29',3,3,'34',0,0,'39',0,0,'44',0,0,'49',0,0,'54',4,3,'59',3,3,637),(442,0,0,'10','18','04',13,12,'09',7,6,'14',3,3,'19',1,1,'24',23,16,'29',18,16,'34',17,6,'39',2,1,'44',0,0,'49',0,0,'54',0,0,'59',3,8,637),(443,0,0,'12','09','04',7,14,'09',0,0,'14',0,0,'19',0,0,'24',1,1,'29',9,7,'34',2,2,'39',1,1,'44',6,5,'49',1,0,'54',7,7,'59',1,0,638),(444,0,0,'12','10','04',1,1,'09',4,1,'14',3,2,'19',0,0,'24',0,0,'29',4,1,'34',5,2,'39',5,4,'44',11,8,'49',0,0,'54',4,3,'59',2,1,638),(445,0,0,'12','11','04',5,4,'09',4,4,'14',1,1,'19',6,8,'24',6,6,'29',4,3,'34',2,2,'39',0,0,'44',4,3,'49',7,7,'54',8,7,'59',8,6,638),(446,0,0,'12','12','04',17,20,'09',16,10,'14',10,12,'19',13,7,'24',2,2,'29',10,8,'34',1,1,'39',2,1,'44',0,0,'49',1,0,'54',1,1,'59',1,1,638),(447,0,0,'12','13','04',0,0,'09',5,3,'14',2,2,'19',1,1,'24',0,0,'29',0,0,'34',0,0,'39',0,0,'44',0,0,'49',0,0,'54',0,0,'59',4,4,638),(448,0,0,'12','14','04',6,2,'09',3,2,'14',1,0,'19',2,3,'24',0,0,'29',4,2,'34',2,0,'39',10,7,'44',11,10,'49',10,5,'54',6,5,'59',4,4,638),(449,0,0,'12','15','04',1,1,'09',3,1,'14',2,3,'19',2,2,'24',0,0,'29',0,0,'34',0,0,'39',1,1,'44',1,1,'49',7,5,'54',0,0,'59',0,0,638),(450,0,0,'12','16','04',0,0,'09',0,0,'14',0,0,'19',0,0,'24',3,0,'29',0,0,'34',0,0,'39',0,0,'44',0,0,'49',0,0,'54',0,0,'59',0,0,638),(451,0,0,'12','17','04',0,0,'09',0,0,'14',0,0,'19',0,0,'24',0,0,'25',0,0,NULL,0,0,NULL,0,0,NULL,0,0,NULL,0,0,NULL,0,0,NULL,0,0,638),(452,0,0,'17','17','26',12,12,'31',3,2,'36',21,16,'41',31,3,'46',19,3,'51',24,28,'56',15,34,NULL,0,0,NULL,0,0,NULL,0,0,NULL,0,0,NULL,0,0,639),(453,0,0,'17','18','01',19,32,'06',15,27,'11',17,21,'16',17,29,'21',21,33,'26',20,34,'31',14,29,'36',33,30,'41',9,9,'46',10,2,'51',11,7,'56',38,18,639),(454,0,0,'17','19','01',12,12,'06',7,5,'11',5,5,'16',3,3,'21',9,9,'26',15,13,'31',5,5,'36',19,29,'41',5,2,'46',5,2,'51',8,3,'56',7,6,639),(455,0,0,'17','20','01',18,18,'06',6,5,'11',8,5,'16',9,2,'21',3,2,'26',9,8,'31',11,7,'36',7,2,'41',12,4,'46',10,8,'51',5,3,'56',0,0,639),(456,0,0,'17','21','01',6,6,'06',15,17,'11',5,1,'16',7,12,'21',0,0,'26',0,0,'31',2,0,'36',0,0,'41',0,0,'46',0,0,'51',0,0,'56',0,0,639),(457,0,0,'17','22','01',8,6,'06',36,49,'11',9,13,'16',0,0,'21',5,4,'26',2,2,'31',1,0,'36',10,5,'41',26,20,'46',5,2,'51',1,1,'56',4,3,639),(458,0,0,'17','23','01',3,3,'06',13,23,'11',7,6,'16',1,0,'21',5,5,'26',0,0,'31',0,0,'36',3,1,'41',2,1,'46',5,1,'51',4,1,'56',1,0,639),(459,0,0,'18','00','01',1,1,'06',0,0,'11',0,0,'16',0,0,'21',0,0,'26',0,0,'31',0,0,'36',0,0,'41',0,0,'46',0,0,'51',0,0,'56',0,0,639),(460,0,0,'18','01','1',0,0,'06',0,0,'11',0,0,'16',0,0,'21',0,0,'26',0,0,'31',0,0,'36',0,0,'41',0,0,'46',0,0,'51',0,0,'56',0,0,639),(461,0,0,'18','02','01',0,0,'06',0,0,'11',0,0,'16',0,0,'21',0,0,'26',0,0,'31',0,0,'36',0,0,'41',0,0,'46',0,0,'51',0,0,'56',0,0,639),(462,0,0,'18','03','01',0,0,'06',0,0,'11',0,0,'16',0,0,'21',5,1,'26',3,1,'31',0,0,'36',0,0,'41',4,5,'46',0,0,'51',3,1,'56',3,2,639),(463,0,0,'18','04','01',0,0,'06',4,3,'11',5,3,'16',3,1,'21',12,12,'26',17,27,'31',24,47,'36',6,7,'41',0,0,'46',0,0,'51',0,0,'56',0,0,639),(464,0,0,'18','05','01',0,0,'06',0,0,'11',0,0,'16',0,0,'21',22,26,'26',28,32,'31',30,51,'36',32,35,'41',19,18,'46',29,49,'51',39,45,'56',27,26,639),(465,0,0,'18','06','01',15,17,'06',6,8,'11',9,13,'16',22,17,'21',10,9,'26',30,30,'31',7,9,'36',3,3,'41',27,21,'46',5,4,'51',3,2,'56',16,11,639),(466,0,0,'18','07','01',4,3,'06',10,5,'11',2,5,'16',0,0,'21',2,0,'26',0,0,'31',24,20,'36',20,8,'41',27,19,'46',39,9,'51',21,8,'56',22,19,639),(467,0,0,'18','08','01',20,19,'06',28,30,'11',9,2,'16',18,24,'21',15,10,'26',11,7,'31',15,11,'36',17,8,'41',10,9,'46',26,31,'51',15,15,'53',1,0,639),(468,0,0,'15','07','04',11,6,'09',7,3,'14',30,30,'19',17,18,'24',19,8,'29',19,10,'34',19,19,'39',19,13,'44',12,0,'49',18,10,'54',14,9,'59',27,21,640),(469,0,0,'15','08','04',25,33,'09',13,28,'14',20,26,'19',11,6,'24',5,5,'29',6,5,'34',13,10,'39',10,4,'44',13,10,'49',19,21,'54',25,26,'59',23,28,640),(470,0,0,'15','09','04',31,35,'09',33,43,'14',42,42,'19',23,31,'24',24,27,'29',34,42,'34',23,35,'39',32,40,'44',20,27,'49',17,16,'54',29,22,'59',17,44,640),(471,0,0,'15','10','04',29,13,'09',24,10,'14',15,4,'19',9,13,'24',5,4,'29',5,1,'34',18,14,'39',1,14,'44',18,21,'49',20,13,'54',17,14,'59',11,25,640),(472,0,0,'15','11','04',12,12,'09',13,16,'14',24,17,'19',30,15,'24',20,15,'29',25,7,'34',23,24,'39',14,7,'44',8,8,'49',12,1,'54',7,2,'59',9,5,640),(473,0,0,'15','12','04',7,3,'09',24,14,'14',28,32,'19',27,19,'24',25,29,'29',16,19,'34',4,4,'39',0,0,'44',0,0,'49',0,0,'54',0,0,'59',0,0,640),(474,0,0,'15','13','04',0,0,'09',0,0,'14',3,1,'19',3,1,'24',1,0,'29',0,0,'34',8,6,'39',4,4,'44',6,7,'49',2,1,'54',2,0,'59',3,4,640),(475,0,0,'15','14','04',6,7,'09',8,4,'14',11,5,'19',0,0,'24',7,6,'29',15,10,'34',13,13,'39',14,12,'44',21,27,'49',22,24,'54',31,28,'59',10,12,640),(476,0,0,'15','15','04',21,32,'09',8,6,'14',1,0,'15',8,7,NULL,0,0,NULL,0,0,NULL,0,0,NULL,0,0,NULL,0,0,NULL,0,0,NULL,0,0,NULL,0,0,640),(477,0,0,'10','10','52',13,9,'57',0,0,NULL,0,0,NULL,0,0,NULL,0,0,NULL,0,0,NULL,0,0,NULL,0,0,NULL,0,0,NULL,0,0,NULL,0,0,NULL,0,0,641),(478,0,0,'10','11','02',13,6,'07',14,9,'12',15,18,'17',14,11,'22',11,4,'27',4,3,'32',7,1,'37',5,3,'42',6,4,'47',5,0,'52',2,1,'57',10,5,641),(479,0,0,'10','12','02',9,6,'07',3,3,'12',7,3,'17',9,8,'22',1,2,'27',7,8,'32',1,1,'37',1,1,'42',10,8,'47',0,0,'52',0,0,'57',1,1,641),(480,0,0,'10','13','02',0,0,'07',0,0,'12',0,0,'17',0,0,'22',0,0,'27',0,0,'32',9,7,'37',34,37,'42',30,34,'47',5,4,'52',31,43,'57',22,32,641),(481,0,0,'10','14','02',13,15,'07',15,30,'12',38,32,'17',31,35,'22',32,39,'27',29,38,'32',28,30,'37',19,39,'42',37,41,'47',26,27,'52',22,31,'57',23,24,641),(482,0,0,'10','15','02',18,20,'07',21,21,'12',33,40,'17',29,34,'22',39,39,'27',18,16,'32',16,15,'37',29,37,'42',19,23,'47',16,12,'52',15,19,'57',36,33,641),(483,0,0,'10','16','02',22,15,'07',10,6,'12',0,0,'17',0,0,'22',0,0,'27',0,0,'32',0,0,'37',5,6,'42',18,17,'47',4,4,'52',3,1,'57',0,0,641),(484,0,0,'10','17','02',6,4,'07',1,2,'12',6,4,'17',9,4,'22',9,4,'27',2,0,'32',5,4,'37',6,3,'42',3,1,'47',0,0,'52',0,0,'57',0,0,641),(485,0,0,'10','18','02',9,2,'07',7,3,'12',8,4,'17',5,5,'22',5,2,'27',4,4,'32',0,0,'37',0,0,'42',0,0,'47',1,0,'52',21,19,'57',18,12,641),(486,0,0,'10','19','02',13,10,'03',1,4,NULL,0,0,NULL,0,0,NULL,0,0,NULL,0,0,NULL,0,0,NULL,0,0,NULL,0,0,NULL,0,0,NULL,0,0,NULL,0,0,641),(487,0,0,'06','10','50',16,19,'55',21,11,'49',0,0,NULL,0,0,NULL,0,0,NULL,0,0,NULL,0,0,NULL,0,0,NULL,0,0,NULL,0,0,NULL,0,0,NULL,0,0,642),(488,0,0,'06','11','00',29,38,'05',11,17,'10',46,42,'15',42,31,'20',21,14,'25',3,3,'30',23,42,'35',48,67,'40',19,24,'45',4,4,'50',14,10,'55',26,21,642),(489,0,0,'06','12','00',26,19,'05',25,43,'10',23,46,'15',22,42,'20',36,47,'25',23,32,'30',21,42,'35',0,0,'40',0,0,'45',0,0,'50',0,0,'55',0,0,642),(490,0,0,'06','13','00',0,0,'05',0,0,'10',0,0,'15',2,4,'20',34,19,'25',13,5,'30',45,8,'35',34,20,'40',40,23,'45',22,29,'50',31,31,'55',31,39,642),(491,0,0,'06','14','00',27,24,'05',35,13,'10',26,31,'15',21,25,'20',29,32,'25',28,25,'30',29,24,'35',36,23,'40',26,8,'45',33,30,'50',34,21,'55',33,23,642),(492,0,0,'06','15','00',34,27,'05',33,28,'10',40,32,'15',30,40,'20',32,22,'25',30,19,'30',25,15,'35',40,31,'40',31,27,'45',34,20,'50',0,0,'55',0,0,642),(493,0,0,'06','16','00',13,8,'05',13,5,'10',28,16,'15',30,17,'20',26,14,'25',13,6,'30',15,5,'35',12,18,'40',29,21,'45',15,34,'50',28,26,'55',22,30,642),(494,0,0,'06','17','00',10,10,'05',14,14,'10',19,5,'15',19,13,'20',33,23,'25',24,32,'30',25,11,'35',18,7,'40',24,18,'45',10,8,'50',12,6,'55',5,4,642),(495,0,0,'06','18','00',15,13,'05',33,30,'10',26,17,'15',24,18,'20',29,32,'25',43,38,'30',33,23,'35',20,18,'40',13,6,'45',2,0,'50',0,0,'55',1,0,642),(496,0,0,'06','19','00',18,8,'05',23,24,'10',28,19,'15',25,23,'20',20,11,NULL,0,0,NULL,0,0,NULL,0,0,NULL,0,0,NULL,0,0,NULL,0,0,NULL,0,0,642),(497,0,0,'16','17','14',13,30,'19',12,7,'24',2,1,'29',0,0,'34',3,1,'39',8,7,'44',10,13,'49',31,36,'54',23,49,'59',28,57,NULL,0,0,NULL,0,0,643),(498,0,0,'16','18','04',15,15,'09',9,9,'14',10,12,'19',21,26,'24',25,31,'29',36,47,'34',22,37,'39',19,33,'44',38,60,'49',35,49,'54',21,33,'59',6,28,643),(499,0,0,'16','19','04',11,23,'09',30,43,'14',25,40,'19',25,28,'24',28,42,'29',28,29,'34',6,2,'39',5,5,'44',1,1,'49',15,14,'54',22,28,'59',18,14,643),(500,0,0,'16','20','04',20,11,'09',13,17,'14',25,28,'19',29,24,'24',27,30,'29',34,33,'34',24,21,'39',12,8,'44',9,9,'49',1,0,'54',5,1,'59',4,1,643),(501,0,0,'16','21','04',7,13,'09',26,47,'14',18,24,'19',11,11,'24',0,0,'29',21,15,'34',4,3,'39',1,2,'44',7,10,'49',15,10,'54',8,14,'59',10,5,643),(502,0,0,'16','22','04',13,12,'09',6,5,'14',25,17,'19',5,2,'24',12,9,'29',7,2,'34',12,7,'39',4,6,'44',1,1,'49',0,0,'54',8,4,'59',2,0,643),(503,0,0,'16','23','04',1,0,'09',1,2,'14',32,23,'19',17,30,'24',14,46,'29',19,40,'34',21,31,'39',25,28,'44',19,36,'49',25,47,'54',7,9,'59',20,19,643),(504,0,0,'17','00','04',13,13,'09',17,10,'14',4,5,'19',0,0,'24',0,0,'29',0,0,'34',0,0,'39',0,0,'44',0,0,'49',0,0,'54',0,0,'59',0,0,643),(505,0,0,'17','01','04',0,0,'09',0,0,'14',0,0,'19',0,0,'24',0,0,'29',0,0,'34',0,0,'39',0,0,'44',0,0,'49',0,0,'54',5,3,'59',13,5,643),(506,0,0,'17','02','04',7,7,'09',5,3,'14',18,11,'19',6,2,'24',5,4,'29',0,0,'34',0,0,'39',5,2,'44',8,5,'49',2,2,'54',4,2,'59',1,1,643),(507,0,0,'17','03','04',15,17,'09',22,28,'14',25,26,'19',21,38,'24',21,36,'29',24,37,'34',6,5,'39',0,0,'44',2,0,'49',5,4,'54',6,7,'59',0,0,643),(508,0,0,'17','04','4',3,1,'09',1,1,'14',23,16,'19',23,13,'24',24,22,'29',21,16,'34',31,36,'39',22,38,'44',37,38,'49',21,52,'54',22,42,'59',15,21,643),(509,0,0,'17','05','04',15,13,'09',25,20,'14',17,33,'19',18,27,'24',17,29,'29',16,41,'34',22,42,'39',29,38,'44',20,37,'49',30,33,'54',23,32,'59',26,38,643),(510,0,0,'17','06','04',27,37,'09',27,36,'14',43,48,'19',30,24,'24',31,22,'29',26,18,'34',13,20,'39',10,7,'44',14,10,'49',1,1,'54',7,7,'59',22,44,643),(511,0,0,'17','07','04',8,7,'09',13,7,'14',16,7,'19',25,28,'24',27,43,'29',15,26,'34',26,25,'39',24,18,'44',30,21,'49',23,24,'54',28,25,'59',22,28,643),(512,0,0,'17','08','04',15,37,'09',21,36,'14',29,39,'19',19,17,'24',21,32,'29',17,15,'34',19,35,'39',20,12,'44',21,11,'49',15,8,'54',0,0,'59',9,7,643),(513,0,0,'17','09','04',11,4,'09',5,8,'14',13,13,'18',10,10,NULL,0,0,NULL,0,0,NULL,0,0,NULL,0,0,NULL,0,0,NULL,0,0,NULL,0,0,NULL,0,0,643),(514,0,0,'19','09','10',36,28,'15',25,41,'20',23,24,'25',16,22,'30',38,49,'35',38,44,'40',28,50,'45',37,56,'50',20,34,'55',31,39,NULL,0,0,NULL,0,0,644),(515,0,0,'19','10','00',27,45,'05',27,39,'10',34,43,'15',28,33,'20',19,19,'25',21,32,'30',24,30,'35',21,23,'40',17,19,'45',17,34,'50',24,30,'55',20,32,644),(516,0,0,'19','11','00',16,44,'05',32,43,'10',20,24,'15',24,27,'20',14,15,'25',16,22,'30',7,8,'35',17,42,'40',26,18,'45',13,21,'50',23,27,'55',14,24,644),(517,0,0,'19','12','00',19,25,'05',6,3,'10',20,15,'15',21,28,'20',20,23,'25',20,14,'30',8,12,'35',3,4,'40',20,16,'45',3,3,'50',0,0,'55',0,0,644),(518,0,0,'19','13','00',0,0,'05',0,0,'10',0,0,'15',0,0,'20',13,15,'25',10,8,'30',24,29,'35',10,12,'40',14,19,'45',9,8,'50',5,5,'55',20,38,644),(519,0,0,'19','14','00',13,17,'05',7,9,'10',29,46,'15',14,18,'20',7,5,'25',2,2,'30',7,7,'35',21,15,'40',28,22,'45',28,32,'50',30,26,'55',17,14,644),(520,0,0,'19','15','00',26,24,'05',15,31,'10',29,45,'15',8,14,'20',13,19,'25',24,22,'30',17,17,'33',1,0,NULL,0,0,NULL,0,0,NULL,0,0,NULL,0,0,644),(521,0,0,'06','08','56',16,22,NULL,0,0,NULL,0,0,NULL,0,0,NULL,0,0,NULL,0,0,NULL,0,0,NULL,0,0,NULL,0,0,NULL,0,0,NULL,0,0,NULL,0,0,645),(522,0,0,'06','09','01',4,0,'06',1,0,'11',2,0,'16',7,7,'21',13,8,'26',11,8,'31',15,1,'36',23,10,'41',15,9,'46',21,18,'51',18,21,'56',15,8,645),(523,0,0,'06','10','01',27,14,'06',21,22,'11',19,11,'16',31,11,'21',7,1,'26',10,11,'31',40,17,'36',21,7,'41',8,2,'46',21,13,'51',15,2,'56',11,8,645),(524,0,0,'06','11','01',20,26,'06',27,11,'11',8,6,'16',1,2,'21',0,0,'26',17,12,'31',28,12,'36',8,9,'41',0,0,'46',0,0,'51',8,9,'56',32,18,645),(525,0,0,'06','12','01',18,30,'06',35,35,'11',29,31,'16',24,28,'21',25,7,'26',17,32,'31',28,13,'36',30,13,'41',11,7,'46',5,2,'51',0,0,'56',1,0,645),(526,0,0,'06','13','01',9,10,'06',10,2,'11',9,5,'16',8,0,'21',7,1,'26',35,11,'31',0,0,'36',0,0,'41',0,0,'46',0,0,'51',1,0,'56',0,0,645),(527,0,0,'06','14','01',0,0,'06',0,0,'11',0,0,'16',4,3,'21',9,9,'26',4,8,'31',5,31,'36',4,11,'41',5,19,'46',31,41,'51',22,33,'56',10,20,645),(528,0,0,'06','15','01',30,48,'06',25,11,'11',34,17,'16',7,4,'21',12,11,'26',20,17,'31',13,9,'36',18,8,'41',14,9,'46',0,0,'51',20,12,'56',8,4,645),(529,0,0,'06','16','01',20,8,'06',22,17,'11',0,0,'16',0,0,'21',0,0,'26',0,0,'31',5,4,'36',2,1,'41',0,0,'46',0,0,'51',0,0,'56',0,0,645),(530,0,0,'06','17','01',0,0,'06',0,0,'11',0,0,'16',0,0,'21',0,0,'26',2,1,'29',9,6,NULL,0,0,NULL,0,0,NULL,0,0,NULL,0,0,NULL,0,0,645),(531,0,0,'14','07','01',19,17,'06',10,20,'11',12,10,'16',24,27,'21',23,23,'26',21,17,'31',18,20,'36',16,15,'41',18,12,'46',17,18,'51',17,17,'56',18,22,646),(532,0,0,'14','08','01',20,27,'06',23,29,'11',22,15,'16',9,11,'21',11,11,'26',9,11,'31',12,18,'36',13,11,'41',16,22,'46',8,8,'51',6,6,'56',14,11,646),(533,0,0,'14','09','01',19,33,'06',8,3,'11',4,1,'16',1,0,'21',5,2,'26',1,2,'31',21,13,'36',10,12,'41',14,22,'46',27,27,'51',15,23,'56',29,43,646),(534,0,0,'14','10','01',30,32,'06',28,32,'11',32,31,'16',29,31,'21',33,22,'26',34,41,'31',25,25,'36',20,16,'41',25,26,'46',30,38,'51',23,30,'56',33,32,646),(535,0,0,'14','11','01',29,66,'06',27,64,'11',29,31,'16',17,35,'21',12,21,'26',16,14,'31',10,9,'36',21,18,'41',26,24,'46',12,24,'51',6,9,'56',5,3,646),(536,0,0,'14','12','01',2,1,'06',8,7,'11',9,9,'16',20,26,'21',17,15,'26',26,25,'31',14,36,'36',10,14,'41',0,0,'46',0,0,'51',0,0,'56',0,0,646),(537,0,0,'14','13','01',0,0,'06',0,0,'11',0,0,'16',0,0,'21',0,0,'26',14,17,'31',23,23,'36',16,34,'41',21,16,'46',11,13,'51',5,6,'56',3,4,646),(538,0,0,'14','14','01',4,3,'06',12,13,'11',3,1,'16',8,3,'21',23,34,'26',9,8,'31',15,24,'36',27,44,'41',19,25,'46',23,37,'51',16,38,'56',23,35,646),(539,0,0,'14','15','01',15,24,'06',10,8,'11',9,10,'16',12,13,'19',5,2,NULL,0,0,NULL,0,0,NULL,0,0,NULL,0,0,NULL,0,0,NULL,0,0,NULL,0,0,646),(540,0,0,'10','17','36',18,20,'41',20,16,'46',15,9,'51',15,16,'56',5,13,NULL,0,0,NULL,0,0,NULL,0,0,NULL,0,0,NULL,0,0,NULL,0,0,NULL,0,0,647),(541,0,0,'10','18','01',14,11,'06',16,27,'11',3,4,'16',18,16,'21',26,28,'26',22,18,'31',18,28,'36',21,32,'41',22,35,'46',14,37,'51',19,49,'56',27,35,647),(542,0,0,'10','19','01',18,16,'06',18,31,'11',15,37,'16',14,11,'21',0,0,'26',17,11,'31',17,14,'36',17,38,'41',11,24,'46',10,8,'51',20,21,'56',13,6,647),(543,0,0,'10','20','01',16,14,'06',10,21,'11',11,24,'16',11,19,'21',16,19,'26',12,16,'31',12,8,'36',2,3,'41',0,0,'46',7,5,'51',19,10,'56',6,2,647),(544,0,0,'10','21','01',2,0,'06',5,3,'11',4,2,'16',18,44,'21',24,28,'26',28,55,'31',11,17,'36',1,1,'41',0,0,'46',0,0,'51',2,5,'56',19,9,647),(545,0,0,'10','22','01',15,5,'06',3,5,'11',8,4,'16',18,30,'21',9,10,'26',18,17,'31',1,2,'36',0,0,'41',0,0,'46',12,9,'51',10,6,'56',6,3,647),(546,0,0,'10','23','01',6,7,'06',4,4,'11',17,33,'16',19,40,'21',23,29,'26',13,10,'31',11,5,'36',5,2,'41',1,0,'46',1,1,'51',11,9,'56',3,1,647),(547,0,0,'11','00','01',1,1,'06',0,0,'11',0,0,'16',0,0,'21',0,0,'26',0,0,'31',0,0,'36',0,0,'41',0,0,'46',0,0,'51',0,0,'56',0,0,647),(548,0,0,'11','01','1',0,0,'06',0,0,'11',0,0,'16',0,0,'21',0,0,'26',0,0,'31',0,0,'36',0,0,'41',0,0,'46',0,0,'51',0,0,'56',0,0,647),(549,0,0,'11','02','01',11,8,'06',8,12,'11',10,7,'16',4,3,'21',15,14,'26',18,15,'31',33,24,'36',16,15,'41',15,12,'46',25,24,'51',10,11,'56',3,2,647),(550,0,0,'11','03','01',4,2,'06',4,4,'11',4,4,'16',0,0,'21',4,4,'26',1,3,'31',0,0,'36',15,17,'41',4,2,'46',1,1,'51',5,1,'56',7,9,647),(551,0,0,'11','04','01',9,7,'06',2,2,'11',16,14,'16',11,40,'21',23,30,'26',13,18,'31',20,24,'36',19,41,'41',13,32,'46',14,24,'51',12,11,'56',25,48,647),(552,0,0,'11','05','01',21,19,'06',28,36,'11',29,40,'16',23,24,'21',26,27,'26',19,16,'31',23,24,'36',25,28,'41',28,35,'46',22,50,'51',30,25,'56',17,28,647),(553,0,0,'11','06','01',36,42,'06',23,25,'11',25,30,'16',38,37,'21',37,39,'26',33,43,'31',32,44,'36',32,44,'41',34,26,'46',21,23,'51',23,18,'56',4,3,647),(554,0,0,'11','07','01',17,12,'06',0,0,'11',1,0,'16',0,0,'21',8,4,'26',9,10,'31',10,6,'36',26,19,'41',26,18,'46',18,22,'51',0,0,'56',14,11,647),(555,0,0,'11','08','01',21,28,'06',9,11,'11',18,5,'16',19,11,'21',18,28,'26',31,42,'31',26,37,'36',11,14,'41',1,0,'46',13,12,'51',4,6,'56',7,6,647),(556,0,0,'11','09','01',9,9,'06',2,2,'11',1,0,'16',3,2,'21',1,1,'26',11,2,'28',7,3,NULL,0,0,NULL,0,0,NULL,0,0,NULL,0,0,NULL,0,0,647),(557,0,0,'14','10','44',15,14,'49',6,4,'54',22,17,'59',20,41,NULL,0,0,NULL,0,0,NULL,0,0,NULL,0,0,NULL,0,0,NULL,0,0,NULL,0,0,NULL,0,0,648),(558,0,0,'14','11','04',15,45,'09',24,23,'14',28,40,'19',22,26,'24',37,37,'29',25,20,'34',20,13,'39',23,18,'44',23,19,'49',19,13,'54',21,21,'59',6,4,648),(559,0,0,'14','12','04',17,17,'09',21,25,'14',22,18,'19',23,16,'24',24,28,'29',24,38,'34',22,21,'39',27,26,'44',22,40,'49',22,12,'54',13,11,'59',17,23,648),(560,0,0,'14','13','04',8,7,'09',19,25,'14',23,16,'19',3,2,'24',11,7,'29',6,4,'34',0,0,'39',0,0,'44',0,0,'49',0,0,'54',0,0,'59',0,0,648),(561,0,0,'14','14','05',4,4,'10',4,2,'16',1,1,'23',1,0,NULL,0,0,NULL,0,0,NULL,0,0,NULL,0,0,NULL,0,0,NULL,0,0,NULL,0,0,NULL,0,0,648),(562,0,0,'14','19','35',0,0,NULL,0,0,NULL,0,0,NULL,0,0,NULL,0,0,NULL,0,0,NULL,0,0,NULL,0,0,NULL,0,0,NULL,0,0,NULL,0,0,NULL,0,0,648),(563,0,0,'17','09','26',12,18,'31',10,12,'36',10,11,'41',24,38,'46',17,23,'51',33,49,'56',29,18,NULL,0,0,NULL,0,0,NULL,0,0,NULL,0,0,NULL,0,0,649),(564,0,0,'17','10','01',22,25,'06',26,35,'11',27,24,'16',13,10,'21',25,16,'26',27,24,'31',25,25,'36',20,38,'41',31,26,'46',25,44,'51',25,29,'56',25,27,649),(565,0,0,'17','11','01',28,26,'06',23,22,'11',36,39,'16',35,44,'21',24,32,'26',15,20,'31',21,17,'36',19,22,'41',5,5,'46',14,18,'51',4,6,'56',3,4,649),(566,0,0,'17','12','01',1,1,'06',30,35,'11',22,27,'16',19,24,'21',8,4,'26',30,45,'31',19,22,'36',1,3,'41',0,0,'46',0,0,'51',0,0,'56',1,0,649),(567,0,0,'17','13','01',0,0,'06',0,0,'11',0,0,'16',15,19,'21',22,28,'26',24,31,'31',18,22,'36',14,19,'41',7,4,'46',18,23,'51',20,23,'56',17,21,649),(568,0,0,'17','14','01',23,24,'06',19,20,'11',20,26,'16',29,23,'21',12,18,'26',19,19,'31',12,9,'36',11,12,'41',12,10,'46',21,20,'51',16,12,'56',25,21,649),(569,0,0,'17','15','01',18,18,'06',13,18,'11',5,4,'16',3,2,'21',1,0,'26',0,0,'31',6,5,'34',9,11,NULL,0,0,NULL,0,0,NULL,0,0,NULL,0,0,649),(570,0,0,'18','10','45',16,27,'50',10,10,'55',35,49,NULL,0,0,NULL,0,0,NULL,0,0,NULL,0,0,NULL,0,0,NULL,0,0,NULL,0,0,NULL,0,0,NULL,0,0,650),(571,0,0,'18','11','00',24,23,'05',10,3,'10',26,28,'15',20,21,'20',9,11,'25',2,1,'30',14,16,'35',17,14,'40',9,5,'45',15,7,'50',26,29,'55',13,12,650),(572,0,0,'18','12','00',29,37,'05',29,36,'10',25,23,'15',28,27,'20',24,33,'25',20,27,'30',17,13,'35',12,12,'40',6,6,'45',5,2,'50',0,0,'55',0,0,650),(573,0,0,'18','13','00',0,0,'05',0,0,'10',0,0,'15',5,3,'20',31,29,'25',29,44,'30',37,37,'35',32,39,'40',27,23,'45',27,37,'50',33,34,'55',25,44,650),(574,0,0,'18','14','00',26,27,'05',22,22,'10',29,37,'15',37,30,'20',33,39,'25',31,38,'30',33,34,'35',30,33,'40',14,14,'45',32,37,'50',9,7,'55',28,29,650),(575,0,0,'18','15','00',35,38,'05',50,56,'10',26,22,'15',24,44,'20',19,21,'25',33,31,'30',5,3,'35',1,0,'40',0,0,'45',4,6,'50',1,0,'55',27,14,650),(576,0,0,'18','16','00',25,30,'05',5,8,'10',13,12,'15',25,15,'20',7,4,'25',7,7,'30',6,9,'35',20,20,'40',8,9,'45',6,4,'50',17,25,'55',35,41,650),(577,0,0,'18','17','00',18,26,'05',16,20,'10',10,9,'15',30,30,'20',10,11,'25',25,25,'30',6,7,'35',19,23,'40',10,8,'45',7,8,'50',11,12,'55',27,34,650),(578,0,0,'18','18','00',31,30,'05',29,40,'10',37,50,'15',40,40,'20',30,32,'25',18,22,'30',16,32,'35',17,39,'40',29,47,'45',15,48,'50',21,41,'55',24,19,650),(579,0,0,'18','19','00',20,15,'05',13,12,'10',6,8,'15',12,12,'16',0,0,NULL,0,0,NULL,0,0,NULL,0,0,NULL,0,0,NULL,0,0,NULL,0,0,NULL,0,0,650),(580,0,0,'06','10','38',10,17,'43',1,1,'48',20,64,'53',32,47,'58',14,30,NULL,0,0,NULL,0,0,NULL,0,0,NULL,0,0,NULL,0,0,NULL,0,0,NULL,0,0,651),(581,0,0,'06','11','03',23,43,'08',28,23,'13',22,21,'18',15,21,'23',32,30,'28',5,3,'33',20,24,'38',25,46,'43',26,39,'48',32,46,'53',31,44,'58',32,37,651),(582,0,0,'06','12','03',31,41,'08',25,46,'13',17,32,'18',20,23,'23',23,33,'28',15,18,'33',20,21,'38',26,31,'43',13,19,'48',15,20,'53',11,7,'58',27,33,651),(583,0,0,'06','13','03',18,24,'08',10,11,'13',3,4,'18',13,20,'23',1,0,'28',0,0,'33',0,0,'38',0,0,'43',0,0,'48',0,0,'53',0,0,'58',0,0,651),(584,0,0,'06','14','03',0,0,'08',10,15,'13',11,11,'18',6,6,'23',37,41,'28',35,27,'33',20,37,'38',15,63,'43',15,21,'48',20,69,'53',9,14,'58',23,47,651),(585,0,0,'06','15','03',21,33,'08',23,64,'13',6,9,'18',12,9,'23',18,25,'28',12,25,'33',18,51,'38',10,12,'43',17,13,'48',19,22,'53',14,13,'58',3,4,651),(586,0,0,'06','16','03',14,19,'08',13,18,'13',9,15,'18',8,8,'23',17,21,'28',13,23,'33',13,13,'38',19,45,'43',23,49,'48',15,16,'53',9,6,'58',16,27,651),(587,0,0,'06','17','03',34,43,'08',25,25,'13',28,28,'18',16,16,'23',16,14,'28',18,11,'33',20,24,'38',24,26,'43',33,32,'48',22,38,'53',21,26,'58',32,46,651),(588,0,0,'06','18','03',18,27,'08',19,30,'13',12,54,'18',16,48,'23',13,25,'28',17,27,'33',27,25,'38',24,39,'43',10,37,'48',16,34,'53',12,43,'58',8,9,651),(589,0,0,'16','08','56',14,20,NULL,0,0,NULL,0,0,NULL,0,0,NULL,0,0,NULL,0,0,NULL,0,0,NULL,0,0,NULL,0,0,NULL,0,0,NULL,0,0,NULL,0,0,652),(590,0,0,'16','09','01',7,5,'06',0,0,'11',0,0,'16',0,0,'21',2,0,'26',16,9,'31',15,6,'36',0,0,'41',0,0,'46',13,13,'51',24,20,'56',24,17,652),(591,0,0,'16','10','01',14,4,'06',18,16,'11',21,12,'16',18,16,'21',18,11,'26',19,15,'31',19,21,'36',13,9,'41',4,2,'46',3,2,'51',2,0,'56',17,14,652),(592,0,0,'16','11','01',18,17,'06',7,6,'11',12,6,'16',20,11,'21',20,12,'26',22,20,'31',14,18,'36',14,11,'41',16,18,'46',31,24,'51',14,37,'56',28,22,652),(593,0,0,'16','12','01',19,12,'06',21,36,'11',33,35,'16',21,23,'21',30,33,'26',11,16,'31',18,49,'36',3,4,'41',7,5,'46',24,23,'51',11,4,'56',18,9,652),(594,0,0,'16','13','01',14,17,'06',12,15,'11',13,9,'16',17,12,'21',6,5,'26',8,8,'31',10,9,'36',11,7,'41',0,0,'46',0,0,'51',0,0,'56',0,0,652),(595,0,0,'16','14','01',1,0,'06',0,0,'11',16,10,'16',11,10,'21',19,12,'26',8,7,'31',6,1,'36',14,14,'41',20,16,'46',13,12,'51',2,5,'56',15,27,652),(596,0,0,'16','15','01',21,27,'06',19,34,'11',21,17,'16',21,12,'21',30,34,'26',15,20,'31',17,10,'36',14,17,'41',19,19,'46',20,11,'51',12,13,'56',5,12,652),(597,0,0,'16','16','01',21,18,'06',9,13,'11',6,4,'16',8,9,'21',0,0,'26',4,6,'31',16,10,'36',13,12,'41',10,13,'46',18,31,'51',22,22,'56',9,11,652),(598,0,0,'16','17','01',13,26,'06',25,15,'11',10,8,'16',15,8,'21',6,8,'26',0,0,'31',5,2,'36',10,5,'41',0,0,'43',6,2,NULL,0,0,NULL,0,0,652),(599,0,0,'18','10','47',12,15,'52',9,7,'57',25,39,NULL,0,0,NULL,0,0,NULL,0,0,NULL,0,0,NULL,0,0,NULL,0,0,NULL,0,0,NULL,0,0,NULL,0,0,653),(600,0,0,'18','11','02',14,22,'07',9,10,'12',22,44,'17',20,13,'22',19,16,'27',17,30,'32',22,19,'37',22,21,'42',11,10,'47',23,29,'52',22,14,'57',11,13,653),(601,0,0,'18','12','02',15,54,'07',18,17,'12',26,18,'17',18,16,'22',17,50,'27',24,25,'32',8,6,'37',15,13,'42',13,21,'47',13,21,'52',27,45,'57',16,24,653),(602,0,0,'18','13','02',16,24,'07',22,20,'12',17,17,'17',10,5,'22',10,6,'27',0,0,'32',0,0,'37',0,0,'42',0,0,'47',2,1,'52',4,2,'57',15,8,653),(603,0,0,'18','14','02',10,10,'07',22,26,'12',19,28,'17',13,12,'22',3,2,'27',18,12,'32',20,17,'37',20,13,'42',16,6,'47',23,22,'52',28,32,'57',16,27,653),(604,0,0,'18','15','02',13,15,'07',16,12,'12',18,39,'17',14,16,'22',15,11,'27',12,5,'32',4,4,'37',3,4,'42',0,0,'47',7,7,'52',2,3,'57',8,6,653),(605,0,0,'18','16','02',0,0,'07',0,0,'12',0,0,'17',0,0,'22',10,5,'27',13,12,'32',10,19,'37',4,7,'42',8,16,'47',15,27,'52',14,32,'57',10,45,653),(606,0,0,'18','17','02',23,25,'07',14,15,'12',15,29,'17',19,10,'22',27,29,'27',19,28,'32',20,17,'37',25,19,'42',20,40,'47',31,20,'52',30,29,'57',23,35,653),(607,0,0,'18','18','02',26,46,'07',25,34,'12',25,16,'17',30,20,'22',34,16,'27',23,36,'32',20,41,'37',21,32,'42',26,47,'47',23,42,'52',31,37,'57',24,29,653),(608,0,0,'18','19','02',25,33,'07',20,34,'12',15,37,'17',23,33,'22',14,14,'23',2,4,NULL,0,0,NULL,0,0,NULL,0,0,NULL,0,0,NULL,0,0,NULL,0,0,653),(609,0,0,'13','16','47',7,13,'52',19,24,'57',14,13,NULL,0,0,NULL,0,0,NULL,0,0,NULL,0,0,NULL,0,0,NULL,0,0,NULL,0,0,NULL,0,0,NULL,0,0,654),(610,0,0,'13','17','02',11,12,'07',4,1,'12',12,11,'17',14,11,'22',22,24,'27',7,9,'32',16,15,'37',4,3,'42',0,0,'47',0,0,'52',0,0,'57',8,5,654),(611,0,0,'13','18','02',21,17,'07',14,12,'12',16,15,'17',25,26,'22',25,17,'27',27,25,'32',23,33,'37',18,19,'42',13,23,'47',17,17,'52',18,39,'57',19,23,654),(612,0,0,'13','19','02',23,24,'07',11,29,'12',17,17,'13',2,3,NULL,0,0,NULL,0,0,NULL,0,0,NULL,0,0,NULL,0,0,NULL,0,0,NULL,0,0,NULL,0,0,654),(613,0,0,'18','17','11',21,24,'16',6,8,'21',5,0,'26',13,11,'31',26,22,'36',30,31,'41',31,31,'46',30,30,'51',32,32,'56',26,23,NULL,0,0,NULL,0,0,655),(614,0,0,'18','18','01',22,24,'06',17,28,'11',31,52,'16',28,26,'21',34,28,'26',24,44,'31',44,50,'36',30,36,'41',28,31,'46',26,28,'51',28,40,'56',28,44,655),(615,0,0,'18','19','01',31,31,'06',26,38,'11',18,31,'16',10,7,'21',15,30,'26',17,18,'31',11,11,'36',9,16,'41',17,18,'46',0,0,'51',10,7,'56',3,2,655),(616,0,0,'18','20','01',25,26,'06',2,1,'11',4,4,'16',22,30,'21',21,23,'26',11,10,'31',18,16,'36',4,5,'41',11,15,'46',16,16,'51',21,32,'56',23,39,655),(617,0,0,'18','21','01',20,34,'06',27,39,'11',19,32,'16',15,15,'21',10,7,'26',24,24,'31',3,1,'36',5,5,'41',9,9,'46',0,0,'51',3,3,'56',9,13,655),(618,0,0,'18','22','01',26,24,'06',24,42,'11',8,7,'16',0,0,'21',0,0,'26',0,0,'31',0,0,'36',0,0,'41',1,0,'46',0,0,'51',8,4,'56',0,0,655),(619,0,0,'18','23','01',6,5,'06',15,17,'11',23,49,'16',27,38,'21',21,39,'26',22,32,'31',25,36,'36',17,20,'41',17,24,'46',16,14,'51',1,0,'56',9,9,655),(620,0,0,'19','00','01',1,3,'06',0,0,'11',0,0,'16',0,0,'21',0,0,'26',0,0,'31',0,0,'36',0,0,'41',0,0,'46',0,0,'51',0,0,'56',0,0,655),(621,0,0,'19','01','1',0,0,'06',0,0,'11',0,0,'16',0,0,'21',0,0,'26',0,0,'31',0,0,'36',0,0,'41',0,0,'46',0,0,'51',0,0,'56',0,0,655),(622,0,0,'19','02','01',1,0,'06',2,0,'11',0,0,'16',0,0,'21',0,0,'26',0,0,'31',0,0,'36',0,0,'41',0,0,'46',0,0,'51',0,0,'56',0,0,655),(623,0,0,'19','03','01',0,0,'06',0,0,'11',0,0,'16',0,0,'21',0,0,'26',0,0,'31',0,0,'36',0,0,'41',1,1,'46',0,0,'51',0,0,'56',0,0,655),(624,0,0,'19','04','01',0,0,'06',0,0,'11',0,0,'16',0,0,'21',0,0,'26',0,0,'31',0,0,'36',0,0,'41',0,0,'46',0,0,'51',0,0,'56',0,0,655),(625,0,0,'19','05','01',0,0,'06',0,0,'11',0,0,'16',0,0,'21',0,0,'26',0,0,'31',0,0,'36',0,0,'41',0,0,'46',0,0,'51',0,0,'56',0,0,655),(626,0,0,'19','06','01',0,0,'06',0,0,'11',0,0,'16',0,0,'21',0,0,'26',0,0,'31',0,0,'36',0,0,'41',0,0,'46',0,0,'51',0,0,'56',0,0,655),(627,0,0,'19','07','01',0,0,'06',0,0,'11',0,0,'16',0,0,'21',0,0,'26',0,0,'31',0,0,'36',0,0,'41',0,0,'46',0,0,'51',0,0,'56',0,0,655),(628,0,0,'19','08','01',0,0,'06',0,0,'11',0,0,'16',0,0,'21',0,0,'26',2,0,'31',0,0,'36',0,0,'41',0,0,'46',0,0,'51',0,0,'56',0,0,655),(629,0,0,'19','09','01',0,0,'06',0,0,'11',0,0,'16',0,0,'21',5,4,NULL,0,0,NULL,0,0,NULL,0,0,NULL,0,0,NULL,0,0,NULL,0,0,NULL,0,0,655),(630,0,0,'14','09','19',35,24,'24',19,13,'29',24,19,'34',21,4,'39',31,19,'44',23,19,'49',9,9,'54',24,43,'59',28,22,NULL,0,0,NULL,0,0,NULL,0,0,656),(631,0,0,'14','10','04',19,10,'09',8,16,'14',19,8,'19',20,25,'24',17,14,'29',25,16,'34',24,22,'39',9,8,'44',8,10,'49',15,16,'54',21,17,'59',19,10,656),(632,0,0,'14','11','04',21,15,'09',30,27,'14',35,31,'19',34,17,'24',37,31,'29',25,17,'34',31,17,'39',25,18,'44',36,28,'49',15,13,'54',0,0,'59',3,3,656),(633,0,0,'14','12','04',12,13,'09',27,21,'14',33,32,'19',20,9,'24',27,35,'29',26,33,'34',30,27,'39',32,36,'44',41,33,'49',27,35,'54',22,20,'59',24,22,656),(634,0,0,'14','13','04',19,11,'09',15,7,'14',16,12,'19',0,0,'24',6,5,'29',0,0,'34',0,0,'39',0,0,'44',0,0,'49',0,0,'54',0,0,'59',0,0,656),(635,0,0,'14','14','04',0,0,'09',7,6,'14',24,21,'19',11,6,'24',7,3,'29',24,15,'34',27,15,'39',30,19,'44',8,7,'49',44,34,'54',25,34,'59',24,24,656),(636,0,0,'14','15','04',43,30,'09',27,26,'14',14,11,'19',41,22,'24',19,7,'29',5,4,'34',10,5,'39',13,7,'44',1,0,'49',15,17,'54',5,6,'59',3,3,656),(637,0,0,'14','16','04',7,4,'09',8,1,'14',0,0,'19',0,0,'24',0,0,'29',0,0,'34',11,9,'39',2,3,'44',0,0,'49',0,0,'54',12,6,'59',0,0,656),(638,0,0,'14','17','04',18,11,'09',3,3,'14',35,18,'19',16,12,'24',0,0,'29',5,5,'34',1,0,'37',11,10,NULL,0,0,NULL,0,0,NULL,0,0,NULL,0,0,656),(639,0,0,'15','17','11',10,10,'16',2,4,'21',0,0,'26',2,2,'31',4,4,'36',5,4,'41',6,4,'46',2,1,'51',0,0,'56',3,3,NULL,0,0,NULL,0,0,657),(640,0,0,'15','18','01',0,0,'06',3,2,'11',18,22,'16',4,3,'21',1,1,'26',11,16,'31',21,18,'36',15,15,'41',9,10,'46',19,12,'51',13,14,'56',24,22,657),(641,0,0,'15','19','01',30,39,'06',21,26,'11',14,20,'16',27,19,'21',12,18,'26',8,6,'31',2,2,'36',13,14,'41',0,0,'46',6,1,'51',32,34,'56',28,35,657),(642,0,0,'15','20','01',11,17,'06',2,2,'11',0,0,'16',10,7,'21',0,0,'26',18,9,'31',6,7,'36',1,0,'41',1,1,'46',11,11,'51',3,0,'56',0,0,657),(643,0,0,'15','21','01',0,0,'06',0,0,'11',0,0,'16',0,0,'21',0,0,'26',0,0,'31',4,3,'36',13,9,'41',6,3,'46',0,0,'51',2,2,'56',0,0,657),(644,0,0,'15','22','01',16,7,'06',19,10,'11',21,34,'16',0,0,'21',4,1,'26',7,2,'31',6,4,'36',2,2,'41',1,0,'46',1,1,'51',2,3,'56',5,1,657),(645,0,0,'15','23','01',6,5,'06',6,4,'11',2,1,'16',0,0,'21',0,0,'26',27,29,'31',24,35,'36',31,30,'41',0,0,'46',23,14,'51',0,0,'56',0,0,657),(646,0,0,'16','00','01',1,1,'06',5,0,'11',20,14,'16',9,10,'21',0,0,'26',0,0,'31',0,0,'36',0,0,'41',0,0,'46',0,0,'51',0,0,'56',0,0,657),(647,0,0,'16','01','1',0,0,'06',0,0,'11',0,0,'16',0,0,'21',0,0,'26',0,0,'31',0,0,'36',0,0,'41',0,0,'46',0,0,'51',0,0,'56',5,6,657),(648,0,0,'16','02','01',17,16,'06',1,0,'11',5,6,'16',0,0,'21',6,1,'26',29,30,'31',3,2,'36',5,2,'41',1,1,'46',4,0,'51',9,8,'56',0,0,657),(649,0,0,'16','03','01',1,1,'06',14,11,'11',21,17,'16',9,2,'21',0,0,'26',10,18,'31',6,5,'36',3,1,'41',2,6,'46',7,0,'51',2,1,'56',0,0,657),(650,0,0,'16','04','01',3,2,'06',0,0,'11',3,3,'16',3,1,'21',1,1,'26',8,4,'31',3,3,'36',1,1,'41',19,15,'46',20,39,'51',30,43,'56',24,26,657),(651,0,0,'16','05','01',11,36,'06',31,37,'11',23,49,'16',41,46,'21',32,53,'26',33,37,'31',14,46,'36',21,37,'41',37,37,'46',40,41,'51',28,38,'56',26,39,657),(652,0,0,'16','06','01',27,30,'06',31,36,'11',23,13,'16',25,12,'21',18,15,'26',17,18,'31',20,21,'36',24,42,'41',13,21,'46',1,1,'51',16,12,'56',22,7,657),(653,0,0,'16','07','01',9,10,'06',21,14,'11',19,28,'16',20,27,'21',3,3,'26',3,2,'31',21,10,'36',27,16,'41',8,5,'46',19,12,'51',28,17,'56',25,15,657),(654,0,0,'16','08','58',3,5,NULL,0,0,NULL,0,0,NULL,0,0,NULL,0,0,NULL,0,0,NULL,0,0,NULL,0,0,NULL,0,0,NULL,0,0,NULL,0,0,NULL,0,0,657),(655,0,0,'13','17','12',8,14,'17',0,0,'22',0,0,'27',4,4,'32',16,18,'37',3,2,'42',0,0,'47',0,0,'52',14,18,'57',32,42,NULL,0,0,NULL,0,0,658),(656,0,0,'13','18','02',12,11,'07',22,22,'12',31,42,'17',11,34,'22',16,22,'27',19,25,'32',8,21,'37',13,27,'42',23,42,'47',17,30,'52',10,20,'57',19,21,658),(657,0,0,'13','19','02',6,4,'07',2,0,'12',14,11,'17',0,0,'22',3,2,'27',21,19,'32',8,8,'37',0,0,'42',0,0,'47',0,0,'52',0,0,'57',0,0,658),(658,0,0,'13','20','02',0,0,'07',0,0,'12',0,0,'17',0,0,'22',0,0,'27',0,0,'32',0,0,'37',0,0,'42',0,0,'47',0,0,'52',0,0,'57',0,0,658),(659,0,0,'13','21','02',0,0,'07',0,0,'12',0,0,'17',0,0,'22',0,0,'27',0,0,'32',0,0,'37',0,0,'42',0,0,'47',0,0,'52',0,0,'57',0,0,658),(660,0,0,'13','22','02',0,0,'07',0,0,'12',0,0,'17',0,0,'22',0,0,'27',0,0,'32',0,0,'37',0,0,'42',0,0,'47',0,0,'52',0,0,'57',0,0,658),(661,0,0,'13','23','02',0,0,'07',18,13,'12',12,8,'17',15,8,'22',3,3,'27',1,1,'32',4,4,'37',3,3,'42',0,0,'47',0,0,'52',0,0,'57',0,0,658),(662,0,0,'14','00','02',2,2,'07',0,0,'12',0,0,'17',0,0,'22',0,0,'27',0,0,'32',0,0,'37',0,0,'42',0,0,'47',0,0,'52',0,0,'57',0,0,658),(663,0,0,'14','01','02',0,0,'07',0,0,'12',0,0,'17',0,0,'22',0,0,'27',0,0,'32',0,0,'37',0,0,'42',0,0,'47',0,0,'52',0,0,'57',0,0,658),(664,0,0,'14','02','2',0,0,'07',0,0,'12',0,0,'17',0,0,'22',0,0,'27',0,0,'32',0,0,'37',0,0,'42',0,0,'47',0,0,'52',0,0,'57',0,0,658),(665,0,0,'14','03','02',0,0,'07',0,0,'12',0,0,'17',0,0,'22',0,0,'27',0,0,'32',0,0,'37',0,0,'42',0,0,'47',0,0,'52',0,0,'57',0,0,658),(666,0,0,'14','04','02',0,0,'07',0,0,'12',0,0,'17',0,0,'22',1,1,'27',16,15,'32',12,29,'37',13,25,'42',16,33,'47',8,23,'52',12,21,'57',23,36,658),(667,0,0,'14','05','02',6,7,'07',0,0,'12',24,22,'17',25,30,'22',11,39,'27',28,34,'32',18,36,'37',25,32,'42',13,13,'47',10,13,'52',27,22,'57',10,10,658),(668,0,0,'14','06','02',27,31,'07',6,7,'12',26,28,'17',24,35,'22',12,11,'27',28,34,'32',10,10,'37',26,21,'42',7,3,'47',3,3,'52',4,7,'57',5,5,658),(669,0,0,'14','07','02',6,9,'07',1,1,'12',4,3,'17',0,0,'22',0,0,'27',5,8,'32',23,24,'37',24,19,'42',28,18,'47',23,15,'52',20,20,'57',22,20,658),(670,0,0,'14','08','02',27,26,'07',31,30,'12',31,31,'17',19,28,'22',16,14,'27',0,0,'32',0,0,'37',0,0,'42',0,0,'47',0,0,'52',0,0,'57',7,5,658),(671,0,0,'14','09','02',5,7,'07',1,1,'12',1,1,'13',3,2,NULL,0,0,NULL,0,0,NULL,0,0,NULL,0,0,NULL,0,0,NULL,0,0,NULL,0,0,NULL,0,0,658),(672,0,0,'19','10','49',6,13,'54',14,7,'59',20,24,NULL,0,0,NULL,0,0,NULL,0,0,NULL,0,0,NULL,0,0,NULL,0,0,NULL,0,0,NULL,0,0,NULL,0,0,659),(673,0,0,'19','11','04',4,13,'09',30,32,'14',25,26,'19',19,16,'24',27,16,'29',32,16,'34',19,20,'39',23,14,'44',20,19,'49',25,21,'54',18,22,'59',13,12,659),(674,0,0,'19','12','04',0,0,'09',13,11,'14',8,6,'19',18,21,'24',13,24,'29',15,34,'34',12,20,'39',20,23,'44',18,29,'49',26,29,'54',31,34,'59',16,10,659),(675,0,0,'19','13','04',3,1,'09',13,11,'14',12,15,'19',2,2,'24',2,2,'29',0,0,'34',0,0,'39',0,0,'44',0,0,'49',0,0,'54',0,0,'59',0,0,659),(676,0,0,'19','14','04',0,0,'09',9,7,'14',8,18,'19',11,10,'24',1,0,'29',17,18,'34',17,7,'39',18,22,'44',30,25,'49',25,23,'54',17,16,'59',30,31,659),(677,0,0,'19','15','04',33,48,'09',23,38,'14',27,45,'19',22,19,'24',18,15,'29',31,40,'34',17,11,'39',13,10,'44',0,0,'49',0,0,'54',2,1,'59',7,12,659),(678,0,0,'19','16','04',3,2,'09',12,5,'14',8,6,'19',0,0,'24',0,0,'29',0,0,'34',0,0,'39',0,0,'44',15,19,'49',26,21,'54',30,34,'59',28,27,659),(679,0,0,'19','17','04',32,35,'09',16,13,'14',23,24,'19',24,23,'24',24,13,'29',21,20,'34',16,13,'39',29,15,'44',33,29,'49',1,0,'54',0,0,'59',12,9,659),(680,0,0,'19','18','04',24,26,'09',30,34,'14',25,14,'19',24,15,'24',36,31,'29',6,20,'34',23,28,'39',29,27,'44',23,27,'49',6,19,'54',19,44,'59',29,36,659),(681,0,0,'19','19','04',17,44,'09',12,9,'10',5,5,NULL,0,0,NULL,0,0,NULL,0,0,NULL,0,0,NULL,0,0,NULL,0,0,NULL,0,0,NULL,0,0,NULL,0,0,659),(682,0,0,'08','17','18',6,6,'23',0,0,'28',0,0,NULL,0,0,NULL,0,0,NULL,0,0,NULL,0,0,NULL,0,0,NULL,0,0,NULL,0,0,NULL,0,0,NULL,0,0,660),(683,0,0,'08','23','54',0,0,'59',4,5,NULL,0,0,NULL,0,0,NULL,0,0,NULL,0,0,NULL,0,0,NULL,0,0,NULL,0,0,NULL,0,0,NULL,0,0,NULL,0,0,660),(684,0,0,'09','00','04',1,2,'09',0,0,'14',0,0,'19',0,0,'24',0,0,'29',0,0,'34',0,0,'39',0,0,'44',0,0,'49',0,0,'54',0,0,'59',0,0,660),(685,0,0,'09','01','04',0,0,'09',0,0,'14',0,0,'19',0,0,'24',0,0,'29',0,0,'34',0,0,'39',0,0,'44',0,0,'49',0,0,'54',0,0,'59',0,0,660),(686,0,0,'09','02','04',4,6,'09',0,0,'14',1,0,'19',1,7,'24',0,0,'29',0,0,'34',0,0,'39',10,1,'44',6,1,'49',0,0,'54',5,4,'59',4,2,660),(687,0,0,'09','03','04',2,1,'09',0,0,'14',0,0,'19',2,0,'24',5,2,'29',7,1,'34',2,0,'39',4,1,'44',0,0,'49',2,7,'54',4,6,'59',1,0,660),(688,0,0,'09','04','4',2,3,'09',0,0,'14',0,0,'19',0,0,'24',0,0,'29',0,0,'34',2,0,'39',0,0,'44',0,0,'49',0,0,'54',0,0,'59',2,7,660),(689,0,0,'09','05','04',5,6,'09',5,0,'14',5,4,'19',2,1,'24',1,2,'29',0,0,'34',0,0,'39',0,0,'44',0,0,'49',2,0,'54',0,0,'59',0,0,660),(690,0,0,'09','06','04',0,0,'09',0,0,'14',0,0,'19',0,0,'24',0,0,'29',0,0,'34',1,0,'39',0,0,'44',2,1,'49',0,0,'54',0,0,'59',0,0,660),(691,0,0,'09','07','04',2,0,'09',2,1,'14',0,0,'19',1,1,'24',1,1,'29',3,2,'34',0,0,'39',2,2,'44',1,3,'49',1,3,'54',3,2,'59',0,0,660),(692,0,0,'09','08','04',0,0,'09',0,0,'14',0,0,'19',0,0,'24',0,0,'29',0,0,'34',0,0,'39',0,0,'44',0,0,'49',3,2,'54',4,2,'59',1,0,660),(693,0,0,'09','9','04',0,0,'09',0,0,'14',2,8,NULL,0,0,NULL,0,0,NULL,0,0,NULL,0,0,NULL,0,0,NULL,0,0,NULL,0,0,NULL,0,0,NULL,0,0,660),(694,0,0,'11','09','32',6,3,'37',0,0,'42',0,0,'47',2,0,'52',3,2,'57',0,0,NULL,0,0,NULL,0,0,NULL,0,0,NULL,0,0,NULL,0,0,NULL,0,0,661),(695,0,0,'11','10','02',0,0,'07',2,1,'12',4,4,'17',1,1,'22',2,1,'27',2,3,'32',0,0,'37',2,2,'42',10,4,'47',3,2,'52',1,1,'57',5,3,661),(696,0,0,'11','11','02',5,3,'07',9,4,'12',7,4,'17',0,0,'22',2,1,'27',5,7,'32',5,7,'37',4,1,'42',9,8,'47',14,6,'52',0,0,'57',0,0,661),(697,0,0,'11','12','02',3,3,'07',10,16,'12',21,18,'17',29,28,'22',18,20,'27',23,20,'32',13,11,'37',14,12,'42',5,1,'47',5,2,'52',5,4,'57',13,8,661),(698,0,0,'11','13','02',3,2,'07',4,2,'12',8,5,'17',5,4,'22',10,11,'27',0,0,'32',0,0,'37',0,0,'42',0,0,'47',0,0,'52',0,0,'57',0,0,661),(699,0,0,'11','14','02',1,0,'07',9,5,'12',0,0,'17',2,1,'22',6,8,'27',10,9,'32',17,12,'37',10,4,'42',22,20,'47',15,12,'52',20,16,'57',16,10,661),(700,0,0,'11','15','02',12,9,'07',13,10,'12',4,4,'17',2,0,'22',6,4,'27',2,3,'32',4,4,'37',2,1,'42',3,2,'47',0,0,'52',0,0,'57',3,3,661),(701,0,0,'11','16','02',10,6,'07',0,0,'12',0,0,'17',0,0,'22',11,5,'27',3,2,'32',4,3,'37',9,8,'42',2,1,'47',21,15,'52',8,7,'57',1,1,661),(702,0,0,'11','17','02',6,3,'07',4,7,'12',0,0,'17',0,0,'22',0,0,'27',0,0,'32',0,0,'37',0,0,'39',4,3,NULL,0,0,NULL,0,0,NULL,0,0,661),(703,0,0,'12','10','34',6,12,'39',0,0,'44',5,6,'49',8,7,'54',12,22,'59',19,22,NULL,0,0,NULL,0,0,NULL,0,0,NULL,0,0,NULL,0,0,NULL,0,0,662),(704,0,0,'12','11','04',18,17,'09',29,28,'14',24,12,'19',33,23,'24',20,9,'29',23,10,'34',13,6,'39',9,10,'44',4,5,'49',7,7,'54',13,9,'59',14,6,662),(705,0,0,'12','12','04',21,10,'09',34,17,'14',29,13,'19',17,19,'24',24,14,'29',25,17,'34',21,8,'39',6,7,'44',0,0,'49',0,0,'54',0,0,'59',0,0,662),(706,0,0,'12','13','04',0,0,'09',0,0,'14',0,0,'19',1,0,'24',5,7,'29',16,13,'34',21,34,'39',20,28,'44',24,28,'49',10,13,'54',13,16,'59',20,30,662),(707,0,0,'12','14','04',20,25,'09',21,34,'14',12,12,'19',4,4,'24',2,1,'29',23,12,'34',17,10,'39',33,18,'44',24,9,'49',19,14,'54',10,17,'59',6,26,662),(708,0,0,'12','15','04',17,24,'09',14,20,'14',24,36,'19',7,6,'24',16,11,'29',9,8,'34',0,0,'39',0,0,'44',0,0,'49',0,0,'54',0,0,'59',1,0,662),(709,0,0,'12','16','04',10,11,'09',20,17,'14',21,24,'19',14,16,'24',13,11,'29',15,8,'34',20,14,'39',11,9,'44',13,11,'49',14,23,'54',25,37,'59',13,21,662),(710,0,0,'12','17','04',5,3,'09',11,16,'14',31,31,'19',23,31,'24',23,22,'29',11,17,'34',19,17,'39',18,14,'44',0,0,'49',1,1,'54',0,0,'59',20,18,662),(711,0,0,'12','18','04',34,26,'09',21,17,'14',35,19,'19',18,10,'24',24,26,'29',11,8,'34',10,20,'39',20,27,'44',25,18,'49',15,22,'54',16,16,'59',29,17,662),(712,0,0,'12','19','04',13,17,'09',5,5,'14',4,3,'15',3,4,NULL,0,0,NULL,0,0,NULL,0,0,NULL,0,0,NULL,0,0,NULL,0,0,NULL,0,0,NULL,0,0,662),(713,0,0,'13','07','12',4,4,'17',0,0,'22',0,0,'27',0,0,'32',0,0,'37',1,0,'42',1,1,'47',2,2,'52',0,0,'57',0,0,NULL,0,0,NULL,0,0,663),(714,0,0,'13','08','02',0,0,'07',0,0,'12',0,0,'17',0,0,'22',0,0,'27',0,0,'32',0,0,'37',0,0,'42',0,0,'47',0,0,'52',0,0,'57',0,0,663),(715,0,0,'13','09','02',0,0,'07',2,0,'12',1,1,'17',0,0,'22',0,0,'27',0,0,'32',0,0,'37',0,0,'42',0,0,'47',0,0,'52',0,0,'57',0,0,663),(716,0,0,'13','10','02',0,0,'07',0,0,'12',0,0,'17',0,0,'22',0,0,'27',0,0,'32',0,0,'37',0,0,'42',0,0,'47',0,0,'52',0,0,'57',0,0,663),(717,0,0,'13','11','02',0,0,'07',0,0,'12',0,0,'17',0,0,'22',0,0,'27',0,0,'32',0,0,'37',6,6,'42',0,0,'47',2,1,'52',4,0,'57',2,2,663),(718,0,0,'13','12','02',5,2,'07',0,0,'12',0,0,'17',0,0,'22',0,0,'27',0,0,'32',0,0,'37',0,0,'42',0,0,'47',0,0,'52',0,0,'57',0,0,663),(719,0,0,'13','13','02',0,0,'07',0,0,'12',0,0,'17',1,0,'22',0,0,'27',0,0,'32',0,0,'37',4,1,'42',3,1,'47',6,8,'52',3,3,'57',2,2,663),(720,0,0,'13','14','02',2,2,'07',12,10,'12',9,9,'17',14,26,'22',13,38,'27',23,40,'32',8,8,'37',22,20,'42',4,1,'47',8,8,'52',21,27,'57',20,24,663),(721,0,0,'13','15','02',11,11,'07',3,2,'12',5,5,'15',2,3,NULL,0,0,NULL,0,0,NULL,0,0,NULL,0,0,NULL,0,0,NULL,0,0,NULL,0,0,NULL,0,0,663),(722,0,0,'14','09','34',19,9,'39',6,8,'44',0,0,'49',2,0,'54',20,13,'59',12,10,NULL,0,0,NULL,0,0,NULL,0,0,NULL,0,0,NULL,0,0,NULL,0,0,664),(723,0,0,'14','10','04',13,6,'09',18,8,'14',19,7,'19',28,9,'24',26,9,'29',20,9,'34',20,11,'39',1,0,'44',16,10,'49',14,10,'54',25,17,'59',15,11,664),(724,0,0,'14','11','04',4,5,'09',3,3,'14',1,0,'19',11,5,'24',11,4,'29',13,7,'34',11,8,'39',12,9,'44',0,0,'49',4,1,'54',8,5,'59',4,6,664),(725,0,0,'14','12','04',10,9,'09',19,15,'14',12,14,'19',25,16,'24',22,23,'29',16,26,'34',16,13,'39',3,3,'44',0,0,'49',0,0,'54',8,5,'59',10,12,664),(726,0,0,'14','13','04',8,5,'09',20,13,'14',0,0,'19',0,0,'24',0,0,'29',0,0,'34',0,0,'39',0,0,'44',3,1,'49',4,2,'54',17,16,'59',18,19,664),(727,0,0,'14','14','04',13,19,'09',22,28,'14',17,13,'19',9,5,'24',20,20,'29',25,22,'34',11,11,'39',25,14,'44',29,31,'49',18,18,'54',19,20,'59',17,17,664),(728,0,0,'14','15','04',11,12,'09',8,5,'14',29,37,'19',8,9,'24',7,7,'29',4,3,'34',20,20,'39',0,0,'44',0,0,'49',0,0,'54',0,0,'59',0,0,664),(729,0,0,'14','16','04',0,0,'09',0,0,'14',0,0,'19',0,0,'24',0,0,'29',0,0,'34',0,0,'39',0,0,'44',0,0,'49',0,0,'54',0,0,'59',0,0,664),(730,0,0,'14','17','04',0,0,'09',0,0,'14',0,0,'19',0,0,'24',0,0,'29',0,0,'34',0,0,'39',0,0,'44',0,0,'49',0,0,'54',0,0,'59',0,0,664),(731,0,0,'14','18','04',9,6,NULL,0,0,NULL,0,0,NULL,0,0,NULL,0,0,NULL,0,0,NULL,0,0,NULL,0,0,NULL,0,0,NULL,0,0,NULL,0,0,NULL,0,0,664),(732,0,0,'17','09','44',4,1,'49',11,8,'54',33,31,'59',21,16,NULL,0,0,NULL,0,0,NULL,0,0,NULL,0,0,NULL,0,0,NULL,0,0,NULL,0,0,NULL,0,0,665),(733,0,0,'17','10','04',38,38,'09',36,30,'14',37,28,'19',28,21,'24',33,24,'29',32,27,'34',27,20,'39',41,36,'44',22,20,'49',17,13,'54',21,15,'59',24,18,665),(734,0,0,'17','11','04',29,20,'09',21,18,'14',16,12,'19',21,13,'24',23,12,'29',21,18,'34',27,24,'39',13,17,'44',6,5,'49',4,4,'54',11,17,'59',0,0,665),(735,0,0,'17','12','04',8,9,'09',29,18,'14',21,16,'19',23,17,'24',18,14,'29',12,8,'34',3,4,'39',0,0,'44',0,0,'49',0,0,'54',0,0,'59',0,0,665),(736,0,0,'17','13','04',0,0,'09',0,0,'14',10,13,'19',25,20,'24',32,29,'29',22,17,'34',14,21,'39',17,16,'44',25,15,'49',17,15,'54',18,17,'59',34,29,665),(737,0,0,'17','14','04',32,33,'09',18,23,'14',0,0,'19',7,8,'24',21,26,'29',15,13,'34',16,26,'39',28,18,'44',9,9,'49',20,13,'54',30,25,'59',27,16,665),(738,0,0,'17','15','04',29,35,'09',17,12,'14',2,1,'19',7,5,'24',11,10,'29',19,16,'34',16,15,'39',18,23,'44',33,29,'49',16,15,'54',3,1,'59',0,0,665),(739,0,0,'17','16','04',0,0,'09',0,0,'14',1,1,'19',16,20,'24',6,6,'29',10,6,'34',32,27,'39',26,31,'44',34,37,'49',29,32,'54',28,33,'59',14,10,665),(740,0,0,'17','17','04',14,7,'09',13,12,'14',27,19,'19',23,15,'24',20,19,'29',50,42,'34',24,25,'38',10,6,NULL,0,0,NULL,0,0,NULL,0,0,NULL,0,0,665),(741,0,0,'16','09','51',9,6,'56',15,10,NULL,0,0,NULL,0,0,NULL,0,0,NULL,0,0,NULL,0,0,NULL,0,0,NULL,0,0,NULL,0,0,NULL,0,0,NULL,0,0,666),(742,0,0,'16','10','01',14,5,'06',15,12,'11',15,12,'16',11,11,'21',14,13,'26',22,19,'31',16,11,'36',19,17,'41',9,10,'46',3,6,'51',11,10,'56',11,19,666),(743,0,0,'16','11','01',27,16,'06',19,10,'11',26,16,'16',17,21,'21',23,15,'26',24,17,'31',15,10,'36',10,3,'41',11,8,'46',1,1,'51',3,2,'56',2,2,666),(744,0,0,'16','12','01',15,7,'06',21,12,'11',31,26,'16',21,14,'21',23,18,'26',16,8,'31',17,9,'36',14,13,'41',6,3,'46',12,10,'51',9,6,'56',15,5,666),(745,0,0,'16','13','01',14,11,'06',4,4,'11',7,8,'16',3,2,'21',2,2,'26',1,1,'31',7,7,'36',0,0,'41',0,0,'46',0,0,'51',0,0,'56',0,0,666),(746,0,0,'16','14','01',0,0,'06',0,0,'11',5,5,'16',10,9,'21',3,3,'26',5,5,'31',4,4,'36',3,3,'41',28,18,'46',16,12,'51',7,7,'56',0,0,666),(747,0,0,'16','15','01',17,13,'06',28,17,'11',20,16,'16',5,15,'21',12,13,'26',7,10,'31',10,6,'36',12,5,'41',1,1,'46',3,1,'51',7,5,'56',11,6,666),(748,0,0,'16','16','01',5,5,'06',10,8,'11',0,0,'16',6,7,'21',0,0,'26',0,0,'31',8,5,'36',23,22,'41',24,34,'46',42,34,'51',11,8,'56',17,19,666),(749,0,0,'16','17','01',20,20,'06',2,1,'11',2,2,'16',11,12,'21',24,21,'26',9,5,'31',8,5,'36',16,11,'41',12,8,'46',0,0,'51',0,0,'56',16,13,666),(750,0,0,'16','18','01',12,11,'02',2,3,NULL,0,0,NULL,0,0,NULL,0,0,NULL,0,0,NULL,0,0,NULL,0,0,NULL,0,0,NULL,0,0,NULL,0,0,NULL,0,0,666),(751,0,0,'13','09','41',17,24,'46',18,34,'51',15,23,'56',27,27,NULL,0,0,NULL,0,0,NULL,0,0,NULL,0,0,NULL,0,0,NULL,0,0,NULL,0,0,NULL,0,0,667),(752,0,0,'13','10','01',20,21,'06',14,14,'11',10,14,'16',18,25,'21',26,32,'26',25,53,'31',14,14,'36',23,26,'41',17,35,'46',15,38,'51',24,18,'56',14,44,667),(753,0,0,'13','11','01',15,30,'06',35,53,'11',13,16,'16',26,32,'21',17,30,'26',12,11,'31',5,2,'36',16,33,'41',11,14,'46',32,35,'51',25,29,'56',31,43,667),(754,0,0,'13','12','01',28,48,'06',14,13,'11',14,63,'16',17,17,'21',20,10,'26',17,15,'31',19,26,'36',10,16,'41',3,8,'46',6,8,'51',4,10,'56',0,0,667),(755,0,0,'13','13','01',0,0,'06',0,0,'11',0,0,NULL,0,0,NULL,0,0,NULL,0,0,NULL,0,0,NULL,0,0,NULL,0,0,NULL,0,0,NULL,0,0,NULL,0,0,667);
/*!40000 ALTER TABLE `bpain03` ENABLE KEYS */;
UNLOCK TABLES;

--
-- Table structure for table `bpain04`
--

DROP TABLE IF EXISTS `bpain04`;
/*!40101 SET @saved_cs_client     = @@character_set_client */;
/*!50503 SET character_set_client = utf8mb4 */;
CREATE TABLE `bpain04` (
  `id` bigint unsigned NOT NULL AUTO_INCREMENT,
  `backpainno` int NOT NULL,
  `helperno` int NOT NULL,
  `day` char(2) CHARACTER SET utf8mb4 COLLATE utf8mb4_unicode_ci NOT NULL,
  `hou` char(2) CHARACTER SET utf8mb4 COLLATE utf8mb4_unicode_ci NOT NULL,
  `min1` char(4) CHARACTER SET utf8mb4 COLLATE utf8mb4_unicode_ci DEFAULT NULL,
  `ftilt1` int NOT NULL DEFAULT '0',
  `twist1` int NOT NULL DEFAULT '0',
  `min2` char(4) CHARACTER SET utf8mb4 COLLATE utf8mb4_unicode_ci DEFAULT NULL,
  `ftilt2` int NOT NULL DEFAULT '0',
  `twist2` int NOT NULL DEFAULT '0',
  `min3` char(4) CHARACTER SET utf8mb4 COLLATE utf8mb4_unicode_ci DEFAULT NULL,
  `ftilt3` int NOT NULL DEFAULT '0',
  `twist3` int NOT NULL DEFAULT '0',
  `min4` char(4) CHARACTER SET utf8mb4 COLLATE utf8mb4_unicode_ci DEFAULT NULL,
  `ftilt4` int NOT NULL DEFAULT '0',
  `twist4` int NOT NULL DEFAULT '0',
  `min5` char(4) CHARACTER SET utf8mb4 COLLATE utf8mb4_unicode_ci DEFAULT NULL,
  `ftilt5` int NOT NULL DEFAULT '0',
  `twist5` int NOT NULL DEFAULT '0',
  `min6` char(4) CHARACTER SET utf8mb4 COLLATE utf8mb4_unicode_ci DEFAULT NULL,
  `ftilt6` int NOT NULL DEFAULT '0',
  `twist6` int NOT NULL DEFAULT '0',
  `min7` char(4) CHARACTER SET utf8mb4 COLLATE utf8mb4_unicode_ci DEFAULT NULL,
  `ftilt7` int NOT NULL DEFAULT '0',
  `twist7` int NOT NULL DEFAULT '0',
  `min8` char(4) CHARACTER SET utf8mb4 COLLATE utf8mb4_unicode_ci DEFAULT NULL,
  `ftilt8` int NOT NULL DEFAULT '0',
  `twist8` int NOT NULL DEFAULT '0',
  `min9` char(4) CHARACTER SET utf8mb4 COLLATE utf8mb4_unicode_ci DEFAULT NULL,
  `ftilt9` int NOT NULL DEFAULT '0',
  `twist9` int NOT NULL DEFAULT '0',
  `min10` char(4) CHARACTER SET utf8mb4 COLLATE utf8mb4_unicode_ci DEFAULT NULL,
  `ftilt10` int NOT NULL DEFAULT '0',
  `twist10` int NOT NULL DEFAULT '0',
  `min11` char(4) CHARACTER SET utf8mb4 COLLATE utf8mb4_unicode_ci DEFAULT NULL,
  `ftilt11` int NOT NULL DEFAULT '0',
  `twist11` int NOT NULL DEFAULT '0',
  `min12` char(4) CHARACTER SET utf8mb4 COLLATE utf8mb4_unicode_ci DEFAULT NULL,
  `ftilt12` int NOT NULL DEFAULT '0',
  `twist12` int NOT NULL DEFAULT '0',
  `bpainhedno` int NOT NULL,
  PRIMARY KEY (`id`),
  UNIQUE KEY `bpain04_id_unique` (`id`)
) ENGINE=InnoDB DEFAULT CHARSET=utf8mb4 COLLATE=utf8mb4_unicode_ci;
/*!40101 SET character_set_client = @saved_cs_client */;

--
-- Dumping data for table `bpain04`
--

LOCK TABLES `bpain04` WRITE;
/*!40000 ALTER TABLE `bpain04` DISABLE KEYS */;
/*!40000 ALTER TABLE `bpain04` ENABLE KEYS */;
UNLOCK TABLES;

--
-- Table structure for table `bpain05`
--

DROP TABLE IF EXISTS `bpain05`;
/*!40101 SET @saved_cs_client     = @@character_set_client */;
/*!50503 SET character_set_client = utf8mb4 */;
CREATE TABLE `bpain05` (
  `id` bigint unsigned NOT NULL AUTO_INCREMENT,
  `backpainno` int NOT NULL,
  `helperno` int NOT NULL,
  `day` char(2) CHARACTER SET utf8mb4 COLLATE utf8mb4_unicode_ci NOT NULL,
  `hou` char(2) CHARACTER SET utf8mb4 COLLATE utf8mb4_unicode_ci NOT NULL,
  `min1` char(4) CHARACTER SET utf8mb4 COLLATE utf8mb4_unicode_ci DEFAULT NULL,
  `ftilt1` int NOT NULL DEFAULT '0',
  `twist1` int NOT NULL DEFAULT '0',
  `min2` char(4) CHARACTER SET utf8mb4 COLLATE utf8mb4_unicode_ci DEFAULT NULL,
  `ftilt2` int NOT NULL DEFAULT '0',
  `twist2` int NOT NULL DEFAULT '0',
  `min3` char(4) CHARACTER SET utf8mb4 COLLATE utf8mb4_unicode_ci DEFAULT NULL,
  `ftilt3` int NOT NULL DEFAULT '0',
  `twist3` int NOT NULL DEFAULT '0',
  `min4` char(4) CHARACTER SET utf8mb4 COLLATE utf8mb4_unicode_ci DEFAULT NULL,
  `ftilt4` int NOT NULL DEFAULT '0',
  `twist4` int NOT NULL DEFAULT '0',
  `min5` char(4) CHARACTER SET utf8mb4 COLLATE utf8mb4_unicode_ci DEFAULT NULL,
  `ftilt5` int NOT NULL DEFAULT '0',
  `twist5` int NOT NULL DEFAULT '0',
  `min6` char(4) CHARACTER SET utf8mb4 COLLATE utf8mb4_unicode_ci DEFAULT NULL,
  `ftilt6` int NOT NULL DEFAULT '0',
  `twist6` int NOT NULL DEFAULT '0',
  `min7` char(4) CHARACTER SET utf8mb4 COLLATE utf8mb4_unicode_ci DEFAULT NULL,
  `ftilt7` int NOT NULL DEFAULT '0',
  `twist7` int NOT NULL DEFAULT '0',
  `min8` char(4) CHARACTER SET utf8mb4 COLLATE utf8mb4_unicode_ci DEFAULT NULL,
  `ftilt8` int NOT NULL DEFAULT '0',
  `twist8` int NOT NULL DEFAULT '0',
  `min9` char(4) CHARACTER SET utf8mb4 COLLATE utf8mb4_unicode_ci DEFAULT NULL,
  `ftilt9` int NOT NULL DEFAULT '0',
  `twist9` int NOT NULL DEFAULT '0',
  `min10` char(4) CHARACTER SET utf8mb4 COLLATE utf8mb4_unicode_ci DEFAULT NULL,
  `ftilt10` int NOT NULL DEFAULT '0',
  `twist10` int NOT NULL DEFAULT '0',
  `min11` char(4) CHARACTER SET utf8mb4 COLLATE utf8mb4_unicode_ci DEFAULT NULL,
  `ftilt11` int NOT NULL DEFAULT '0',
  `twist11` int NOT NULL DEFAULT '0',
  `min12` char(4) CHARACTER SET utf8mb4 COLLATE utf8mb4_unicode_ci DEFAULT NULL,
  `ftilt12` int NOT NULL DEFAULT '0',
  `twist12` int NOT NULL DEFAULT '0',
  `bpainhedno` int NOT NULL,
  PRIMARY KEY (`id`),
  UNIQUE KEY `bpain05_id_unique` (`id`)
) ENGINE=InnoDB AUTO_INCREMENT=1590 DEFAULT CHARSET=utf8mb4 COLLATE=utf8mb4_unicode_ci;
/*!40101 SET character_set_client = @saved_cs_client */;

--
-- Dumping data for table `bpain05`
--

LOCK TABLES `bpain05` WRITE;
/*!40000 ALTER TABLE `bpain05` DISABLE KEYS */;
INSERT INTO `bpain05` VALUES (1493,0,0,'25','13','19',19,29,'24',15,25,'29',23,36,'34',12,8,'39',10,9,'44',12,20,'49',7,16,'54',24,37,'59',16,17,NULL,0,0,NULL,0,0,NULL,0,0,668),(1494,0,0,'25','14','04',22,24,'09',19,32,'14',11,18,'19',18,22,'24',16,1,'29',7,13,'34',18,20,'39',7,6,'44',6,12,'49',6,5,'54',14,21,'59',17,37,668),(1495,0,0,'25','15','04',18,31,'09',19,24,'14',18,34,'19',6,8,'24',19,31,NULL,0,0,NULL,0,0,NULL,0,0,NULL,0,0,NULL,0,0,NULL,0,0,NULL,0,0,668),(1496,0,0,'31','16','32',0,0,'37',0,0,'42',1,1,'47',0,0,'52',0,0,'57',0,0,NULL,0,0,NULL,0,0,NULL,0,0,NULL,0,0,NULL,0,0,NULL,0,0,669),(1497,0,0,'31','17','02',0,0,'07',0,0,'12',0,0,'17',1,1,'22',0,0,'27',0,0,'32',0,0,'37',0,0,'42',0,0,'47',0,0,'52',0,0,'57',0,0,669),(1498,0,0,'31','18','02',0,0,'07',0,0,'12',0,0,'17',0,0,'22',0,0,'27',0,0,'32',1,1,'37',1,1,'42',0,0,'47',0,0,'52',0,0,'57',1,1,669),(1499,0,0,'31','19','02',1,1,'07',0,0,'12',0,0,'17',3,1,'22',0,0,'27',2,1,'32',0,0,'37',1,0,'42',1,0,'47',1,0,'52',0,0,'57',2,2,669),(1500,0,0,'31','20','02',0,0,'07',1,1,'12',9,7,'17',0,0,'22',0,0,'27',0,0,'32',0,0,'37',0,0,'42',0,0,'47',0,0,'52',0,0,'57',0,0,669),(1501,0,0,'31','21','02',0,0,'07',0,0,'12',0,0,'17',0,0,'22',0,0,'27',0,0,'32',0,0,'37',0,0,'42',0,0,'47',0,0,'52',0,0,'57',0,0,669),(1502,0,0,'31','22','02',0,0,'07',0,0,'12',0,0,'17',0,0,'22',0,0,'27',0,0,'32',0,0,'37',0,0,'42',0,0,'47',0,0,'52',0,0,'57',0,0,669),(1503,0,0,'31','23','02',0,0,'07',0,0,'12',0,0,'17',0,0,'22',0,0,'27',0,0,'32',0,0,'37',0,0,'42',0,0,'47',0,0,'52',0,0,'57',0,0,669),(1504,0,0,'24','09','20',3,2,'25',5,2,'30',1,8,'35',0,0,'40',2,2,'45',0,0,'50',0,0,'55',0,0,NULL,0,0,NULL,0,0,NULL,0,0,NULL,0,0,671),(1505,0,0,'24','10','00',1,1,'05',3,2,'10',3,3,'15',1,1,'20',3,1,'25',8,6,'30',4,4,'35',1,0,'40',6,5,'45',4,4,'50',2,3,'55',2,2,671),(1506,0,0,'24','11','00',2,3,'05',4,2,'10',2,2,'15',1,1,'20',0,0,'25',0,0,'30',0,0,'35',0,0,'40',0,0,'45',0,0,'50',0,0,'55',0,0,671),(1507,0,0,'24','12','00',0,0,'05',0,0,'10',1,1,'15',6,4,'20',2,1,'25',6,6,'30',1,0,'35',0,0,'40',1,1,'45',1,1,'50',7,4,'55',6,8,671),(1508,0,0,'24','13','00',0,0,'05',0,0,'10',0,0,'15',0,0,'20',0,0,'25',0,0,'30',0,0,'35',0,0,'40',0,0,'45',0,0,'50',0,0,'55',0,0,671),(1509,0,0,'24','14','00',1,0,'05',5,5,'10',3,2,'15',5,5,'20',2,2,'25',1,1,'30',4,4,'35',2,2,'40',2,2,'45',4,4,'50',10,10,'55',0,0,671),(1510,0,0,'24','15','00',3,3,'05',4,4,'10',1,1,'15',1,0,'20',0,0,'25',0,0,'30',0,0,'35',0,0,'40',0,0,'45',0,0,'50',1,1,'55',0,0,671),(1511,0,0,'24','16','00',1,0,NULL,0,0,NULL,0,0,NULL,0,0,NULL,0,0,NULL,0,0,NULL,0,0,NULL,0,0,NULL,0,0,NULL,0,0,NULL,0,0,NULL,0,0,671),(1512,0,0,'28','11','16',0,0,'21',0,0,'26',0,0,'31',0,0,'36',0,0,'41',0,0,'46',0,0,'51',0,0,'56',0,0,NULL,0,0,NULL,0,0,NULL,0,0,672),(1513,0,0,'28','12','01',0,0,'06',0,0,'11',0,0,'16',0,0,'21',0,0,'26',0,0,'31',0,0,'36',1,1,'41',0,0,'46',0,0,'51',0,0,'56',0,0,672),(1514,0,0,'28','13','01',0,0,'06',0,0,'11',0,0,'16',0,0,'21',0,0,'26',0,0,'31',0,0,'36',0,0,'41',0,0,'46',0,0,'51',0,0,'56',0,0,672),(1515,0,0,'28','14','01',0,0,'06',0,0,'11',0,0,'16',0,0,'21',0,0,'26',0,0,'31',0,0,'36',0,0,'41',0,0,'46',0,0,'51',0,0,'56',3,3,672),(1516,0,0,'28','15','01',0,0,'06',0,0,'11',0,0,'16',1,0,'21',0,0,'26',0,0,'31',0,0,'36',0,0,'41',1,1,'46',0,0,'51',0,0,'56',2,2,672),(1517,0,0,'28','16','01',3,3,'06',0,0,'11',0,0,'16',1,3,'21',0,0,'26',0,0,'31',1,1,'36',0,0,'41',0,0,'46',0,0,'51',0,0,'56',0,0,672),(1518,0,0,'28','17','01',0,0,'06',0,0,'11',0,0,'16',0,0,'21',0,0,'26',0,0,'31',0,0,'36',0,0,'41',0,0,'46',0,0,'51',0,0,'56',0,0,672),(1519,0,0,'28','18','01',0,0,'06',0,0,'11',0,0,'16',0,0,'21',0,0,'26',1,1,'31',0,0,'36',2,1,'41',1,1,'46',2,2,'51',1,1,'56',1,1,672),(1520,0,0,'28','19','01',0,0,'06',2,0,'11',0,0,'16',0,0,'21',0,0,'26',0,0,'31',0,0,'36',0,0,'41',1,0,'46',0,0,'51',0,0,'56',0,0,672),(1521,0,0,'28','20','01',0,0,'04',1,1,NULL,0,0,NULL,0,0,NULL,0,0,NULL,0,0,NULL,0,0,NULL,0,0,NULL,0,0,NULL,0,0,NULL,0,0,NULL,0,0,672),(1522,0,0,'25','07','43',5,2,'48',1,1,'53',0,0,'58',0,0,NULL,0,0,NULL,0,0,NULL,0,0,NULL,0,0,NULL,0,0,NULL,0,0,NULL,0,0,NULL,0,0,673),(1523,0,0,'25','08','03',0,0,'08',0,0,'13',0,0,'18',0,0,'23',0,0,'28',0,0,'33',0,0,'38',0,0,'43',0,0,'48',0,0,'53',0,0,'58',0,0,673),(1524,0,0,'25','09','03',0,0,'08',0,0,'13',0,0,'18',0,0,'23',0,0,'28',5,5,'33',11,6,'38',16,13,'43',22,9,'48',1,0,'53',1,0,'58',0,1,673),(1525,0,0,'25','10','03',14,6,'08',33,10,'13',8,4,'18',9,5,'23',13,13,'28',10,6,'33',6,4,'38',13,5,'43',19,13,'48',4,5,'53',0,0,'58',1,1,673),(1526,0,0,'25','11','03',1,1,'08',0,0,'13',0,0,'18',0,0,'23',0,0,'28',0,0,'33',0,0,'38',0,0,'43',0,0,'48',0,0,'53',0,0,'58',3,2,673),(1527,0,0,'25','12','03',1,1,'08',0,0,'13',0,0,'18',1,1,'23',7,7,'28',10,4,'33',5,7,'38',10,9,'43',5,6,'48',9,9,'53',17,9,'58',4,5,673),(1528,0,0,'25','13','03',1,1,'08',4,4,'13',0,0,'18',0,0,'23',2,1,'28',4,5,'33',13,10,'38',3,4,'43',9,5,'48',10,7,'53',5,3,'58',7,7,673),(1529,0,0,'25','14','03',19,14,'08',15,11,'13',17,15,'18',3,3,'23',3,4,'28',6,5,'33',10,6,'38',12,8,'43',7,4,'48',21,13,'53',13,7,'58',9,6,673),(1530,0,0,'25','15','03',12,7,'08',6,7,'13',7,9,'18',8,7,'23',10,7,'28',7,7,'33',7,7,'38',15,4,'43',27,14,'48',5,5,'53',11,7,'58',19,7,673),(1531,0,0,'25','16','03',12,7,'08',8,4,'13',14,9,'18',11,10,'23',11,8,'28',12,7,'33',12,12,'36',4,3,NULL,0,0,NULL,0,0,NULL,0,0,NULL,0,0,673),(1532,0,0,'28','10','02',3,3,'07',11,11,'12',10,11,'17',8,12,'22',5,5,'27',5,7,'32',5,4,'37',7,7,'42',4,3,'47',3,3,'52',5,4,'57',12,11,674),(1533,0,0,'28','11','02',3,4,'07',9,10,'12',4,4,'17',6,7,'22',9,9,'27',3,3,'32',1,1,'37',1,2,'42',3,4,'47',15,13,'52',6,5,'57',3,4,674),(1534,0,0,'28','12','02',4,4,'07',3,3,'12',12,12,'17',5,5,'22',13,16,'27',13,12,'32',15,20,'37',9,9,'42',14,16,'47',6,6,'52',8,11,'57',12,14,674),(1535,0,0,'28','13','02',3,3,'07',0,0,'12',0,0,'17',0,0,'22',0,0,'27',0,0,'32',0,0,'37',0,0,'42',0,0,'47',0,0,'52',0,0,'57',0,0,674),(1536,0,0,'28','14','02',2,2,'07',10,8,'12',7,7,'17',7,6,'22',4,4,'27',10,9,'32',5,7,'37',2,2,'42',20,23,'47',13,15,'52',8,9,'57',8,11,674),(1537,0,0,'28','15','02',13,12,'07',21,25,'12',18,18,'17',2,2,'22',1,1,'27',6,5,'32',6,7,'37',10,6,'42',5,4,'47',6,8,'52',7,7,'57',5,7,674),(1538,0,0,'28','16','02',15,24,'07',6,4,'12',4,2,'17',3,3,'22',10,7,'27',24,18,'32',39,23,'37',26,29,'42',29,25,'47',2,2,'52',13,11,'57',2,2,674),(1539,0,0,'28','17','02',9,10,'07',0,0,'12',0,0,'17',0,0,'22',4,5,'27',7,9,'32',4,6,'37',13,14,'42',6,7,'47',15,15,'52',5,6,'57',7,9,674),(1540,0,0,'28','18','02',7,9,'07',1,1,'12',4,5,'17',15,22,'22',8,7,'27',10,11,'32',5,5,'37',23,25,'42',13,11,'47',26,27,'52',17,15,'57',18,17,674),(1541,0,0,'28','19','02',10,7,'05',9,12,NULL,0,0,NULL,0,0,NULL,0,0,NULL,0,0,NULL,0,0,NULL,0,0,NULL,0,0,NULL,0,0,NULL,0,0,NULL,0,0,674),(1542,0,0,'24','16','43',5,8,'48',22,31,'53',24,27,'58',27,28,NULL,0,0,NULL,0,0,NULL,0,0,NULL,0,0,NULL,0,0,NULL,0,0,NULL,0,0,NULL,0,0,675),(1543,0,0,'24','17','03',20,24,'08',13,16,'13',7,11,'18',17,16,'23',1,1,'28',3,3,'33',21,22,'38',10,21,'43',31,28,'48',21,27,'53',22,21,'58',20,22,675),(1544,0,0,'24','18','03',26,28,'08',7,9,'13',12,14,'18',28,26,'23',21,28,'28',31,29,'33',33,41,'38',32,35,'43',39,47,'48',31,41,'53',29,29,'58',30,40,675),(1545,0,0,'24','19','03',35,58,'08',2,2,'13',0,0,'18',0,0,'23',0,0,'28',0,0,'33',0,0,'38',0,0,'43',2,1,'48',6,9,'53',3,3,'58',13,9,675),(1546,0,0,'24','20','03',22,30,'08',7,12,'13',8,20,'18',9,32,'23',17,50,'28',18,31,'33',15,19,'38',10,33,'43',17,36,'48',20,37,'53',10,32,'58',22,28,675),(1547,0,0,'24','21','03',21,29,'08',19,17,'13',17,21,'18',19,38,'23',14,27,'28',16,51,'33',6,6,'38',7,8,'43',7,11,'48',9,11,'53',0,0,'58',12,20,675),(1548,0,0,'24','22','03',18,34,'08',6,11,'13',4,4,'18',6,4,'23',18,21,'28',8,11,'33',11,9,'38',3,3,'43',4,4,'48',6,1,'53',9,5,'58',0,0,675),(1549,0,0,'24','23','03',0,0,'08',1,1,'13',15,17,'18',11,11,'23',34,34,'28',11,8,'33',5,5,'38',6,8,'43',6,6,'48',16,16,'53',7,11,'58',0,0,675),(1550,0,0,'25','00','03',6,5,'08',0,0,'13',2,1,'18',0,0,'23',0,0,'28',0,0,'33',1,4,'38',1,2,'43',0,0,'48',5,6,'53',15,22,'58',0,0,675),(1551,0,0,'25','01','03',0,0,'08',1,1,'13',0,0,'18',0,0,'23',0,0,'28',0,0,'33',0,0,'38',7,6,'43',5,5,'48',3,3,'53',0,0,'58',12,25,675),(1552,0,0,'25','02','03',14,39,'08',12,24,'13',11,36,'18',10,29,'23',14,44,'28',16,39,'33',23,25,'38',44,47,'43',20,21,'48',11,15,'53',12,35,'58',0,0,675),(1553,0,0,'25','03','3',0,0,'08',0,0,'13',0,0,'18',0,0,'23',0,0,'28',0,0,'33',0,0,'38',0,0,'43',0,0,'48',0,0,'53',0,0,'58',0,0,675),(1554,0,0,'25','04','03',0,0,'08',0,0,'13',0,0,'18',0,0,'23',0,0,'28',0,0,'33',0,0,'38',0,0,'43',0,0,'48',0,0,'53',0,0,'58',0,0,675),(1555,0,0,'25','05','03',0,0,'08',0,0,'13',0,0,'18',12,12,'23',29,28,'28',28,33,'33',13,14,'38',22,38,'43',9,8,'48',18,24,'53',26,31,'58',26,28,675),(1556,0,0,'25','06','03',24,29,'08',18,26,'13',18,27,'18',23,31,'23',25,29,'28',9,10,'33',9,9,'38',29,35,'43',22,26,'48',10,11,'53',27,36,'58',24,33,675),(1557,0,0,'25','07','03',17,25,'08',30,47,'13',32,40,'18',27,35,'23',20,25,'28',18,23,'33',28,38,'38',18,21,'43',17,17,'48',25,30,'53',28,34,'58',36,39,675),(1558,0,0,'25','08','03',25,27,'08',22,30,'13',32,36,'18',20,20,'23',2,3,'28',9,10,'33',31,32,'38',31,39,'43',20,26,'48',20,27,'53',22,34,'58',20,26,675),(1559,0,0,'25','09','03',31,44,'08',31,41,'13',21,23,'18',7,8,'20',2,3,NULL,0,0,NULL,0,0,NULL,0,0,NULL,0,0,NULL,0,0,NULL,0,0,NULL,0,0,675),(1560,0,0,'31','09','10',18,13,'15',9,21,'20',12,16,'25',6,20,'30',17,29,'35',15,22,'40',9,15,'45',17,21,'50',18,20,'55',16,16,NULL,0,0,NULL,0,0,676),(1561,0,0,'31','10','00',6,11,'05',18,25,'10',10,12,'15',10,10,'20',9,9,'25',11,21,'30',7,29,'35',24,40,'40',19,23,'45',18,26,'50',10,10,'55',6,6,676),(1562,0,0,'31','11','00',22,11,'05',32,17,'10',1,1,'15',14,17,'20',19,19,'25',18,30,'30',12,16,'35',13,18,'40',9,12,'45',4,4,'50',29,32,'55',0,0,676),(1563,0,0,'31','12','00',0,0,'05',16,17,'10',8,10,'15',0,0,'20',0,0,'25',0,0,'30',0,0,'35',0,0,'40',0,0,'45',0,0,'50',0,0,'55',0,0,676),(1564,0,0,'31','13','00',3,4,'05',16,16,'10',17,31,'15',22,23,'20',20,16,'25',19,24,'30',25,34,'35',29,33,'40',16,20,'45',6,6,'50',6,9,'55',8,6,676),(1565,0,0,'31','14','00',7,7,'05',22,28,'10',4,5,'15',6,5,'20',11,12,'25',28,31,'30',14,17,'35',19,24,'40',26,29,'45',12,14,'50',14,14,'55',16,21,676),(1566,0,0,'31','15','00',26,27,'05',12,18,'10',20,47,'15',18,20,'20',20,21,'25',17,29,'30',1,1,'35',3,5,'40',5,5,'45',20,33,'50',5,3,'55',0,0,676),(1567,0,0,'31','16','00',7,9,'05',5,4,'10',5,5,'15',3,3,'20',7,7,'25',11,13,'30',24,28,'35',9,11,'40',8,9,'45',14,7,'50',11,7,'55',9,11,676),(1568,0,0,'31','17','00',16,0,'05',15,8,'10',15,18,'15',16,7,'20',2,3,'25',5,5,'30',5,6,'35',1,2,'40',17,18,'45',20,23,'50',18,22,'55',17,19,676),(1569,0,0,'31','18','00',12,10,'05',16,10,'10',18,15,'15',0,0,'20',0,0,'25',0,0,'30',0,0,'35',0,0,'40',0,0,'45',0,0,'50',0,0,'55',0,0,676),(1570,0,0,'31','19','00',0,0,'05',0,0,'10',0,0,'15',0,0,'20',0,0,'25',0,0,'30',0,0,'35',0,0,'40',0,0,'45',0,0,'50',0,0,'55',0,0,676),(1571,0,0,'31','20','00',0,0,'01',0,0,NULL,0,0,NULL,0,0,NULL,0,0,NULL,0,0,NULL,0,0,NULL,0,0,NULL,0,0,NULL,0,0,NULL,0,0,NULL,0,0,676),(1572,0,0,'30','09','9',0,0,'14',0,0,'19',0,0,'24',0,0,'29',0,0,'34',0,0,'39',0,0,'44',0,0,'49',0,0,'54',0,0,'59',0,0,NULL,0,0,677),(1573,0,0,'30','10','04',0,0,'09',0,0,'14',0,0,'19',0,0,'24',0,0,'29',0,0,'34',0,0,'39',1,1,'44',0,0,'49',0,0,'54',0,0,'59',0,0,677),(1574,0,0,'30','11','04',1,0,'09',0,0,'14',0,0,'19',0,0,'24',0,0,'29',2,2,'34',2,2,'39',1,1,'44',0,0,'49',1,1,'54',0,0,'59',0,0,677),(1575,0,0,'30','12','04',7,6,'09',1,1,'14',1,1,'19',5,5,'24',5,6,'29',3,3,'34',0,0,'39',0,0,'44',0,0,'49',0,0,'54',0,0,'59',0,0,677),(1576,0,0,'30','13','04',0,0,'09',1,1,'14',0,0,'19',0,0,'24',0,0,'29',1,1,'34',5,4,'39',1,1,'44',0,0,'49',0,0,'54',0,0,'59',0,0,677),(1577,0,0,'30','14','04',0,0,'09',0,0,'14',0,0,'19',0,0,'24',2,2,'29',0,0,'34',0,0,'39',2,2,'44',0,0,'49',6,5,'54',0,0,'59',0,0,677),(1578,0,0,'30','15','04',0,0,'09',2,2,'14',3,4,'19',2,1,'24',1,1,'29',7,6,'34',0,0,'39',0,0,'44',4,4,'49',3,3,'54',2,2,'59',8,6,677),(1579,0,0,'30','16','04',0,0,'09',2,2,'14',3,3,'19',0,0,'24',0,0,'29',1,1,'34',1,1,'39',1,1,'44',0,0,'49',0,0,'54',0,0,'59',0,0,677),(1580,0,0,'30','17','04',0,0,'09',0,0,'14',0,0,'19',0,0,'24',0,0,'29',0,0,'34',0,0,'39',0,0,'44',0,0,'49',0,0,'54',0,0,'59',2,2,677),(1581,0,0,'30','18','02',0,0,NULL,0,0,NULL,0,0,NULL,0,0,NULL,0,0,NULL,0,0,NULL,0,0,NULL,0,0,NULL,0,0,NULL,0,0,NULL,0,0,NULL,0,0,677),(1582,0,0,'24','09','18',1,1,'23',1,1,'28',3,2,'33',0,0,'38',3,1,'43',0,0,'48',1,1,'53',0,0,'58',0,0,NULL,0,0,NULL,0,0,NULL,0,0,678),(1583,0,0,'24','10','03',1,1,'08',2,3,'13',1,1,'18',4,1,'23',4,4,'28',5,5,'33',10,9,'38',11,14,'43',3,3,'48',5,5,'53',3,3,'58',3,3,678),(1584,0,0,'24','11','03',1,1,'08',3,1,'13',8,6,'18',5,5,'23',1,0,'28',1,1,'33',0,0,'38',4,4,'43',0,0,'48',0,0,'53',0,0,'58',0,0,678),(1585,0,0,'24','12','03',1,1,'08',0,0,'13',0,0,'18',0,0,'23',0,0,'28',0,0,'33',0,0,'38',0,0,'43',0,0,'48',0,0,'53',0,0,'58',1,1,678),(1586,0,0,'24','13','03',5,5,'08',2,4,'13',0,0,'18',0,0,'23',3,4,'28',8,10,'33',0,0,'38',1,1,'43',0,0,'48',6,5,'53',0,1,'58',7,7,678),(1587,0,0,'24','14','03',1,1,'08',6,7,'13',7,6,'18',3,2,'23',2,2,'28',2,2,'33',0,0,'38',1,1,'43',0,0,'48',0,0,'53',0,0,'58',6,6,678),(1588,0,0,'24','15','03',10,10,'08',5,5,'13',12,14,'18',0,0,'23',2,2,'28',18,17,'33',8,5,'38',0,0,'43',0,0,'48',0,0,'53',0,0,'58',1,1,678),(1589,0,0,'24','16','03',1,2,'08',3,1,'13',4,3,'18',0,0,'23',0,0,'28',0,0,'33',0,0,'38',0,0,'40',0,0,NULL,0,0,NULL,0,0,NULL,0,0,678);
/*!40000 ALTER TABLE `bpain05` ENABLE KEYS */;
UNLOCK TABLES;

--
-- Table structure for table `bpain06`
--

DROP TABLE IF EXISTS `bpain06`;
/*!40101 SET @saved_cs_client     = @@character_set_client */;
/*!50503 SET character_set_client = utf8mb4 */;
CREATE TABLE `bpain06` (
  `id` bigint unsigned NOT NULL AUTO_INCREMENT,
  `backpainno` int NOT NULL,
  `helperno` int NOT NULL,
  `day` char(2) CHARACTER SET utf8mb4 COLLATE utf8mb4_unicode_ci NOT NULL,
  `hou` char(2) CHARACTER SET utf8mb4 COLLATE utf8mb4_unicode_ci NOT NULL,
  `min1` char(4) CHARACTER SET utf8mb4 COLLATE utf8mb4_unicode_ci DEFAULT NULL,
  `ftilt1` int NOT NULL DEFAULT '0',
  `twist1` int NOT NULL DEFAULT '0',
  `min2` char(4) CHARACTER SET utf8mb4 COLLATE utf8mb4_unicode_ci DEFAULT NULL,
  `ftilt2` int NOT NULL DEFAULT '0',
  `twist2` int NOT NULL DEFAULT '0',
  `min3` char(4) CHARACTER SET utf8mb4 COLLATE utf8mb4_unicode_ci DEFAULT NULL,
  `ftilt3` int NOT NULL DEFAULT '0',
  `twist3` int NOT NULL DEFAULT '0',
  `min4` char(4) CHARACTER SET utf8mb4 COLLATE utf8mb4_unicode_ci DEFAULT NULL,
  `ftilt4` int NOT NULL DEFAULT '0',
  `twist4` int NOT NULL DEFAULT '0',
  `min5` char(4) CHARACTER SET utf8mb4 COLLATE utf8mb4_unicode_ci DEFAULT NULL,
  `ftilt5` int NOT NULL DEFAULT '0',
  `twist5` int NOT NULL DEFAULT '0',
  `min6` char(4) CHARACTER SET utf8mb4 COLLATE utf8mb4_unicode_ci DEFAULT NULL,
  `ftilt6` int NOT NULL DEFAULT '0',
  `twist6` int NOT NULL DEFAULT '0',
  `min7` char(4) CHARACTER SET utf8mb4 COLLATE utf8mb4_unicode_ci DEFAULT NULL,
  `ftilt7` int NOT NULL DEFAULT '0',
  `twist7` int NOT NULL DEFAULT '0',
  `min8` char(4) CHARACTER SET utf8mb4 COLLATE utf8mb4_unicode_ci DEFAULT NULL,
  `ftilt8` int NOT NULL DEFAULT '0',
  `twist8` int NOT NULL DEFAULT '0',
  `min9` char(4) CHARACTER SET utf8mb4 COLLATE utf8mb4_unicode_ci DEFAULT NULL,
  `ftilt9` int NOT NULL DEFAULT '0',
  `twist9` int NOT NULL DEFAULT '0',
  `min10` char(4) CHARACTER SET utf8mb4 COLLATE utf8mb4_unicode_ci DEFAULT NULL,
  `ftilt10` int NOT NULL DEFAULT '0',
  `twist10` int NOT NULL DEFAULT '0',
  `min11` char(4) CHARACTER SET utf8mb4 COLLATE utf8mb4_unicode_ci DEFAULT NULL,
  `ftilt11` int NOT NULL DEFAULT '0',
  `twist11` int NOT NULL DEFAULT '0',
  `min12` char(4) CHARACTER SET utf8mb4 COLLATE utf8mb4_unicode_ci DEFAULT NULL,
  `ftilt12` int NOT NULL DEFAULT '0',
  `twist12` int NOT NULL DEFAULT '0',
  `bpainhedno` int NOT NULL,
  PRIMARY KEY (`id`),
  UNIQUE KEY `bpain06_id_unique` (`id`)
) ENGINE=InnoDB AUTO_INCREMENT=263 DEFAULT CHARSET=utf8mb4 COLLATE=utf8mb4_unicode_ci;
/*!40101 SET character_set_client = @saved_cs_client */;

--
-- Dumping data for table `bpain06`
--

LOCK TABLES `bpain06` WRITE;
/*!40000 ALTER TABLE `bpain06` DISABLE KEYS */;
INSERT INTO `bpain06` VALUES (237,0,0,'01','00','02',0,0,'07',0,0,'12',0,0,'17',0,0,'22',0,0,'27',0,0,'32',0,0,'37',0,0,'42',0,0,'47',0,0,'52',0,0,'57',0,0,669),(238,0,0,'01','1','02',1,1,'07',0,0,'12',0,0,'17',0,0,'22',0,0,'27',0,0,'32',0,0,'37',0,0,'42',1,0,'47',0,0,'52',0,0,'57',0,0,669),(239,0,0,'01','02','02',0,0,'07',0,0,'12',0,0,'17',1,1,'22',0,0,'27',0,0,'32',0,0,'37',1,1,'42',0,0,'47',1,1,'52',5,6,'57',1,1,669),(240,0,0,'01','03','02',0,0,'07',0,0,'12',0,0,'17',0,0,'22',0,0,'27',0,0,'32',0,0,'37',0,0,'42',0,0,'47',0,0,'52',0,0,'57',0,0,669),(241,0,0,'01','04','02',0,0,'07',0,0,'12',0,0,'17',2,0,'22',0,0,'27',0,0,'32',0,0,'37',0,0,'42',0,0,'47',0,0,'52',0,0,'57',0,0,669),(242,0,0,'01','05','02',0,0,'07',0,0,'12',3,1,'17',0,0,'22',0,0,'27',0,0,'32',0,0,'37',0,0,'42',0,0,'47',0,0,'52',0,0,'57',0,0,669),(243,0,0,'01','06','02',0,0,'07',0,0,'12',0,0,'17',1,1,'22',0,0,'27',0,0,'32',0,0,'37',0,0,'42',0,0,'47',2,1,'52',0,0,'57',0,0,669),(244,0,0,'01','07','02',0,0,'07',0,0,'12',0,0,'17',0,0,'22',0,0,'27',0,0,'32',0,0,'37',1,1,'42',0,0,'47',0,0,'52',0,0,'57',0,0,669),(245,0,0,'01','08','02',0,0,'07',0,0,'12',0,0,'17',0,0,'22',0,0,'27',0,0,'32',0,0,'37',0,0,'42',0,0,'47',0,0,'52',0,0,'57',0,0,669),(246,0,0,'01','09','02',0,0,'07',1,1,'12',0,0,'17',0,0,'22',0,0,'27',6,6,'32',1,1,'37',0,0,NULL,0,0,NULL,0,0,NULL,0,0,NULL,0,0,669),(247,0,0,'23','09','25',4,5,'30',9,8,'35',5,4,'40',8,6,'45',4,3,'50',1,1,'55',14,14,NULL,0,0,NULL,0,0,NULL,0,0,NULL,0,0,NULL,0,0,670),(248,0,0,'23','10','00',1,1,'05',1,1,'10',3,3,'15',1,1,'20',6,6,'25',2,2,'30',5,3,'35',3,3,'40',25,28,'45',5,5,'50',6,5,'55',2,1,670),(249,0,0,'23','11','00',6,5,'05',9,8,'10',6,6,'15',8,8,'20',2,1,'25',0,0,'30',0,0,'35',0,0,'40',5,6,'45',0,0,'50',1,1,'55',1,1,670),(250,0,0,'23','12','00',0,0,'05',7,7,'10',15,15,'15',0,1,'20',1,1,'25',2,2,'30',1,1,'35',1,1,'40',0,0,'45',0,0,'50',9,9,'55',4,5,670),(251,0,0,'23','13','00',3,2,'05',5,6,'10',6,7,'15',1,1,'20',7,4,'25',7,6,'30',2,2,'35',3,3,'40',3,4,'45',8,7,'50',7,6,'55',3,2,670),(252,0,0,'23','14','00',0,0,'05',6,7,'10',3,3,'15',4,4,'20',2,2,'25',12,9,'30',1,1,'35',1,1,'40',5,4,'45',8,9,'50',0,0,'55',2,2,670),(253,0,0,'23','15','00',0,0,'05',9,9,'10',15,15,'12',2,4,NULL,0,0,NULL,0,0,NULL,0,0,NULL,0,0,NULL,0,0,NULL,0,0,NULL,0,0,NULL,0,0,670),(254,0,0,'08','08','58',11,13,NULL,0,0,NULL,0,0,NULL,0,0,NULL,0,0,NULL,0,0,NULL,0,0,NULL,0,0,NULL,0,0,NULL,0,0,NULL,0,0,NULL,0,0,679),(255,0,0,'08','09','03',11,15,'08',0,0,'13',7,9,'18',14,20,'23',16,29,'28',8,13,'33',19,48,'38',11,13,'43',2,1,'48',10,8,'53',18,17,'58',15,33,679),(256,0,0,'08','10','03',17,22,'08',13,19,'13',0,0,'18',9,11,'23',11,13,'28',15,20,'33',10,16,'38',0,0,'43',6,2,'48',11,11,'53',7,8,'58',4,1,679),(257,0,0,'08','11','03',1,0,'08',7,8,'13',9,11,'18',7,6,'23',0,0,'28',0,0,'33',0,0,'38',4,4,'43',2,1,'48',1,0,'53',7,9,'58',0,0,679),(258,0,0,'08','12','03',6,6,'08',0,0,'13',0,0,'18',0,0,'23',0,0,'28',0,0,'33',0,0,'38',0,0,'43',0,0,'48',0,0,'53',0,0,'58',0,0,679),(259,0,0,'08','13','03',1,1,'08',8,12,'13',0,0,'18',1,1,'23',3,3,'28',2,2,'33',3,1,'38',4,3,'43',2,1,'48',2,3,'53',0,0,'58',3,5,679),(260,0,0,'08','14','03',9,10,'08',0,0,'13',0,0,'18',11,13,'23',10,9,'28',11,16,'33',11,12,'38',14,16,'43',17,45,'48',23,34,'53',11,9,'58',0,0,679),(261,0,0,'08','15','03',2,5,'08',0,0,'13',0,0,'18',9,8,'23',18,19,'28',15,13,'33',6,9,'38',0,0,'43',0,0,'48',5,6,'53',0,0,'58',2,3,679),(262,0,0,'08','16','59',1,1,'',0,0,'',0,0,'',0,0,'',0,0,'',0,0,'',0,0,'',0,0,'',0,0,'',0,0,'',0,0,'',0,0,679);
/*!40000 ALTER TABLE `bpain06` ENABLE KEYS */;
UNLOCK TABLES;

--
-- Table structure for table `bpain07`
--

DROP TABLE IF EXISTS `bpain07`;
/*!40101 SET @saved_cs_client     = @@character_set_client */;
/*!50503 SET character_set_client = utf8mb4 */;
CREATE TABLE `bpain07` (
  `id` bigint unsigned NOT NULL AUTO_INCREMENT,
  `backpainno` int NOT NULL,
  `helperno` int NOT NULL,
  `day` char(2) CHARACTER SET utf8mb4 COLLATE utf8mb4_unicode_ci NOT NULL,
  `hou` char(2) CHARACTER SET utf8mb4 COLLATE utf8mb4_unicode_ci NOT NULL,
  `min1` char(4) CHARACTER SET utf8mb4 COLLATE utf8mb4_unicode_ci DEFAULT NULL,
  `ftilt1` int NOT NULL DEFAULT '0',
  `twist1` int NOT NULL DEFAULT '0',
  `min2` char(4) CHARACTER SET utf8mb4 COLLATE utf8mb4_unicode_ci DEFAULT NULL,
  `ftilt2` int NOT NULL DEFAULT '0',
  `twist2` int NOT NULL DEFAULT '0',
  `min3` char(4) CHARACTER SET utf8mb4 COLLATE utf8mb4_unicode_ci DEFAULT NULL,
  `ftilt3` int NOT NULL DEFAULT '0',
  `twist3` int NOT NULL DEFAULT '0',
  `min4` char(4) CHARACTER SET utf8mb4 COLLATE utf8mb4_unicode_ci DEFAULT NULL,
  `ftilt4` int NOT NULL DEFAULT '0',
  `twist4` int NOT NULL DEFAULT '0',
  `min5` char(4) CHARACTER SET utf8mb4 COLLATE utf8mb4_unicode_ci DEFAULT NULL,
  `ftilt5` int NOT NULL DEFAULT '0',
  `twist5` int NOT NULL DEFAULT '0',
  `min6` char(4) CHARACTER SET utf8mb4 COLLATE utf8mb4_unicode_ci DEFAULT NULL,
  `ftilt6` int NOT NULL DEFAULT '0',
  `twist6` int NOT NULL DEFAULT '0',
  `min7` char(4) CHARACTER SET utf8mb4 COLLATE utf8mb4_unicode_ci DEFAULT NULL,
  `ftilt7` int NOT NULL DEFAULT '0',
  `twist7` int NOT NULL DEFAULT '0',
  `min8` char(4) CHARACTER SET utf8mb4 COLLATE utf8mb4_unicode_ci DEFAULT NULL,
  `ftilt8` int NOT NULL DEFAULT '0',
  `twist8` int NOT NULL DEFAULT '0',
  `min9` char(4) CHARACTER SET utf8mb4 COLLATE utf8mb4_unicode_ci DEFAULT NULL,
  `ftilt9` int NOT NULL DEFAULT '0',
  `twist9` int NOT NULL DEFAULT '0',
  `min10` char(4) CHARACTER SET utf8mb4 COLLATE utf8mb4_unicode_ci DEFAULT NULL,
  `ftilt10` int NOT NULL DEFAULT '0',
  `twist10` int NOT NULL DEFAULT '0',
  `min11` char(4) CHARACTER SET utf8mb4 COLLATE utf8mb4_unicode_ci DEFAULT NULL,
  `ftilt11` int NOT NULL DEFAULT '0',
  `twist11` int NOT NULL DEFAULT '0',
  `min12` char(4) CHARACTER SET utf8mb4 COLLATE utf8mb4_unicode_ci DEFAULT NULL,
  `ftilt12` int NOT NULL DEFAULT '0',
  `twist12` int NOT NULL DEFAULT '0',
  `bpainhedno` int NOT NULL,
  PRIMARY KEY (`id`),
  UNIQUE KEY `bpain07_id_unique` (`id`)
) ENGINE=InnoDB AUTO_INCREMENT=983 DEFAULT CHARSET=utf8mb4 COLLATE=utf8mb4_unicode_ci;
/*!40101 SET character_set_client = @saved_cs_client */;

--
-- Dumping data for table `bpain07`
--

LOCK TABLES `bpain07` WRITE;
/*!40000 ALTER TABLE `bpain07` DISABLE KEYS */;
INSERT INTO `bpain07` VALUES (97,0,0,'08','16','36',3,6,'41',10,9,'46',16,14,'51',5,2,'56',9,7,NULL,0,0,NULL,0,0,NULL,0,0,NULL,0,0,NULL,0,0,NULL,0,0,NULL,0,0,515),(98,0,0,'08','17','01',6,5,'06',10,9,'11',10,3,'16',4,2,'21',13,13,'26',6,6,'31',26,26,'36',16,13,'41',7,5,'46',2,2,'51',10,12,'56',8,9,515),(99,0,0,'08','18','01',11,13,'06',3,3,'11',4,4,'16',3,4,'21',2,2,'26',1,1,'31',9,9,'36',0,0,'41',6,1,'46',6,10,'51',1,3,'56',25,43,515),(100,0,0,'08','19','01',26,34,'06',4,4,'11',4,4,'16',6,9,'21',18,17,'26',2,1,'31',0,0,'36',1,1,'41',1,1,'46',0,0,'51',0,0,'56',0,0,515),(101,0,0,'08','20','01',1,0,'06',0,0,'11',1,1,'16',9,10,'21',4,4,'26',13,13,'31',0,0,'36',1,1,'41',2,1,'46',1,0,'51',4,7,'56',0,0,515),(102,0,0,'08','21','01',0,0,'06',7,9,'11',6,6,'16',17,16,'21',18,20,'26',15,18,'31',16,17,'36',2,2,'41',2,2,'46',0,0,'51',0,0,'56',2,2,515),(103,0,0,'08','22','01',0,0,'06',0,0,'11',2,1,'16',3,6,'21',8,8,'26',4,8,'31',4,4,'36',1,2,'41',0,0,'46',0,0,'51',2,2,'56',8,6,515),(104,0,0,'08','23','01',21,14,'06',29,27,'11',27,23,'16',27,34,'21',6,7,'26',5,8,'31',0,0,'36',1,1,'41',0,0,'46',0,0,'51',0,0,'56',0,0,515),(105,0,0,'09','00','01',0,0,'06',0,0,'11',0,0,'16',8,9,'21',1,1,'26',0,0,'31',0,0,'36',0,0,'41',0,0,'46',0,0,'51',0,0,'56',0,0,515),(106,0,0,'09','01','1',0,0,'06',0,0,'11',0,0,'16',0,0,'21',0,0,'26',0,0,'31',0,0,'36',0,0,'41',0,0,'46',0,0,'51',0,0,'56',2,2,515),(107,0,0,'09','02','01',4,5,'06',25,31,'11',36,40,'16',19,19,'21',17,15,'26',20,25,'31',8,8,'36',5,7,'41',0,0,'46',0,0,'51',0,0,'56',0,0,515),(108,0,0,'09','03','01',0,0,'06',4,4,'11',1,1,'16',0,0,'21',0,0,'26',0,0,'31',14,18,'36',6,6,'41',5,4,'46',0,0,'51',0,0,'56',0,0,515),(109,0,0,'09','04','01',0,0,'06',0,0,'11',0,0,'16',0,0,'21',3,3,'26',3,4,'31',6,7,'36',4,4,'41',3,2,'46',12,13,'51',19,16,'56',22,27,515),(110,0,0,'09','05','01',19,17,'06',33,35,'11',13,11,'16',19,19,'21',26,33,'26',18,20,'31',21,18,'36',19,22,'41',22,31,'46',12,10,'51',12,16,'56',29,23,515),(111,0,0,'09','06','01',20,16,'06',25,26,'11',5,7,'16',9,13,'21',17,20,'26',13,14,'31',4,4,'36',3,8,'41',2,2,'46',25,30,'51',4,2,'56',1,1,515),(112,0,0,'09','07','01',0,0,'06',0,0,'11',2,2,'16',4,4,'21',6,6,'26',0,0,'31',1,1,'36',1,1,'41',0,0,'46',6,6,'51',3,3,'56',12,9,515),(113,0,0,'09','08','01',5,5,'06',4,4,'11',2,3,'16',25,24,'21',3,3,'26',6,5,'31',3,2,'36',27,27,'41',0,0,'46',7,3,'51',2,3,'56',0,0,515),(114,0,0,'09','9','01',5,5,'06',20,29,'11',7,9,'16',7,9,'21',4,7,'26',3,4,'31',13,27,'36',20,17,'41',11,5,'46',22,25,'51',23,21,'56',5,3,515),(115,0,0,'10','07','39',7,8,'44',6,7,'49',0,0,'54',0,0,'59',0,0,NULL,0,0,NULL,0,0,NULL,0,0,NULL,0,0,NULL,0,0,NULL,0,0,NULL,0,0,516),(116,0,0,'10','08','04',3,3,'09',0,0,'14',0,0,'19',1,2,'24',0,0,'29',2,2,'34',5,6,'39',1,1,'44',8,5,'49',5,5,'54',6,7,'59',7,7,516),(117,0,0,'10','09','04',11,8,'09',9,6,'14',2,1,'19',3,0,'24',0,0,'29',3,1,'34',0,0,'39',0,0,'44',0,0,'49',2,1,'54',15,16,'59',1,1,516),(118,0,0,'10','10','04',0,0,'09',3,3,'14',1,1,'19',0,0,'24',5,5,'29',6,8,'34',4,4,'39',2,1,'44',0,0,'49',0,0,'54',6,5,'59',3,3,516),(119,0,0,'10','11','04',5,5,'09',2,1,'14',9,8,'19',8,7,'24',4,1,'29',0,0,'34',0,0,'39',0,0,'44',7,6,'49',1,1,'54',0,0,'59',1,0,516),(120,0,0,'10','12','04',3,3,'09',0,0,'14',0,0,'19',1,0,'24',0,0,'29',0,0,'34',0,0,'39',0,0,'44',0,0,'49',0,0,'54',0,0,'59',5,3,516),(121,0,0,'10','13','04',4,3,'09',3,5,'14',1,1,'19',0,0,'24',4,5,'29',2,2,'34',1,1,'39',2,3,'44',10,14,'49',7,7,'54',6,8,'59',13,15,516),(122,0,0,'10','14','04',0,0,'09',1,0,'14',0,0,'19',0,0,'24',2,2,'29',5,2,'34',2,3,'39',4,2,'44',6,5,'49',1,0,'54',1,1,'59',5,5,516),(123,0,0,'10','15','04',7,8,'09',2,1,'11',0,2,NULL,0,0,NULL,0,0,NULL,0,0,NULL,0,0,NULL,0,0,NULL,0,0,NULL,0,0,NULL,0,0,NULL,0,0,516),(124,0,0,'09','9','51',19,22,'56',12,30,NULL,0,0,NULL,0,0,NULL,0,0,NULL,0,0,NULL,0,0,NULL,0,0,NULL,0,0,NULL,0,0,NULL,0,0,NULL,0,0,517),(125,0,0,'09','10','01',5,3,'06',13,13,'11',16,33,'16',18,20,'21',14,16,'26',12,13,'31',13,19,'36',6,11,'41',6,9,'46',23,35,'51',20,37,'56',21,25,517),(126,0,0,'09','11','01',19,20,'06',17,17,'11',18,20,'16',20,26,'21',7,7,'26',12,17,'31',16,14,'36',14,22,'41',38,45,'46',28,28,'51',19,25,'56',22,31,517),(127,0,0,'09','12','01',10,11,'06',22,26,'11',9,8,'16',11,26,'21',13,6,'26',2,1,'31',0,0,'36',5,0,'41',2,2,'46',5,4,'51',9,20,'56',10,13,517),(128,0,0,'09','13','01',9,8,'06',0,0,'11',1,2,'16',0,0,'21',1,1,'26',5,3,'31',7,9,'36',9,18,'41',24,33,'46',32,41,'51',41,44,'56',34,49,517),(129,0,0,'09','14','01',40,51,'06',27,31,'11',27,43,'16',26,36,'21',12,32,'26',13,25,'31',16,42,'36',19,32,'41',23,34,'46',5,7,'51',8,16,'56',16,32,517),(130,0,0,'09','15','01',13,18,'06',28,35,'11',0,0,'16',8,11,'21',26,41,'26',44,53,'31',34,48,'36',31,37,'41',6,8,'46',0,0,'51',1,1,'56',4,1,517),(131,0,0,'09','16','01',19,32,'06',17,36,'11',22,29,'16',19,30,'21',29,33,'26',17,13,'31',22,24,'36',6,7,'41',12,21,'46',21,22,'51',13,13,'56',21,20,517),(132,0,0,'09','17','01',23,25,'06',30,40,'11',21,21,'16',20,24,'21',28,28,'26',12,13,'31',7,16,'36',1,7,'41',9,10,'46',3,6,'51',2,5,'56',23,30,517),(133,0,0,'09','18','01',11,11,'06',5,11,'08',2,3,NULL,0,0,NULL,0,0,NULL,0,0,NULL,0,0,NULL,0,0,NULL,0,0,NULL,0,0,NULL,0,0,NULL,0,0,517),(134,0,0,'09','12','04',7,5,'09',2,1,'14',2,1,'19',5,4,'24',0,0,'29',12,14,'34',33,33,'39',32,44,'44',19,19,'49',3,3,'54',3,3,'59',6,8,518),(135,0,0,'09','13','04',19,20,'09',2,4,'14',2,2,'19',7,9,'24',26,30,'29',16,17,'34',18,27,'39',22,26,'44',31,29,'49',12,13,'54',17,14,'59',22,26,518),(136,0,0,'09','14','04',24,37,'09',18,17,'14',7,7,'19',14,14,'24',14,14,'29',29,31,'34',24,29,'39',13,14,'44',7,12,'49',21,21,'54',20,43,'59',19,56,518),(137,0,0,'09','15','04',21,27,'09',18,84,'14',24,51,'19',25,42,'24',35,47,'29',19,37,'34',24,32,'39',20,33,'44',32,40,'49',35,40,'54',5,7,'59',15,14,518),(138,0,0,'09','16','04',17,26,'09',2,2,'14',18,22,'19',5,6,'24',15,16,'29',17,20,'34',19,17,'39',29,38,'44',28,39,'49',14,25,'54',14,15,'59',11,13,518),(139,0,0,'09','17','04',9,9,'09',15,9,'14',15,15,'19',15,11,'24',14,12,'29',14,12,'34',23,24,'39',26,31,'44',10,11,'49',17,22,'54',10,10,'59',1,1,518),(140,0,0,'09','18','04',2,1,'09',0,1,'14',0,0,'19',0,0,'24',0,0,'29',2,0,'34',3,4,'39',17,13,'44',21,29,'49',21,34,'54',10,14,'59',25,42,518),(141,0,0,'09','19','04',22,29,'09',24,30,'14',20,24,'19',29,30,'24',26,34,'29',41,52,'34',27,31,'39',9,11,'44',3,2,'49',2,2,'54',0,0,'59',2,2,518),(142,0,0,'09','20','04',2,2,'09',3,7,'12',6,7,NULL,0,0,NULL,0,0,NULL,0,0,NULL,0,0,NULL,0,0,NULL,0,0,NULL,0,0,NULL,0,0,NULL,0,0,518),(143,0,0,'10','16','33',7,7,'38',4,7,'43',1,0,'48',7,10,'53',20,25,'58',22,20,NULL,0,0,NULL,0,0,NULL,0,0,NULL,0,0,NULL,0,0,NULL,0,0,519),(144,0,0,'10','17','03',14,14,'08',17,17,'13',21,27,'18',9,10,'23',11,12,'28',22,25,'33',9,9,'38',5,4,'43',0,0,'48',0,0,'53',0,0,'58',16,27,519),(145,0,0,'10','18','03',8,8,'08',3,4,'13',1,1,'18',0,0,'23',0,0,'28',3,3,'33',19,24,'38',16,15,'43',6,9,'48',3,2,'53',0,0,'58',4,3,519),(146,0,0,'10','19','03',5,3,'08',13,17,'13',24,30,'18',6,1,'23',9,9,'28',16,16,'33',16,10,'38',23,28,'43',11,11,'48',14,18,'53',22,28,'58',15,20,519),(147,0,0,'10','20','03',10,12,'08',15,20,'13',18,19,'18',1,1,'23',0,0,'28',0,0,'33',0,0,'38',0,0,'43',0,0,'48',0,0,'53',0,0,'58',0,0,519),(148,0,0,'10','21','03',4,4,'08',4,3,'13',0,0,'18',0,0,'23',11,12,'28',4,3,'33',5,2,'38',0,0,'43',0,0,'48',0,0,'53',0,0,'58',0,0,519),(149,0,0,'10','22','03',0,0,'08',0,0,'13',0,0,'18',0,0,'23',0,0,'28',0,0,'33',0,0,'38',0,0,'43',0,0,'48',0,0,'53',0,0,'58',0,0,519),(150,0,0,'10','23','03',0,0,'08',0,0,'13',0,0,'18',0,0,'23',0,0,'28',0,0,'33',0,0,'38',0,0,'43',0,0,'48',0,0,'53',0,0,'58',0,0,519),(151,0,0,'11','00','03',0,0,'08',0,0,'13',0,0,'18',0,0,'23',0,0,'28',0,0,'33',0,0,'38',0,0,'43',0,0,'48',0,0,'53',0,0,'58',0,0,519),(152,0,0,'11','01','03',0,0,'08',0,0,'13',0,0,'18',0,0,'23',0,0,'28',0,0,'33',0,0,'38',0,0,'43',0,0,'48',0,0,'53',0,0,'58',0,0,519),(153,0,0,'11','02','03',0,0,'08',0,0,'13',0,0,'18',0,0,'23',0,0,'28',0,0,'33',0,0,'38',0,0,'43',0,0,'48',0,0,'53',0,0,'58',0,0,519),(154,0,0,'11','03','3',0,0,'08',0,0,'13',0,0,'18',0,0,'23',0,0,'28',0,0,'33',0,0,'38',0,0,'43',0,0,'48',0,0,'53',0,0,'58',0,0,519),(155,0,0,'11','04','03',0,0,'08',0,0,'13',0,0,'18',0,0,'23',0,0,'28',0,0,'33',0,0,'38',0,0,'43',0,0,'48',0,0,'53',0,0,'58',0,0,519),(156,0,0,'11','05','03',0,0,'08',0,0,'13',0,0,'18',0,0,'23',0,0,'28',11,19,'33',23,18,'38',16,11,'43',20,26,'48',18,24,'53',15,16,'58',28,34,519),(157,0,0,'11','06','03',11,11,'08',22,29,'13',8,6,'18',13,12,'23',5,9,'28',14,13,'33',9,10,'38',1,1,'43',10,8,'48',6,9,'53',2,2,'58',0,0,519),(158,0,0,'11','07','03',1,0,'08',3,4,'13',7,8,'18',10,9,'23',0,0,'28',1,1,'33',11,10,'38',13,10,'43',8,3,'48',2,2,'53',5,4,'58',0,0,519),(159,0,0,'11','08','03',14,15,'08',6,5,'13',14,12,'18',18,18,'23',2,2,'28',0,0,'33',0,0,'38',0,0,'43',0,0,'48',8,10,'53',1,0,'58',0,0,519),(160,0,0,'11','09','03',1,1,'08',9,13,'13',9,14,'18',8,11,'23',6,7,'28',6,8,'32',0,0,NULL,0,0,NULL,0,0,NULL,0,0,NULL,0,0,NULL,0,0,519),(161,0,0,'09','9','55',1,1,NULL,0,0,NULL,0,0,NULL,0,0,NULL,0,0,NULL,0,0,NULL,0,0,NULL,0,0,NULL,0,0,NULL,0,0,NULL,0,0,NULL,0,0,520),(162,0,0,'09','10','00',0,0,'05',1,3,'10',1,1,'15',3,2,'20',2,2,'25',3,2,'30',2,0,'35',0,0,'40',13,25,'45',17,14,'50',12,13,'55',30,33,520),(163,0,0,'09','11','00',20,22,'05',1,0,'10',3,2,'15',7,7,'20',0,0,'25',13,11,'30',0,0,'35',7,6,'40',9,10,'45',8,8,'50',4,3,'55',3,3,520),(164,0,0,'09','12','00',14,8,'05',5,5,'10',3,2,'15',0,0,'20',5,3,'25',10,8,'30',11,15,'35',7,8,'40',8,8,'45',3,2,'50',3,3,'55',4,3,520),(165,0,0,'09','13','00',4,3,'05',1,2,'10',7,9,'15',17,19,'20',8,6,'25',7,6,'30',1,2,'35',6,6,'40',2,2,'45',4,3,'50',1,1,'55',5,4,520),(166,0,0,'09','14','00',6,7,'05',3,3,'10',13,13,'15',5,6,'20',4,4,'25',7,7,'30',22,5,'35',6,2,'40',0,0,'45',2,2,'50',2,2,'55',2,2,520),(167,0,0,'09','15','00',1,1,'05',0,0,'10',3,3,'15',2,2,'20',4,4,'25',8,6,'30',10,13,'35',4,5,'40',0,0,'45',0,0,'50',5,8,'55',1,1,520),(168,0,0,'09','16','00',2,0,'05',4,0,'10',13,5,'15',3,24,'20',0,0,'25',10,14,'30',8,7,'35',2,14,'40',1,0,'45',1,0,'50',15,17,'55',2,1,520),(169,0,0,'09','17','00',1,3,'05',12,13,'10',12,12,'15',14,21,'20',9,8,'25',8,7,'30',13,14,'35',13,15,'40',4,3,'45',15,11,'50',17,25,'55',4,5,520),(170,0,0,'09','18','00',1,1,'05',0,0,'10',4,4,'12',1,2,NULL,0,0,NULL,0,0,NULL,0,0,NULL,0,0,NULL,0,0,NULL,0,0,NULL,0,0,NULL,0,0,520),(171,0,0,'10','07','21',5,4,'26',10,15,'31',26,28,'36',20,31,'41',10,22,'46',0,0,'51',0,0,'56',5,13,NULL,0,0,NULL,0,0,NULL,0,0,NULL,0,0,521),(172,0,0,'10','08','01',4,4,'06',1,1,'11',1,1,'16',8,10,'21',23,43,'26',25,38,'31',27,33,'36',40,44,'41',26,22,'46',19,28,'51',13,42,'56',21,25,521),(173,0,0,'10','09','01',20,35,'06',18,28,'11',15,14,'16',20,23,'21',25,26,'26',38,38,'31',27,39,'36',31,36,'41',26,36,'46',25,37,'51',18,28,'56',11,16,521),(174,0,0,'10','10','01',10,11,'06',13,15,'11',8,10,'16',28,35,'21',27,45,'26',25,29,'31',15,30,'36',15,44,'41',35,45,'46',12,20,'51',14,38,'56',14,20,521),(175,0,0,'10','11','01',23,44,'06',18,42,'11',24,41,'16',26,36,'21',31,43,'26',16,18,'31',13,20,'36',8,7,'41',11,19,'46',18,30,'51',10,11,'56',1,1,521),(176,0,0,'10','12','01',2,2,'06',4,6,'11',0,0,'16',13,18,'21',1,1,'26',0,0,'31',0,0,'36',14,21,'41',13,18,'46',18,32,'51',24,37,'56',18,22,521),(177,0,0,'10','13','01',25,37,'06',18,18,'11',16,16,'16',24,18,'21',9,10,'26',13,10,'31',9,1,'36',20,24,'41',30,47,'46',24,39,'51',30,38,'56',22,35,521),(178,0,0,'10','14','01',20,25,'06',22,24,'11',5,4,'16',11,8,'21',19,39,'26',17,17,'31',28,47,'36',26,36,'41',21,31,'46',24,31,'51',25,31,'56',20,23,521),(179,0,0,'10','15','01',12,14,'06',16,24,'10',5,6,NULL,0,0,NULL,0,0,NULL,0,0,NULL,0,0,NULL,0,0,NULL,0,0,NULL,0,0,NULL,0,0,NULL,0,0,521),(180,0,0,'09','12','10',7,8,'15',10,8,'20',7,6,'25',4,4,'30',18,22,'35',11,11,'40',16,18,'45',17,19,'50',13,14,'55',7,7,NULL,0,0,NULL,0,0,522),(181,0,0,'09','13','00',14,18,'05',3,6,'10',7,5,'15',11,18,'20',1,7,'25',4,7,'30',5,9,'35',16,23,'40',18,20,'45',6,7,'50',14,20,'55',4,4,522),(182,0,0,'09','14','00',0,0,'05',0,0,'10',0,0,'15',6,8,'20',13,16,'25',14,13,'30',4,5,'35',19,28,'40',18,23,'45',25,43,'50',14,18,'55',1,1,522),(183,0,0,'09','15','00',23,25,'05',2,2,'10',5,7,'15',2,3,'20',23,26,'25',2,2,'30',18,23,'35',16,23,'40',17,34,'45',25,29,'50',17,17,'55',24,34,522),(184,0,0,'09','16','00',34,36,'05',22,33,'10',12,16,'15',12,20,'20',1,1,'25',21,23,'30',24,36,'35',5,6,'40',11,13,'45',0,0,'50',0,0,'55',0,0,522),(185,0,0,'09','17','00',0,0,'05',0,0,'10',0,0,'15',0,0,'20',0,0,'25',25,34,'30',31,35,'35',32,24,'40',33,41,'45',24,26,'50',28,29,'55',11,13,522),(186,0,0,'09','18','00',5,7,'05',0,0,'10',0,0,'15',7,7,'20',6,5,'25',23,27,'30',24,27,'35',34,31,'40',27,32,'45',27,52,'50',35,41,'55',28,41,522),(187,0,0,'09','19','00',21,23,'05',21,30,'10',22,53,'15',31,40,'20',20,34,'25',16,55,'30',30,47,'35',41,45,'40',17,19,'45',25,27,'50',9,14,'55',7,7,522),(188,0,0,'09','20','00',19,40,'05',13,13,'10',13,9,'13',1,12,NULL,0,0,NULL,0,0,NULL,0,0,NULL,0,0,NULL,0,0,NULL,0,0,NULL,0,0,NULL,0,0,522),(189,0,0,'08','16','47',1,4,'52',19,20,'57',16,24,NULL,0,0,NULL,0,0,NULL,0,0,NULL,0,0,NULL,0,0,NULL,0,0,NULL,0,0,NULL,0,0,NULL,0,0,523),(190,0,0,'08','17','02',5,5,'07',21,20,'12',29,23,'17',21,21,'22',14,19,'27',7,6,'32',14,14,'37',15,17,'42',28,34,'47',31,32,'52',28,38,'57',12,14,523),(191,0,0,'08','18','02',23,25,'07',12,15,'12',10,13,'17',12,12,'22',0,0,'27',16,17,'32',34,37,'37',29,50,'42',25,23,'47',17,21,'52',23,27,'57',26,46,523),(192,0,0,'08','19','02',29,27,'07',23,22,'12',18,21,'17',13,26,'22',14,41,'27',32,35,'32',14,21,'37',28,56,'42',24,42,'47',11,17,'52',12,21,'57',13,21,523),(193,0,0,'08','20','02',0,0,'07',5,13,'12',19,27,'17',7,9,'22',8,6,'27',25,27,'32',4,4,'37',1,3,'42',4,13,'47',1,0,'52',1,1,'57',3,2,523),(194,0,0,'08','21','02',5,4,'07',21,28,'12',24,22,'17',9,24,'22',19,26,'27',18,23,'32',20,35,'37',10,13,'42',15,16,'47',7,15,'52',12,20,'57',17,28,523),(195,0,0,'08','22','02',18,29,'07',14,25,'12',2,2,'17',25,25,'22',13,20,'27',9,10,'32',14,11,'37',3,5,'42',0,0,'47',3,7,'52',5,5,'57',17,24,523),(196,0,0,'08','23','02',12,18,'07',22,29,'12',15,28,'17',25,35,'22',6,6,'27',3,11,'32',1,1,'37',0,0,'42',0,0,'47',0,0,'52',4,5,'57',6,6,523),(197,0,0,'09','00','02',1,1,'07',14,15,'12',14,16,'17',6,6,'22',17,19,'27',18,20,'32',0,0,'37',0,0,'42',0,0,'47',0,0,'52',0,0,'57',0,0,523),(198,0,0,'09','01','02',0,0,'07',0,0,'12',0,0,'17',0,0,'22',0,0,'27',0,0,'32',0,0,'37',0,0,'42',0,0,'47',0,0,'52',0,0,'57',4,4,523),(199,0,0,'09','02','2',6,9,'07',20,28,'12',16,21,'17',15,25,'22',30,42,'27',18,35,'32',23,20,'37',23,23,'42',10,11,'47',3,2,'52',0,0,'57',0,0,523),(200,0,0,'09','03','02',0,0,'07',0,0,'12',0,0,'17',0,0,'22',0,0,'27',0,0,'32',0,0,'37',0,0,'42',0,0,'47',2,2,'52',15,16,'57',11,15,523),(201,0,0,'09','04','02',5,6,'07',20,11,'12',8,6,'17',26,24,'22',26,25,'27',25,30,'32',15,20,'37',21,17,'42',20,20,'47',18,23,'52',30,37,'57',32,40,523),(202,0,0,'09','05','02',27,42,'07',22,42,'12',29,29,'17',23,43,'22',12,45,'27',27,46,'32',24,44,'37',30,33,'42',37,56,'47',30,35,'52',24,23,'57',17,23,523),(203,0,0,'09','06','02',32,39,'07',26,36,'12',31,38,'17',26,35,'22',15,19,'27',24,26,'32',11,14,'37',8,14,'42',12,22,'47',17,31,'52',16,29,'57',20,19,523),(204,0,0,'09','07','02',12,27,'07',14,25,'12',18,25,'17',3,2,'22',6,6,'27',1,1,'32',12,15,'37',6,7,'42',20,19,'47',10,13,'52',5,4,'57',3,1,523),(205,0,0,'09','08','02',0,0,'07',7,7,'12',2,2,'17',2,1,'22',18,12,'27',5,5,'32',1,1,'37',9,10,'42',7,7,'47',5,8,'52',16,17,'57',7,9,523),(206,0,0,'09','9','02',6,10,'07',16,21,'12',5,15,'17',5,24,'22',6,8,'27',5,9,'32',4,5,'36',2,2,NULL,0,0,NULL,0,0,NULL,0,0,NULL,0,0,523),(207,0,0,'11','09','44',7,8,'49',14,22,'54',19,23,'59',34,38,NULL,0,0,NULL,0,0,NULL,0,0,NULL,0,0,NULL,0,0,NULL,0,0,NULL,0,0,NULL,0,0,524),(208,0,0,'11','10','04',19,22,'09',32,38,'14',23,30,'19',27,31,'24',21,24,'29',11,12,'34',20,18,'39',45,45,'44',20,23,'49',28,33,'54',18,20,'59',13,14,524),(209,0,0,'11','11','04',28,28,'09',34,35,'14',14,25,'19',18,27,'24',11,14,'29',5,5,'34',17,19,'39',8,7,'44',8,9,'49',17,21,'54',13,19,'59',4,2,524),(210,0,0,'11','12','04',2,2,'09',0,0,'14',1,1,'19',4,6,'24',15,17,'29',9,9,'34',8,18,'39',4,4,'44',3,2,'49',9,10,'54',1,0,'59',9,8,524),(211,0,0,'11','13','04',12,21,'09',28,46,'14',7,10,'19',17,20,'24',20,20,'29',15,17,'34',25,26,'39',25,21,'44',19,15,'49',8,12,'54',1,1,'59',2,3,524),(212,0,0,'11','14','04',19,19,'09',16,19,'14',1,1,'19',22,16,'24',13,23,'29',17,30,'34',25,29,'39',18,18,'44',18,31,'49',30,39,'54',34,36,'59',11,14,524),(213,0,0,'11','15','04',29,23,'09',23,29,'14',15,20,'19',8,7,'24',11,6,'29',5,7,'34',3,4,'39',0,0,'44',0,0,'49',0,0,'54',0,0,'59',0,0,524),(214,0,0,'11','16','04',0,0,'09',0,0,'14',0,0,'19',0,0,'24',1,35,NULL,0,0,NULL,0,0,NULL,0,0,NULL,0,0,NULL,0,0,NULL,0,0,NULL,0,0,524),(215,0,0,'11','09','30',2,1,'35',6,6,'40',2,2,'45',3,3,'50',0,0,'55',5,5,NULL,0,0,NULL,0,0,NULL,0,0,NULL,0,0,NULL,0,0,NULL,0,0,525),(216,0,0,'11','10','00',2,2,'05',3,3,'10',5,5,'15',20,17,'20',6,7,'25',15,16,'30',17,23,'35',23,30,'40',6,7,'45',4,6,'50',4,3,'55',2,1,525),(217,0,0,'11','11','00',0,0,'05',3,6,'10',14,14,'15',1,1,'20',0,0,'25',0,0,'30',3,3,'35',5,5,'40',6,5,'45',0,0,'50',2,2,'55',9,9,525),(218,0,0,'11','12','00',3,2,'05',0,0,'10',0,0,'15',1,1,'20',5,5,'25',7,7,'30',7,7,'35',10,14,'40',11,10,'45',1,2,'50',1,1,'55',2,2,525),(219,0,0,'11','13','00',1,1,'05',3,3,'10',17,25,'15',9,11,'20',8,17,'25',20,21,'30',27,30,'35',16,15,'40',24,27,'45',19,18,'50',17,22,'55',4,5,525),(220,0,0,'11','14','00',12,11,'05',24,36,'10',7,8,'15',9,9,'20',7,9,'25',19,31,'30',6,8,'35',2,2,'40',11,9,'45',25,27,'50',10,11,'55',4,4,525),(221,0,0,'11','15','00',11,8,'05',10,13,'10',6,6,'15',12,12,'20',1,1,'25',0,0,'30',1,2,'35',2,2,'40',0,0,'45',0,0,'50',0,0,'55',0,0,525),(222,0,0,'11','16','00',0,0,'05',0,0,'10',0,0,'15',0,0,'20',2,2,NULL,0,0,NULL,0,0,NULL,0,0,NULL,0,0,NULL,0,0,NULL,0,0,NULL,0,0,525),(223,0,0,'10','07','06',4,5,'11',6,7,'16',12,9,'21',11,6,'26',41,47,'31',18,12,'36',14,18,'41',28,26,'46',12,7,'51',25,27,'56',39,47,NULL,0,0,526),(224,0,0,'10','08','01',29,33,'06',39,52,'11',15,17,'16',22,22,'21',23,25,'26',20,13,'31',6,4,'36',4,5,'41',9,13,'46',28,23,'51',35,39,'56',16,17,526),(225,0,0,'10','09','01',6,7,'06',7,4,'11',22,28,'16',8,13,'21',17,17,'26',10,14,'31',14,13,'36',31,33,'41',31,29,'46',17,14,'51',1,1,'56',20,21,526),(226,0,0,'10','10','01',12,13,'06',14,15,'11',36,34,'16',13,13,'21',24,26,'26',24,22,'31',27,26,'36',32,37,'41',20,25,'46',26,39,'51',16,20,'56',18,19,526),(227,0,0,'10','11','01',25,20,'06',25,30,'11',31,39,'16',20,22,'21',8,8,'26',0,0,'31',0,0,'36',0,0,'41',0,0,'46',0,0,'51',2,3,'56',30,32,526),(228,0,0,'10','12','01',43,50,'06',42,51,'11',42,58,'16',31,46,'21',46,49,'26',30,31,'31',17,20,'36',1,1,'41',0,0,'46',2,6,'51',0,0,'56',15,14,526),(229,0,0,'10','13','01',9,4,'06',0,0,'11',1,1,'16',1,1,'21',21,26,'26',13,15,'31',47,52,'36',18,56,'41',44,73,'46',35,50,'51',31,69,'56',44,60,526),(230,0,0,'10','14','01',30,77,'06',36,80,'11',29,53,'16',46,69,'21',33,66,'26',36,62,'31',38,74,'36',27,49,'41',44,78,'46',6,8,'51',2,1,'56',3,2,526),(231,0,0,'10','15','01',3,3,'06',1,1,'08',3,8,NULL,0,0,NULL,0,0,NULL,0,0,NULL,0,0,NULL,0,0,NULL,0,0,NULL,0,0,NULL,0,0,NULL,0,0,526),(232,0,0,'15','14','13',5,4,NULL,0,0,NULL,0,0,NULL,0,0,NULL,0,0,NULL,0,0,NULL,0,0,NULL,0,0,NULL,0,0,NULL,0,0,NULL,0,0,NULL,0,0,527),(233,0,0,'15','14','12',1,1,NULL,0,0,NULL,0,0,NULL,0,0,NULL,0,0,NULL,0,0,NULL,0,0,NULL,0,0,NULL,0,0,NULL,0,0,NULL,0,0,NULL,0,0,528),(234,0,0,'08','8','28',0,0,'33',1,1,'38',5,5,'43',3,2,'48',1,1,'53',2,2,'58',1,1,NULL,0,0,NULL,0,0,NULL,0,0,NULL,0,0,NULL,0,0,530),(235,0,0,'08','09','03',0,0,'08',0,0,'13',8,9,'18',1,0,'23',0,0,'28',0,0,'33',1,1,'38',11,9,'43',1,1,'48',0,0,'53',0,0,'58',0,0,530),(236,0,0,'08','10','03',6,5,'08',4,1,'13',0,0,'18',0,0,'23',3,2,'28',5,6,'33',3,3,'38',0,0,'43',0,0,'48',0,0,'53',5,4,'58',13,13,530),(237,0,0,'08','11','03',23,21,'08',21,23,'13',0,0,'18',0,0,'23',0,0,'28',2,3,'33',0,0,'38',1,1,'43',0,0,'48',7,6,'53',2,2,'58',1,4,530),(238,0,0,'08','12','03',1,1,'08',0,0,'13',3,3,'18',3,3,'23',0,0,'28',0,0,'33',2,3,'38',1,0,'43',0,0,'48',1,1,'53',0,0,'58',0,0,530),(239,0,0,'08','13','03',4,4,'08',0,0,'13',0,0,'18',1,1,'23',0,0,'28',0,0,'33',0,0,'38',1,1,'43',0,0,'48',0,0,'53',0,0,'58',0,0,530),(240,0,0,'08','14','03',3,3,'08',1,1,'13',3,3,'18',1,1,'23',1,1,'28',2,2,'33',10,8,'38',3,3,'43',1,1,'48',2,1,'53',2,2,'58',0,0,530),(241,0,0,'08','15','03',6,5,'08',2,1,'13',2,1,'18',4,4,'23',4,3,'28',2,2,'33',3,3,'38',4,4,'43',9,7,'48',0,0,'53',10,9,'58',3,1,530),(242,0,0,'08','16','03',1,1,'08',0,0,'13',9,8,'18',0,0,'23',0,0,'28',0,0,'33',0,0,'38',0,0,'43',0,0,'48',4,2,'53',0,0,'58',0,0,530),(243,0,0,'08','17','03',3,3,'08',2,2,'13',2,2,'18',3,5,'23',1,1,'28',1,1,'33',1,1,'38',0,0,'42',7,8,NULL,0,0,NULL,0,0,NULL,0,0,530),(244,0,0,'09','07','37',4,3,'42',1,1,'47',8,13,'52',9,7,'57',0,0,NULL,0,0,NULL,0,0,NULL,0,0,NULL,0,0,NULL,0,0,NULL,0,0,NULL,0,0,531),(245,0,0,'09','08','02',3,3,'07',0,0,'12',0,0,'17',0,0,'22',0,0,'27',0,0,'32',0,0,'37',6,5,'42',3,3,'47',9,6,'52',2,2,'57',0,0,531),(246,0,0,'09','9','02',4,5,'07',2,2,'12',1,1,'17',3,2,'22',2,1,'27',5,4,'32',0,0,'37',9,5,'42',20,17,'47',5,2,'52',4,4,'57',0,0,531),(247,0,0,'09','10','02',0,0,'07',0,0,'12',1,1,'17',1,1,'22',0,0,'27',3,3,'32',0,0,'37',0,0,'42',1,1,'47',0,0,'52',0,0,'57',0,0,531),(248,0,0,'09','11','02',2,2,'07',4,4,'12',0,0,'17',0,0,'22',0,0,'27',3,3,'32',0,0,'37',0,0,'42',8,8,'47',17,14,'52',17,14,'57',1,1,531),(249,0,0,'09','12','02',1,1,'07',1,1,'12',1,1,'17',0,0,'22',0,0,'27',1,0,'32',0,0,'37',0,0,'42',1,1,'47',3,1,'52',0,0,'57',0,0,531),(250,0,0,'09','13','02',0,0,'07',0,0,'12',1,1,'17',0,0,'22',4,3,'27',0,0,'32',1,1,'37',1,1,'42',1,1,'47',0,0,'52',0,0,'57',4,2,531),(251,0,0,'09','14','02',0,0,'07',0,0,'12',0,0,'17',0,0,'22',2,1,'27',0,0,'32',0,0,'37',1,1,'42',1,1,'47',2,1,'52',4,4,'57',0,0,531),(252,0,0,'09','15','02',0,0,'07',0,0,'12',0,0,'17',1,1,'22',2,2,'27',1,1,'32',1,1,'37',4,4,'42',2,2,'47',4,2,'52',0,0,'57',1,1,531),(253,0,0,'09','16','02',0,0,'07',0,0,'12',0,0,'17',1,0,'22',2,2,'27',0,0,'32',0,0,'37',0,0,'42',0,0,'47',0,0,'52',0,0,'57',0,0,531),(254,0,0,'09','17','02',0,0,'07',0,0,'12',0,0,'17',2,2,'22',0,0,'27',0,0,'32',0,0,'37',0,0,'42',0,0,NULL,0,0,NULL,0,0,NULL,0,0,531),(255,0,0,'10','08','26',1,1,'31',0,0,'36',0,0,'41',0,0,'46',0,0,'51',0,0,'56',0,0,NULL,0,0,NULL,0,0,NULL,0,0,NULL,0,0,NULL,0,0,532),(256,0,0,'10','09','01',0,0,'06',1,1,'11',0,0,'16',0,0,'21',0,0,'26',0,0,'31',3,5,'36',0,0,'41',0,0,'46',0,0,'51',0,0,'56',1,0,532),(257,0,0,'10','10','01',0,0,'06',1,1,'11',2,2,'16',6,5,'21',4,4,'26',2,3,'31',0,0,'36',3,7,'41',1,1,'46',0,0,'51',15,13,'56',4,2,532),(258,0,0,'10','11','01',1,0,'06',0,0,'11',0,0,'16',0,0,'21',0,0,'26',0,0,'31',0,0,'36',0,0,'41',0,0,'46',0,0,'51',0,0,'56',0,0,532),(259,0,0,'10','12','01',3,4,'06',1,1,'11',1,1,'16',2,2,'21',0,0,'26',1,1,'31',2,2,'36',2,1,'41',0,0,'46',3,2,'51',0,0,'56',2,2,532),(260,0,0,'10','13','01',2,2,'06',0,0,'11',0,0,'16',2,1,'21',2,3,'26',0,0,'31',0,0,'36',0,0,'41',2,1,'46',0,0,'51',1,1,'56',1,1,532),(261,0,0,'10','14','01',3,3,'06',0,0,'11',0,0,'16',0,0,'21',0,0,'26',0,0,'31',0,0,'36',0,0,'41',0,0,'46',0,0,'51',0,0,'56',0,0,532),(262,0,0,'10','15','01',0,0,'06',0,0,'11',0,0,'16',0,0,'21',0,0,'26',0,0,'31',0,0,'36',0,0,'41',0,0,'46',0,0,'51',1,0,'56',3,1,532),(263,0,0,'10','16','01',0,0,'06',0,0,'11',0,0,'16',0,0,'21',0,0,'26',1,1,'31',0,0,'36',1,1,'41',1,2,'46',5,8,'51',5,6,'56',10,14,532),(264,0,0,'10','17','01',2,2,'05',2,2,NULL,0,0,NULL,0,0,NULL,0,0,NULL,0,0,NULL,0,0,NULL,0,0,NULL,0,0,NULL,0,0,NULL,0,0,NULL,0,0,532),(265,0,0,'12','12','02',3,3,'07',0,0,'12',0,0,'17',2,1,'22',0,0,'27',0,0,'32',0,0,'37',0,0,'42',5,6,'47',0,0,'52',2,0,'57',3,3,533),(266,0,0,'12','13','02',0,0,'07',0,0,'12',0,0,'17',0,0,'22',1,0,'27',3,4,'32',0,0,'37',0,0,'42',0,0,'47',4,2,'52',2,1,'57',3,3,533),(267,0,0,'12','14','02',2,0,'07',3,2,'12',6,5,'17',5,6,'22',2,1,'27',4,3,'32',3,3,'37',7,6,'42',3,3,'47',2,2,'52',1,1,'57',2,2,533),(268,0,0,'12','15','02',1,1,'07',5,4,'12',6,8,'17',4,4,'22',11,12,'27',9,9,'32',2,2,'37',2,3,'42',1,1,'47',0,0,'52',0,0,'57',1,1,533),(269,0,0,'12','16','02',0,0,'07',0,0,'12',19,9,'17',5,5,'22',0,0,'27',0,0,'32',3,0,'37',1,1,'42',0,0,'47',3,2,'52',1,0,'57',0,0,533),(270,0,0,'12','17','02',0,0,'07',3,1,'12',0,0,'17',0,0,'22',3,2,'27',11,5,'32',2,0,'37',0,0,'42',0,0,'47',0,0,'52',4,5,'57',0,0,533),(271,0,0,'12','18','02',16,16,'07',8,4,'12',1,1,'17',6,7,'22',1,1,'27',5,4,'32',3,2,'37',9,1,'42',4,0,'47',5,2,'52',4,4,'57',2,1,533),(272,0,0,'12','19','02',9,9,'07',5,6,'12',1,1,'17',0,0,'22',0,0,'27',1,1,'32',0,0,'37',0,0,'42',0,0,'47',0,0,'52',4,4,'57',1,1,533),(273,0,0,'12','20','02',5,4,'07',2,4,'12',6,7,'17',17,14,'22',4,2,'27',1,1,'32',2,4,'37',0,0,'42',0,0,'47',1,1,'52',2,1,'57',0,0,533),(274,0,0,'12','21','02',0,0,'07',0,0,'12',1,1,'17',0,0,'22',0,0,'25',1,0,NULL,0,0,NULL,0,0,NULL,0,0,NULL,0,0,NULL,0,0,NULL,0,0,533),(275,0,0,'13','16','44',3,4,'49',7,5,'54',3,4,'59',1,1,NULL,0,0,NULL,0,0,NULL,0,0,NULL,0,0,NULL,0,0,NULL,0,0,NULL,0,0,NULL,0,0,534),(276,0,0,'13','17','04',0,0,'09',1,1,'14',6,5,'19',7,8,'24',3,3,'29',3,3,'34',3,2,'39',0,0,'44',2,1,'49',1,1,'54',8,4,'59',4,4,534),(277,0,0,'13','18','04',1,1,'09',2,1,'14',8,6,'19',2,3,'24',2,1,'29',2,2,'34',0,0,'39',0,0,'44',5,5,'49',3,3,'54',2,2,'59',5,5,534),(278,0,0,'13','19','04',4,2,'09',1,1,'14',0,0,'19',0,0,'24',2,1,'29',1,2,'34',1,0,'39',2,1,'44',1,1,'49',3,5,'54',2,2,'59',2,2,534),(279,0,0,'13','20','04',0,0,'09',9,6,'14',14,14,'19',3,2,'24',5,5,'29',6,9,'34',5,5,'39',14,17,'44',0,0,'49',0,0,'54',4,5,'59',6,6,534),(280,0,0,'13','21','04',10,11,'09',0,0,'14',1,1,'19',0,0,'24',1,1,'29',0,0,'34',0,0,'39',0,0,'44',0,0,'49',3,3,'54',9,7,'59',8,7,534),(281,0,0,'13','22','04',4,4,'09',2,2,'14',2,2,'19',0,0,'24',0,0,'29',0,0,'34',0,0,'39',0,0,'44',0,0,'49',0,0,'54',0,0,'59',1,1,534),(282,0,0,'13','23','04',0,0,'09',0,0,'14',0,0,'19',0,0,'24',0,0,'29',0,0,'34',0,0,'39',0,0,'44',0,0,'49',0,0,'54',0,0,'59',0,0,534),(283,0,0,'14','00','04',0,0,'09',1,0,'14',1,0,'19',1,1,'24',7,8,'29',9,9,'34',9,9,'39',9,11,'44',3,3,'49',1,1,'54',1,0,'59',0,0,534),(284,0,0,'14','01','04',0,0,'09',0,0,'14',0,0,'19',0,0,'24',0,0,'29',0,0,'34',0,0,'39',0,0,'44',0,0,'49',0,0,'54',0,0,'59',0,0,534),(285,0,0,'14','02','04',0,0,'09',0,0,'14',0,0,'19',0,0,'24',0,0,'29',0,0,'34',0,0,'39',0,0,'44',0,0,'49',0,0,'54',0,0,'59',0,0,534),(286,0,0,'14','03','04',0,0,'09',0,0,'14',0,0,'19',0,0,'24',0,0,'29',0,0,'34',0,0,'39',0,0,'44',0,0,'49',0,0,'54',0,0,'59',0,0,534),(287,0,0,'14','04','4',0,0,'09',0,0,'14',0,0,'19',0,0,'24',0,0,'29',0,0,'34',0,0,'39',0,0,'44',0,0,'49',0,0,'54',0,0,'59',0,0,534),(288,0,0,'14','05','04',0,0,'09',0,0,'14',0,0,'19',0,0,'24',0,0,'29',0,0,'34',0,0,'39',0,0,'44',0,0,'49',0,0,'54',0,0,'59',0,0,534),(289,0,0,'14','06','04',0,0,'09',0,0,'14',0,0,'19',0,0,'24',0,0,'29',0,0,'34',0,0,'39',0,0,'44',0,0,'49',0,0,'54',0,0,'59',0,0,534),(290,0,0,'14','07','04',0,0,'09',1,1,'14',10,7,'19',7,9,'24',4,4,'29',8,5,'34',8,4,'39',0,0,'44',0,0,'49',13,13,'54',8,10,'59',0,0,534),(291,0,0,'14','08','04',2,2,'09',9,10,'14',5,4,'19',2,2,'24',0,0,'29',2,2,'34',4,3,'39',0,0,'44',0,0,'49',1,1,'54',0,0,'59',0,0,534),(292,0,0,'14','09','04',0,0,'09',0,0,'14',1,2,'19',0,0,'24',0,0,'29',0,0,'34',1,1,'39',0,0,'44',0,0,'49',0,0,'54',0,0,'59',1,0,534),(293,0,0,'14','10','04',0,0,'09',0,0,'14',0,0,'19',0,0,'24',0,0,'29',0,0,'34',0,0,'39',2,2,'44',0,0,'48',0,0,NULL,0,0,NULL,0,0,534),(294,0,0,'17','16','40',3,1,'45',0,0,'50',1,1,'55',0,0,NULL,0,0,NULL,0,0,NULL,0,0,NULL,0,0,NULL,0,0,NULL,0,0,NULL,0,0,NULL,0,0,535),(295,0,0,'17','17','00',0,0,'05',0,0,'10',0,0,'15',2,2,'20',5,5,'25',5,3,'30',1,0,'35',0,0,'40',0,0,'45',2,1,'50',5,4,'55',2,2,535),(296,0,0,'17','18','00',13,14,'05',10,10,'10',17,13,'15',12,11,'20',2,2,'25',9,9,'30',11,7,'35',1,1,'40',0,0,'45',2,2,'50',3,4,'55',5,5,535),(297,0,0,'17','19','00',11,10,'05',0,0,'10',2,2,'15',3,3,'20',11,11,'25',2,1,'30',11,11,'35',16,9,'40',6,7,'45',4,3,'50',1,0,'55',0,0,535),(298,0,0,'17','20','00',1,1,'05',4,4,'10',2,2,'15',0,0,'20',0,0,'25',1,0,'30',1,1,'35',4,5,'40',0,0,'45',0,0,'50',2,0,'55',8,6,535),(299,0,0,'17','21','00',4,4,'05',0,0,'10',3,3,'15',0,0,'20',0,0,'25',1,1,'30',2,3,'35',0,0,'40',0,0,'45',2,2,'50',0,0,'55',0,0,535),(300,0,0,'17','22','00',0,0,'05',0,0,'10',0,0,'15',0,0,'20',0,0,'25',0,0,'30',0,0,'35',0,0,'40',0,0,'45',0,0,'50',0,0,'55',0,0,535),(301,0,0,'17','23','00',0,0,'05',0,0,'10',0,0,'15',2,2,'20',0,0,'25',0,0,'30',0,0,'35',0,0,'40',0,0,'45',0,0,'50',0,0,'55',0,0,535),(302,0,0,'18','00','0',0,0,'05',0,0,'10',0,0,'15',0,0,'20',0,0,'25',0,0,'30',0,0,'35',0,0,'40',0,0,'45',0,0,'50',0,0,'55',0,0,535),(303,0,0,'18','01','00',0,0,'05',0,0,'10',0,0,'15',0,0,'20',0,0,'25',0,0,'30',0,0,'35',0,0,'40',0,0,'45',0,0,'50',0,0,'55',0,0,535),(304,0,0,'18','02','00',0,0,'05',0,0,'10',0,0,'15',0,0,'20',0,0,'25',0,0,'30',0,0,'35',0,0,'40',0,0,'45',0,0,'50',0,0,'55',0,0,535),(305,0,0,'18','03','00',0,0,'05',0,0,'10',0,0,'15',0,0,'20',0,0,'25',0,0,'30',0,0,'35',0,0,'40',0,0,'45',0,0,'50',0,0,'55',0,0,535),(306,0,0,'18','04','00',0,0,'05',0,0,'10',0,0,'15',0,0,'20',0,0,'25',0,0,'30',0,0,'35',0,0,'40',0,0,'45',0,0,'50',0,0,'55',0,0,535),(307,0,0,'18','05','00',0,0,'05',0,0,'10',0,0,'15',0,0,'20',0,0,'25',0,0,'30',0,0,'35',0,0,'40',0,0,'45',0,0,'50',0,0,'55',0,0,535),(308,0,0,'18','06','00',0,0,'05',0,0,'10',0,0,'15',0,0,'20',0,0,'25',0,0,'30',0,0,'35',0,0,'40',0,0,'45',0,0,'50',0,0,'55',0,0,535),(309,0,0,'18','07','00',0,0,'05',0,0,'10',0,0,'15',0,0,'20',0,0,'25',1,1,'30',3,0,'35',4,3,'40',1,1,'45',1,0,'50',3,2,'55',6,6,535),(310,0,0,'18','08','00',12,10,'05',13,13,'10',9,7,'15',9,11,'20',17,25,'25',5,4,'30',1,1,'35',4,3,'40',3,3,'45',0,0,'50',1,1,'55',0,0,535),(311,0,0,'18','09','00',0,0,'05',4,5,'10',6,6,'15',3,7,'20',16,13,'25',7,9,'30',19,23,'35',12,9,'40',19,17,'45',13,12,'50',6,7,'54',1,4,535),(312,0,0,'20','07','27',1,1,'32',0,0,'37',4,4,'42',3,6,'47',13,11,'52',1,2,'57',0,0,NULL,0,0,NULL,0,0,NULL,0,0,NULL,0,0,NULL,0,0,536),(313,0,0,'20','08','02',5,4,'07',0,0,'12',3,4,'17',11,8,'22',0,0,'27',1,0,'32',2,2,'37',8,4,'42',3,3,'47',2,0,'52',7,6,'57',2,2,536),(314,0,0,'20','09','02',4,4,'07',1,1,'12',0,0,'17',0,0,'22',1,1,'27',2,2,'32',2,1,'37',5,5,'42',2,5,'47',0,0,'52',0,0,'57',1,1,536),(315,0,0,'20','10','02',18,33,'07',2,2,'12',0,0,'17',0,0,'22',0,0,'27',0,0,'32',0,0,'37',0,0,'42',0,0,'47',1,0,'52',3,4,'57',2,2,536),(316,0,0,'20','11','02',0,0,'07',2,2,'12',7,7,'17',6,6,'22',3,3,'27',2,2,'32',7,5,'37',6,8,'42',5,6,'47',19,22,'52',11,8,'57',1,1,536),(317,0,0,'20','12','02',1,2,'07',3,3,'12',1,1,'17',8,9,'22',1,1,'27',5,5,'32',0,0,'37',1,1,'42',3,3,'47',0,0,'52',0,0,'57',1,1,536),(318,0,0,'20','13','02',3,4,'07',2,2,'12',7,7,'17',2,2,'22',0,0,'27',4,5,'32',3,3,'37',2,1,'42',5,5,'47',18,16,'52',2,3,'57',0,0,536),(319,0,0,'20','14','02',1,0,'07',9,4,'12',10,12,'17',15,11,'22',14,9,'27',9,5,'32',7,7,'37',14,14,'42',11,18,'47',11,12,'52',8,9,'57',15,16,536),(320,0,0,'20','15','02',9,7,'07',14,12,'12',2,2,'17',16,14,'22',7,6,'27',6,6,'32',9,14,'37',21,17,'42',21,22,'47',17,20,'52',11,16,'57',22,1,536),(321,0,0,'20','16','58',1,1,'',0,0,'',0,0,'',0,0,'',0,0,'',0,0,'',0,0,'',0,0,'',0,0,'',0,0,'',0,0,'',0,0,536),(322,0,0,'08','12','03',1,1,'08',0,0,'13',0,0,'18',6,3,'23',0,0,'28',0,0,'33',12,8,'38',1,1,'43',0,0,'48',0,0,'53',2,1,'58',2,1,537),(323,0,0,'08','13','03',4,2,'08',0,0,'13',3,1,'18',4,3,'23',6,5,'28',0,0,'33',3,3,'38',2,2,'43',0,0,'48',2,2,'53',1,0,'58',0,0,537),(324,0,0,'08','14','03',8,9,'08',6,5,'13',3,2,'18',7,9,'23',5,7,'28',2,2,'33',8,9,'38',7,6,'43',5,5,'48',3,1,'53',7,5,'58',2,2,537),(325,0,0,'08','15','03',1,0,'08',3,3,'13',2,2,'18',6,6,'23',6,5,'28',5,5,'33',9,9,'38',1,1,'43',3,2,'48',6,10,'53',0,0,'58',2,2,537),(326,0,0,'08','16','03',4,3,'08',4,4,'13',3,3,'18',1,2,'23',0,0,'28',2,1,'33',0,0,'38',1,0,'43',0,1,'48',4,3,'53',2,2,'58',0,0,537),(327,0,0,'08','17','03',0,0,'08',1,1,'13',1,0,'18',1,1,'23',4,4,'28',2,2,'33',1,1,'38',2,2,'43',0,0,'48',6,4,'53',1,0,'58',7,11,537),(328,0,0,'08','18','03',4,4,'08',4,2,'13',1,3,'18',1,1,'23',3,3,'28',4,5,'33',4,4,'38',6,4,'43',4,4,'48',0,0,'53',1,1,'58',3,2,537),(329,0,0,'08','19','03',0,0,'08',0,0,'13',0,0,'18',4,5,'23',1,0,'28',0,0,'33',1,1,'38',17,22,'43',1,1,'48',6,7,'53',2,2,'58',4,6,537),(330,0,0,'08','20','03',0,0,'08',0,0,'13',0,0,'18',0,0,'23',0,0,'28',0,0,'33',0,0,'38',1,1,'43',1,1,'48',3,3,'49',0,0,NULL,0,0,537),(331,0,0,'09','16','24',2,2,'29',0,0,'34',0,0,'39',0,0,'44',0,0,'49',0,0,'54',4,4,'59',7,4,NULL,0,0,NULL,0,0,NULL,0,0,NULL,0,0,538),(332,0,0,'09','17','04',9,9,'09',7,7,'14',1,1,'19',0,0,'24',0,0,'29',0,0,'34',11,4,'39',1,1,'44',4,4,'49',2,2,'54',2,2,'59',2,2,538),(333,0,0,'09','18','04',1,1,'09',0,0,'14',1,2,'19',3,2,'24',1,1,'29',0,0,'34',1,1,'39',6,7,'44',2,2,'49',2,2,'54',1,1,'59',1,1,538),(334,0,0,'09','19','04',3,3,'09',5,5,'14',3,3,'19',2,2,'24',0,0,'29',0,0,'34',0,0,'39',1,1,'44',5,5,'49',0,0,'54',1,1,'59',5,8,538),(335,0,0,'09','20','04',5,7,'09',11,7,'14',7,4,'19',7,7,'24',0,0,'29',0,0,'34',1,0,'39',2,3,'44',3,1,'49',0,0,'54',0,0,'59',1,1,538),(336,0,0,'09','21','04',10,8,'09',1,2,'14',2,2,'19',8,8,'24',0,0,'29',3,3,'34',0,0,'39',0,0,'44',1,0,'49',0,0,'54',0,0,'59',0,0,538),(337,0,0,'09','22','04',0,0,'09',0,0,'14',0,0,'19',0,0,'24',0,0,'29',0,0,'34',0,0,'39',0,0,'44',0,0,'49',0,0,'54',0,0,'59',0,0,538),(338,0,0,'09','23','04',0,0,'09',0,0,'14',0,0,'19',0,0,'24',0,0,'29',0,0,'34',0,0,'39',0,0,'44',0,0,'49',0,0,'54',0,0,'59',0,0,538),(339,0,0,'10','00','04',0,0,'09',0,0,'14',0,0,'19',0,0,'24',0,0,'29',0,0,'34',0,0,'39',0,0,'44',0,0,'49',0,0,'54',0,0,'59',0,0,538),(340,0,0,'10','01','04',0,0,'09',0,0,'14',0,0,'19',0,0,'24',0,0,'29',0,0,'34',0,0,'39',0,0,'44',0,0,'49',0,0,'54',0,0,'59',0,0,538),(341,0,0,'10','02','04',0,0,'09',0,0,'14',0,0,'19',0,0,'24',0,0,'29',0,0,'34',0,0,'39',0,0,'44',0,0,'49',0,0,'54',0,0,'59',0,0,538),(342,0,0,'10','03','04',0,0,'09',0,0,'14',0,0,'19',0,0,'24',0,0,'29',0,0,'34',0,0,'39',0,0,'44',0,0,'49',0,0,'54',0,0,'59',0,0,538),(343,0,0,'10','04','4',0,0,'09',0,0,'14',0,0,'19',0,0,'24',0,0,'29',0,0,'34',0,0,'39',0,0,'44',0,0,'49',0,0,'54',0,0,'59',0,0,538),(344,0,0,'10','05','04',0,0,'09',0,0,'14',0,0,'19',0,0,'24',0,0,'29',0,0,'34',0,0,'39',0,0,'44',0,0,'49',0,0,'54',0,0,'59',0,0,538),(345,0,0,'10','06','04',0,0,'09',0,0,'14',0,0,'19',0,0,'24',0,0,'29',0,0,'34',0,0,'39',0,0,'44',0,0,'49',0,0,'54',0,0,'59',0,0,538),(346,0,0,'10','07','04',0,0,'09',0,0,'14',0,0,'19',0,0,'24',0,0,'29',0,0,'34',0,0,'39',0,0,'44',0,0,'49',0,0,'54',0,0,'59',0,0,538),(347,0,0,'10','08','04',0,0,'09',0,0,'14',0,0,'19',0,0,'24',0,0,'29',0,0,'34',0,0,'39',0,0,'44',0,0,'49',0,0,'54',0,0,'59',0,0,538),(348,0,0,'10','09','04',0,0,'09',0,0,'14',0,0,'19',0,0,'24',0,0,'29',0,0,'34',0,0,'39',0,0,'44',0,0,'49',0,0,'54',0,0,'59',0,0,538),(349,0,0,'10','10','04',1,1,'05',3,4,NULL,0,0,NULL,0,0,NULL,0,0,NULL,0,0,NULL,0,0,NULL,0,0,NULL,0,0,NULL,0,0,NULL,0,0,NULL,0,0,538),(350,0,0,'11','08','22',3,2,'27',3,3,'32',1,1,'37',0,0,'42',0,0,'47',0,0,'52',0,0,'57',0,0,NULL,0,0,NULL,0,0,NULL,0,0,NULL,0,0,539),(351,0,0,'11','09','02',6,6,'07',6,13,'12',3,3,'17',13,11,'22',0,0,'27',0,0,'32',0,0,'37',1,2,'42',2,1,'47',0,0,'52',0,0,'57',3,2,539),(352,0,0,'11','10','02',9,8,'07',7,5,'12',1,1,'17',1,1,'22',0,0,'27',9,12,'32',5,5,'37',9,5,'42',5,4,'47',7,6,'52',4,3,'57',2,3,539),(353,0,0,'11','11','02',0,0,'07',0,0,'12',1,1,'17',11,14,'22',22,24,'27',2,1,'32',2,2,'37',6,5,'42',5,6,'47',0,0,'52',1,0,'57',1,1,539),(354,0,0,'11','12','02',0,0,'07',0,0,'12',2,2,'17',0,0,'22',1,1,'27',0,0,'32',2,2,'37',2,2,'42',3,3,'47',2,2,'52',6,4,'57',1,1,539),(355,0,0,'11','13','02',0,0,'07',0,0,'12',2,3,'17',5,7,'22',14,8,'27',1,2,'32',4,5,'37',2,2,'42',0,0,'47',0,0,'52',0,0,'57',1,1,539),(356,0,0,'11','14','02',0,0,'07',0,0,'12',0,0,'17',0,0,'22',0,0,'27',0,0,'32',0,0,'37',0,0,'42',0,0,'47',0,0,'52',0,0,'57',0,0,539),(357,0,0,'11','15','02',0,0,'07',0,0,'12',0,0,'17',0,0,'22',0,0,'27',0,0,'32',0,0,'37',0,0,'42',0,0,'47',0,0,'52',0,0,'57',0,0,539),(358,0,0,'11','16','02',0,0,'07',0,0,'12',0,0,'17',0,0,'22',0,0,'27',0,0,'32',0,0,'37',0,0,'42',0,0,'47',0,0,'52',0,0,'57',0,0,539),(359,0,0,'11','17','02',0,0,'07',0,0,'12',0,0,'17',0,0,'22',0,0,'27',0,0,NULL,0,0,NULL,0,0,NULL,0,0,NULL,0,0,NULL,0,0,NULL,0,0,539),(360,0,0,'13','07','20',0,0,'25',0,0,'30',1,0,'35',0,0,'40',7,7,'45',0,0,'50',0,0,'55',2,3,NULL,0,0,NULL,0,0,NULL,0,0,NULL,0,0,540),(361,0,0,'13','08','00',0,0,'05',0,0,'10',0,0,'15',0,0,'20',0,0,'25',0,0,'30',0,0,'35',0,0,'40',1,1,'45',2,2,'50',0,0,'55',1,1,540),(362,0,0,'13','09','00',2,2,'05',1,1,'10',1,1,'15',1,1,'20',0,0,'25',8,6,'30',8,11,'35',11,12,'40',5,5,'45',0,0,'50',0,0,'55',0,0,540),(363,0,0,'13','10','00',0,0,'05',0,0,'10',4,3,'15',2,3,'20',5,5,'25',2,2,'30',10,14,'35',1,1,'40',3,3,'45',1,1,'50',2,2,'55',3,2,540),(364,0,0,'13','11','00',3,2,'05',1,1,'10',4,4,'15',2,2,'20',0,0,'25',0,0,'30',0,0,'35',0,0,'40',1,1,'45',0,0,'50',9,11,'55',0,0,540),(365,0,0,'13','12','00',1,1,'05',0,0,'10',0,0,'15',0,0,'20',2,1,'25',0,0,'30',0,0,'35',0,0,'40',0,0,'45',0,0,'50',0,0,'55',0,0,540),(366,0,0,'13','13','00',0,0,'05',0,0,'10',0,0,'15',0,0,'20',0,0,'25',0,0,'30',0,0,'35',0,0,'40',0,0,'45',0,0,'50',0,0,'55',0,0,540),(367,0,0,'13','14','00',0,0,'05',0,0,'10',0,0,'15',0,0,'20',0,0,'25',0,0,'30',0,0,'35',0,0,'40',0,0,'45',0,0,'50',0,0,'55',0,0,540),(368,0,0,'13','15','00',0,0,'05',0,0,'10',0,0,'15',0,0,'20',0,0,'25',0,0,'30',0,0,'35',0,0,'40',0,0,'45',0,0,'50',0,0,'55',0,0,540),(369,0,0,'13','16','00',0,0,'04',1,1,NULL,0,0,NULL,0,0,NULL,0,0,NULL,0,0,NULL,0,0,NULL,0,0,NULL,0,0,NULL,0,0,NULL,0,0,NULL,0,0,540),(370,0,0,'14','08','19',2,1,'24',1,1,'29',0,0,'34',8,9,'39',25,33,'44',23,25,'49',16,19,'54',11,10,'59',25,25,NULL,0,0,NULL,0,0,NULL,0,0,541),(371,0,0,'14','09','04',28,37,'09',25,25,'14',1,1,'19',0,0,'24',2,2,'29',6,10,'34',15,18,'39',1,1,'44',0,0,'49',13,17,'54',0,0,'59',5,8,541),(372,0,0,'14','10','04',11,11,'09',0,0,'14',0,0,'19',4,4,'24',0,0,'29',1,1,'34',3,3,'39',0,0,'44',6,8,'49',4,4,'54',4,4,'59',15,23,541),(373,0,0,'14','11','04',9,8,'09',1,1,'14',25,30,'19',9,11,'24',4,4,'29',5,4,'34',17,19,'39',4,4,'44',1,1,'49',1,1,'54',4,4,'59',9,6,541),(374,0,0,'14','12','04',3,3,'09',7,8,'14',6,6,'19',2,1,'24',1,0,'29',4,4,'34',2,2,'39',6,3,'44',0,0,'49',0,0,'54',3,3,'59',1,2,541),(375,0,0,'14','13','04',0,0,'09',1,1,'14',1,1,'19',0,0,'24',4,3,'29',9,8,'34',0,0,'39',10,9,'44',0,0,'49',3,2,'54',4,6,'59',5,6,541),(376,0,0,'14','14','04',4,3,'09',0,0,'14',0,0,'19',0,0,'24',0,0,'29',0,0,'34',0,0,'39',0,0,'44',0,0,'49',1,1,'54',2,2,'59',5,6,541),(377,0,0,'14','15','04',7,8,'09',9,7,'14',0,0,'19',0,0,'24',1,2,'28',1,1,NULL,0,0,NULL,0,0,NULL,0,0,NULL,0,0,NULL,0,0,NULL,0,0,541),(378,0,0,'15','16','35',0,0,'40',2,2,'45',0,0,'50',2,1,'55',15,14,NULL,0,0,NULL,0,0,NULL,0,0,NULL,0,0,NULL,0,0,NULL,0,0,NULL,0,0,542),(379,0,0,'15','17','00',5,4,'05',8,9,'10',22,20,'15',27,45,'20',18,16,'25',4,4,'30',2,2,'35',7,7,'40',1,1,'45',0,0,'50',4,6,'55',1,1,542),(380,0,0,'15','18','00',1,1,'05',2,2,'10',7,7,'15',2,2,'20',1,1,'25',3,3,'30',0,0,'35',2,2,'40',4,4,'45',10,10,'50',2,2,'55',1,1,542),(381,0,0,'15','19','00',1,1,'05',0,0,'10',0,0,'15',0,0,'20',0,0,'25',2,2,'30',2,7,'35',1,1,'40',0,0,'45',10,11,'50',4,4,'55',3,3,542),(382,0,0,'15','20','00',6,5,'05',6,7,'10',12,12,'15',4,4,'20',0,0,'25',0,0,'30',1,1,'35',10,9,'40',2,2,'45',4,4,'50',0,0,'55',1,1,542),(383,0,0,'15','21','00',3,4,'05',15,18,'10',14,17,'15',7,4,'20',1,1,'25',0,0,'30',0,0,'35',0,0,'40',0,0,'45',1,1,'50',0,0,'55',0,0,542),(384,0,0,'15','22','00',0,0,'05',0,0,'10',0,0,'15',0,0,'20',0,0,'25',0,0,'30',0,0,'35',0,0,'40',0,0,'45',0,0,'50',0,0,'55',0,0,542),(385,0,0,'15','23','00',0,0,'05',0,0,'10',0,0,'15',0,0,'20',0,0,'25',0,0,'30',0,0,'35',0,0,'40',0,0,'45',0,0,'50',0,0,'55',0,0,542),(386,0,0,'16','00','0',0,0,'05',0,0,'10',0,0,'15',0,0,'20',0,0,'25',0,0,'30',0,0,'35',0,0,'40',0,0,'45',0,0,'50',0,0,'55',0,0,542),(387,0,0,'16','01','00',0,0,'05',0,0,'10',0,0,'15',0,0,'20',0,0,'25',0,0,'30',0,0,'35',0,0,'40',0,0,'45',0,0,'50',0,0,'55',0,0,542),(388,0,0,'16','02','00',0,0,'05',0,0,'10',0,0,'15',0,0,'20',0,0,'25',0,0,'30',0,0,'35',0,0,'40',0,0,'45',0,0,'50',0,0,'55',0,0,542),(389,0,0,'16','03','00',0,0,'05',0,0,'10',0,0,'15',0,0,'20',0,0,'25',0,0,'30',0,0,'35',0,0,'40',0,0,'45',0,0,'50',0,0,'55',0,0,542),(390,0,0,'16','04','00',0,0,'05',0,0,'10',0,0,'15',0,0,'20',0,0,'25',0,0,'30',0,0,'35',0,0,'40',0,0,'45',0,0,'50',0,0,'55',0,0,542),(391,0,0,'16','05','00',0,0,'05',0,0,'10',0,0,'15',0,0,'20',0,0,'25',0,0,'30',0,0,'35',0,0,'40',0,0,'45',0,0,'50',0,0,'55',0,0,542),(392,0,0,'16','06','00',0,0,'05',0,0,'10',0,0,'15',0,0,'20',0,0,'25',6,7,'30',18,26,'35',32,40,'40',18,22,'45',19,20,'50',5,4,'55',5,17,542),(393,0,0,'16','07','00',7,5,'05',10,6,'10',6,8,'15',23,23,'20',13,8,'25',12,14,'30',7,7,'35',4,4,'40',3,3,'45',3,3,'50',3,2,'55',1,1,542),(394,0,0,'16','08','00',1,0,'05',6,6,'10',1,1,'15',4,4,'20',12,12,'25',1,1,'30',6,9,'35',11,12,'40',14,14,'45',1,1,'50',6,5,'55',1,1,542),(395,0,0,'16','09','00',1,1,'05',1,1,'10',7,6,'15',5,5,'20',1,1,'25',0,0,'30',3,3,'34',1,1,NULL,0,0,NULL,0,0,NULL,0,0,NULL,0,0,542),(396,0,0,'07','16','00',3,4,'05',0,0,'10',3,3,'15',0,0,'20',9,9,'25',2,2,'30',8,9,'35',6,5,'40',12,11,'45',10,17,'50',4,3,'55',13,15,543),(397,0,0,'07','17','00',4,2,'05',3,2,'10',16,18,'15',7,9,'20',11,15,'25',8,8,'30',6,5,'35',6,6,'40',21,20,'45',4,4,'50',2,5,'55',7,6,543),(398,0,0,'07','18','00',0,0,'05',16,8,'10',15,18,'15',17,14,'20',23,19,'25',21,21,'30',7,5,'35',12,15,'40',4,0,'45',20,24,'50',5,6,'55',1,0,543),(399,0,0,'07','19','00',0,0,'05',4,3,'10',3,5,'15',14,14,'20',20,20,'25',9,11,'30',18,21,'35',7,8,'40',15,21,'45',21,24,'50',26,31,'55',3,3,543),(400,0,0,'07','20','00',16,14,'05',18,23,'10',15,17,'15',8,9,'20',16,19,'25',5,9,'30',3,3,'35',12,22,'40',6,5,'45',4,3,'50',7,9,'55',2,3,543),(401,0,0,'07','21','00',3,3,'05',6,6,'10',8,7,'15',16,15,'20',0,0,'25',1,0,'30',0,0,'35',2,1,'40',0,0,'45',0,0,'50',7,7,'55',6,6,543),(402,0,0,'07','22','00',0,0,'05',0,0,'10',5,6,'15',3,3,'20',0,0,'25',0,0,'30',1,1,'35',0,0,'40',2,2,'45',3,3,'50',1,1,'55',0,0,543),(403,0,0,'07','23','00',1,1,'05',0,0,'10',2,2,'15',1,1,'20',0,0,'25',0,0,'30',0,0,'35',0,0,'40',0,0,'45',8,12,'50',2,2,'55',0,0,543),(404,0,0,'08','00','0',0,0,'05',0,0,'10',2,1,'15',2,2,'20',10,13,'25',8,8,'30',0,0,'35',1,1,'40',4,3,'45',0,0,'50',4,4,'55',7,8,543),(405,0,0,'08','01','00',1,1,'05',0,0,'10',4,5,'15',2,1,'20',2,2,'25',0,0,'30',0,0,'35',0,0,'40',0,0,'45',0,0,'50',1,1,'55',0,0,543),(406,0,0,'08','02','00',0,0,'05',0,0,'10',0,0,'15',0,0,'20',0,0,'25',1,0,'30',0,0,'35',0,0,'40',0,0,'45',0,0,'50',0,0,'55',0,0,543),(407,0,0,'08','03','00',0,0,'05',0,0,'10',0,0,'15',0,0,'20',0,0,'25',0,0,'30',0,0,'35',0,0,'40',3,5,'45',1,1,'50',0,0,'55',0,0,543),(408,0,0,'08','04','00',0,0,'05',4,4,'10',11,9,'15',16,16,'20',8,7,'25',8,9,'30',4,3,'35',6,9,'40',6,8,'45',3,5,'50',3,4,'55',17,21,543),(409,0,0,'08','05','00',0,0,'05',9,12,'10',21,21,'15',21,33,'20',8,11,'25',3,4,'30',4,7,'35',6,8,'40',19,25,'45',20,22,'50',15,18,'55',11,12,543),(410,0,0,'08','06','00',13,16,'05',19,22,'10',19,25,'15',19,19,'20',22,29,'25',16,20,'30',16,20,'35',21,27,'40',10,13,'45',9,8,'50',19,17,'55',7,7,543),(411,0,0,'08','07','00',6,6,'05',7,7,'10',4,7,'15',13,20,'20',9,12,'25',3,3,'30',7,8,'35',2,3,'40',12,16,'45',0,0,'50',1,1,'55',6,6,543),(412,0,0,'08','8','00',4,5,'05',8,5,'10',7,9,'15',16,20,'20',2,2,'25',12,12,'30',1,1,'35',0,0,'40',6,8,'45',2,2,'50',0,0,'55',1,1,543),(413,0,0,'08','09','00',1,1,'05',13,16,'10',9,10,'15',7,6,'20',0,0,'25',0,0,'30',17,18,'35',10,9,'40',7,6,'45',12,17,'50',27,32,'55',11,13,543),(414,0,0,'08','10','00',3,2,'05',8,7,'07',1,1,NULL,0,0,NULL,0,0,NULL,0,0,NULL,0,0,NULL,0,0,NULL,0,0,NULL,0,0,NULL,0,0,NULL,0,0,543),(415,0,0,'10','07','52',2,2,'57',9,9,NULL,0,0,NULL,0,0,NULL,0,0,NULL,0,0,NULL,0,0,NULL,0,0,NULL,0,0,NULL,0,0,NULL,0,0,NULL,0,0,544),(416,0,0,'10','08','02',7,6,'07',1,0,'12',4,4,'17',0,0,'22',0,0,'27',8,6,'32',20,12,'37',10,6,'42',11,9,'47',2,3,'52',1,1,'57',3,2,544),(417,0,0,'10','09','02',1,1,'07',0,0,'12',0,0,'17',0,0,'22',0,0,'27',0,0,'32',0,0,'37',0,0,'42',0,0,'47',1,1,'52',3,3,'57',1,1,544),(418,0,0,'10','10','02',0,0,'07',0,0,'12',0,0,'17',0,0,'22',0,0,'27',0,0,'32',1,1,'37',0,0,'42',4,3,'47',1,1,'52',2,1,'57',9,10,544),(419,0,0,'10','11','02',1,1,'07',4,5,'12',0,0,'17',4,4,'22',3,2,'27',0,0,'32',26,24,'37',8,6,'42',1,1,'47',7,7,'52',0,0,'57',0,0,544),(420,0,0,'10','12','02',5,5,'07',9,6,'12',8,7,'17',2,2,'22',0,0,'27',2,2,'32',1,1,'37',2,2,'42',0,0,'47',0,0,'52',0,0,'57',4,3,544),(421,0,0,'10','13','02',0,0,'07',6,6,'12',5,4,'17',4,4,'22',5,4,'27',10,10,'32',3,3,'37',3,2,'42',0,0,'47',0,0,'52',0,0,'57',0,0,544),(422,0,0,'10','14','02',3,3,'07',0,0,'12',0,0,'17',0,0,'22',0,0,'27',0,0,'32',0,0,'37',0,0,'42',0,0,'47',0,0,'52',0,0,'57',0,0,544),(423,0,0,'10','15','02',0,0,'07',0,0,'12',0,0,'17',0,0,'22',5,4,'27',2,1,'32',4,3,'37',3,4,'42',2,2,'47',1,1,'52',1,1,'57',1,1,544),(424,0,0,'10','16','02',0,0,'07',0,0,'12',0,0,'17',0,0,'22',0,0,'27',0,0,'32',6,6,'37',6,5,'42',1,1,'47',2,2,'52',1,1,'57',0,0,544),(425,0,0,'10','17','02',4,5,'07',2,2,'08',1,1,NULL,0,0,NULL,0,0,NULL,0,0,NULL,0,0,NULL,0,0,NULL,0,0,NULL,0,0,NULL,0,0,NULL,0,0,544),(426,0,0,'12','08','24',18,23,'29',21,29,'34',28,44,'39',20,23,'44',9,10,'49',32,36,'54',6,7,'59',20,37,NULL,0,0,NULL,0,0,NULL,0,0,NULL,0,0,545),(427,0,0,'12','09','04',29,44,'09',13,13,'14',15,21,'19',4,4,'24',1,0,'29',11,11,'34',10,9,'39',12,14,'44',12,12,'49',32,42,'54',25,35,'59',12,21,545),(428,0,0,'12','10','04',10,11,'09',4,5,'14',6,11,'19',7,10,'24',18,24,'29',18,16,'34',26,41,'39',10,15,'44',25,24,'49',9,9,'54',16,16,'59',0,0,545),(429,0,0,'12','11','04',0,0,'09',0,0,'14',0,0,'19',0,0,'24',0,0,'29',0,0,'34',0,0,'39',0,0,'44',0,0,'49',0,0,'54',0,0,'59',3,4,545),(430,0,0,'12','12','04',15,14,'09',6,7,'14',8,16,'19',16,23,'24',5,5,'29',13,17,'34',17,21,'39',5,6,'44',0,0,'49',6,6,'54',0,0,'59',4,4,545),(431,0,0,'12','13','04',3,3,'09',9,11,'14',8,18,'19',9,11,'24',17,22,'29',8,12,'34',2,3,'39',0,0,'44',7,9,'49',17,25,'54',5,6,'59',15,13,545),(432,0,0,'12','14','04',14,8,'09',8,6,'14',12,13,'19',7,7,'24',20,24,'29',14,15,'34',9,11,'39',5,3,'44',23,36,'49',3,3,'54',9,11,'59',7,7,545),(433,0,0,'12','15','04',3,3,'09',10,7,'14',8,9,'19',17,21,'24',21,25,'29',16,9,'34',19,14,'39',17,18,'44',5,7,'49',4,6,'54',3,3,'59',14,12,545),(434,0,0,'12','16','04',10,16,'09',7,9,'14',5,7,'19',0,0,'24',0,0,'29',0,0,'34',15,16,'39',5,5,'44',5,7,'49',3,4,'54',6,12,'59',12,19,545),(435,0,0,'12','17','04',4,5,'09',17,10,'13',0,0,NULL,0,0,NULL,0,0,NULL,0,0,NULL,0,0,NULL,0,0,NULL,0,0,NULL,0,0,NULL,0,0,NULL,0,0,545),(436,0,0,'13','07','39',10,8,'44',3,3,'49',6,6,'54',11,14,'59',7,1,NULL,0,0,NULL,0,0,NULL,0,0,NULL,0,0,NULL,0,0,NULL,0,0,NULL,0,0,546),(437,0,0,'13','08','04',8,12,'09',10,9,'14',2,2,'19',11,13,'24',0,0,'29',8,9,'34',24,26,'39',23,24,'44',32,36,'49',23,26,'54',15,20,'59',8,8,546),(438,0,0,'13','09','04',16,16,'09',13,15,'14',2,2,'19',10,14,'24',9,8,'29',15,15,'34',8,8,'39',24,34,'44',20,22,'49',20,23,'54',9,13,'59',9,10,546),(439,0,0,'13','10','04',17,19,'09',29,33,'14',10,10,'19',21,22,'24',16,14,'29',19,21,'34',16,19,'39',8,10,'44',18,28,'49',16,24,'54',8,6,'59',10,8,546),(440,0,0,'13','11','04',6,7,'09',7,8,'14',3,3,'19',12,12,'24',26,27,'29',6,5,'34',4,3,'39',17,16,'44',7,9,'49',7,6,'54',5,6,'59',4,4,546),(441,0,0,'13','12','04',5,6,'09',18,18,'14',12,11,'19',18,19,'24',11,12,'29',17,14,'34',16,19,'39',3,1,'44',6,9,'49',5,3,'54',25,18,'59',7,6,546),(442,0,0,'13','13','04',0,0,'09',3,3,'14',3,4,'19',8,7,'24',2,2,'29',0,0,'34',3,3,'39',6,8,'44',0,0,'49',0,0,'54',3,5,'59',4,6,546),(443,0,0,'13','14','04',12,10,'09',5,6,'14',0,0,'19',10,17,'24',6,5,'29',10,14,'34',6,2,'39',19,10,'44',17,22,'49',6,5,'54',7,4,'59',8,14,546),(444,0,0,'13','15','04',8,9,'09',7,8,'14',5,4,'19',16,16,'24',16,20,'29',19,25,'34',14,16,'39',9,9,'44',9,8,'49',20,19,'54',9,10,'59',1,2,546),(445,0,0,'13','16','04',3,3,'09',2,3,'14',1,1,'19',0,0,'24',6,6,'29',1,1,'34',10,7,'39',9,6,'44',2,1,'49',4,4,'54',1,1,'59',4,2,546),(446,0,0,'13','17','04',5,3,'09',0,0,'14',4,4,'19',4,4,'20',0,0,NULL,0,0,NULL,0,0,NULL,0,0,NULL,0,0,NULL,0,0,NULL,0,0,NULL,0,0,546),(447,0,0,'14','11','25',5,4,'30',3,0,'35',0,0,'40',5,6,'45',7,9,'50',3,5,'55',0,0,NULL,0,0,NULL,0,0,NULL,0,0,NULL,0,0,NULL,0,0,547),(448,0,0,'14','12','00',0,0,'05',5,4,'10',6,8,'15',11,7,'20',15,21,'25',24,28,'30',16,21,'35',23,29,'40',21,16,'45',9,15,'50',20,21,'55',9,9,547),(449,0,0,'14','13','00',12,13,'05',15,12,'10',10,10,'15',21,30,'20',12,16,'25',7,8,'30',5,6,'35',17,21,'40',10,12,'45',11,15,'50',8,7,'55',2,4,547),(450,0,0,'14','14','00',5,8,'05',3,2,'10',6,9,'15',4,5,'20',5,8,'25',7,10,'30',13,19,'35',35,42,'40',10,9,'45',4,3,'50',24,37,'55',19,23,547),(451,0,0,'14','15','00',7,7,'05',40,43,'10',15,16,'15',12,13,'20',5,8,'25',11,16,'30',28,30,'35',4,5,'40',11,9,'45',6,10,'50',3,3,'55',24,29,547),(452,0,0,'14','16','00',9,8,'05',7,7,'10',11,13,'15',10,13,'20',2,2,'25',10,7,'30',6,8,'35',1,1,'40',0,0,'45',3,3,'50',6,5,'55',0,0,547),(453,0,0,'14','17','00',10,16,'05',16,17,'10',5,6,'15',16,18,'20',24,34,'25',10,14,'30',17,18,'35',23,22,'40',12,14,'45',17,17,'50',6,8,'55',23,22,547),(454,0,0,'14','18','00',23,18,'05',26,29,'10',23,22,'15',24,36,'20',20,21,'25',19,22,'30',19,17,'35',18,21,'40',22,29,'45',26,18,'50',13,10,'55',11,11,547),(455,0,0,'14','19','00',8,7,'05',23,23,'10',12,12,'15',26,31,'20',17,25,'25',9,11,'30',0,0,'35',12,11,'40',6,4,'45',14,18,'50',18,18,'55',6,9,547),(456,0,0,'14','20','00',8,10,'05',20,22,'10',19,16,'15',12,12,'20',15,19,'25',12,17,'30',17,19,'35',12,13,'40',24,23,'45',15,6,'49',6,7,NULL,0,0,547),(457,0,0,'15','07','42',10,8,'47',7,9,'52',11,12,'57',2,2,NULL,0,0,NULL,0,0,NULL,0,0,NULL,0,0,NULL,0,0,NULL,0,0,NULL,0,0,NULL,0,0,548),(458,0,0,'15','08','02',4,7,'07',3,4,'12',3,4,'17',8,7,'22',12,9,'27',17,17,'32',20,25,'37',18,26,'42',22,30,'47',10,7,'52',21,25,'57',11,16,548),(459,0,0,'15','09','02',4,6,'07',6,10,'12',18,22,'17',10,7,'22',0,0,'27',12,14,'32',14,15,'37',12,20,'42',17,17,'47',25,33,'52',33,35,'57',7,7,548),(460,0,0,'15','10','02',1,1,'07',21,11,'12',21,31,'17',15,19,'22',10,18,'27',18,23,'32',22,23,'37',15,15,'42',6,6,'47',6,7,'52',1,8,'57',13,14,548),(461,0,0,'15','11','02',11,18,'07',22,31,'12',12,11,'17',3,3,'22',4,4,'27',9,10,'32',19,25,'37',21,20,'42',15,18,'47',7,9,'52',13,12,'57',6,14,548),(462,0,0,'15','12','02',10,11,'07',8,10,'12',17,17,'17',29,24,'22',7,8,'27',28,26,'32',3,2,'37',23,26,'42',26,20,'47',14,24,'52',4,5,'57',21,23,548),(463,0,0,'15','13','02',14,16,'07',17,16,'12',15,25,'17',11,12,'22',6,8,'27',0,0,'32',5,5,'37',3,3,'42',4,4,'47',0,0,'52',13,12,'57',16,16,548),(464,0,0,'15','14','02',26,28,'07',21,30,'12',9,18,'17',26,34,'22',22,35,'27',37,51,'32',27,63,'37',25,42,'42',26,33,'47',9,14,'52',28,38,'57',22,24,548),(465,0,0,'15','15','02',26,35,'07',35,62,'12',26,35,'17',25,36,'22',23,33,'27',12,13,'32',12,12,'37',8,10,'42',7,8,'47',4,4,'52',16,21,'57',10,11,548),(466,0,0,'15','16','02',9,11,'07',1,1,'12',13,15,'17',21,20,'22',8,10,'27',5,5,'32',2,2,'37',7,7,'42',4,2,'47',16,13,'52',33,43,'57',25,47,548),(467,0,0,'15','17','02',28,39,'04',5,12,NULL,0,0,NULL,0,0,NULL,0,0,NULL,0,0,NULL,0,0,NULL,0,0,NULL,0,0,NULL,0,0,NULL,0,0,NULL,0,0,548),(468,0,0,'09','07','35',12,10,'40',0,0,'45',0,0,'50',8,3,'55',0,0,NULL,0,0,NULL,0,0,NULL,0,0,NULL,0,0,NULL,0,0,NULL,0,0,NULL,0,0,549),(469,0,0,'09','08','00',0,0,'05',3,3,'10',11,14,'15',17,16,'20',17,20,'25',12,9,'30',10,11,'35',27,33,'40',28,28,'45',16,11,'50',5,5,'55',9,8,549),(470,0,0,'09','9','00',20,20,'05',29,32,'10',9,7,'15',2,2,'20',0,0,'25',0,0,'30',10,10,'35',7,7,'40',8,8,'45',17,17,'50',5,5,'55',9,9,549),(471,0,0,'09','10','00',7,6,'05',15,15,'10',9,10,'15',7,7,'20',3,3,'25',1,1,'30',6,6,'35',6,4,'40',12,10,'45',9,10,'50',9,8,'55',2,2,549),(472,0,0,'09','11','00',14,16,'05',16,12,'10',11,9,'15',11,9,'20',8,8,'25',13,12,'30',7,6,'35',0,0,'40',5,4,'45',10,10,'50',10,13,'55',8,8,549),(473,0,0,'09','12','00',0,0,'05',6,7,'10',0,0,'15',6,6,'20',2,2,'25',10,9,'30',4,4,'35',0,0,'40',0,0,'45',16,10,'50',4,4,'55',7,8,549),(474,0,0,'09','13','00',10,10,'05',18,17,'10',26,24,'15',14,13,'20',7,6,'25',0,0,'30',8,5,'35',7,8,'40',0,0,'45',0,0,'50',5,3,'55',9,8,549),(475,0,0,'09','14','00',14,15,'05',14,16,'10',10,6,'15',12,12,'20',17,17,'25',28,26,'30',21,24,'35',17,18,'40',22,17,'45',31,29,'50',33,27,'55',14,17,549),(476,0,0,'09','15','00',25,26,'05',7,8,'10',39,33,'15',18,32,'20',21,24,'25',24,26,'30',7,6,'35',6,4,'40',0,0,'45',1,1,'50',11,12,'55',3,3,549),(477,0,0,'09','16','00',13,18,'05',11,7,'10',5,6,'15',19,18,'20',5,4,'25',12,13,'30',6,8,'35',9,10,'40',2,1,'45',7,8,'50',3,3,'55',1,2,549),(478,0,0,'09','17','00',3,3,'05',0,0,'10',0,0,'15',0,0,'16',3,3,NULL,0,0,NULL,0,0,NULL,0,0,NULL,0,0,NULL,0,0,NULL,0,0,NULL,0,0,549),(479,0,0,'10','07','33',5,8,'38',0,0,'43',0,0,'48',0,0,'53',3,3,'58',0,0,NULL,0,0,NULL,0,0,NULL,0,0,NULL,0,0,NULL,0,0,NULL,0,0,550),(480,0,0,'10','08','03',4,4,'08',3,2,'13',2,1,'18',0,0,'23',9,14,'28',25,31,'33',22,37,'38',47,52,'43',53,63,'48',10,6,'53',21,27,'58',9,13,550),(481,0,0,'10','09','03',7,11,'08',0,0,'13',0,0,'18',0,0,'23',0,0,'28',3,13,'33',0,0,'38',0,0,'43',11,12,'48',10,18,'53',25,25,'58',11,13,550),(482,0,0,'10','10','03',19,24,'08',32,36,'13',22,25,'18',22,22,'23',14,9,'28',29,41,'33',33,30,'38',12,17,'43',6,8,'48',32,40,'53',21,33,'58',13,18,550),(483,0,0,'10','11','03',10,11,'08',16,21,'13',6,8,'18',14,24,'23',16,25,'28',11,14,'33',15,16,'38',16,16,'43',17,21,'48',11,14,'53',7,9,'58',4,3,550),(484,0,0,'10','12','03',19,21,'08',12,16,'13',10,16,'18',28,28,'23',19,29,'28',12,21,'33',10,18,'38',17,19,'43',1,2,'48',1,3,'53',0,0,'58',0,0,550),(485,0,0,'10','13','03',6,7,'08',21,22,'13',6,6,'18',1,1,'23',14,23,'28',23,27,'33',12,12,'38',9,14,'43',5,10,'48',10,8,'53',6,17,'58',11,14,550),(486,0,0,'10','14','03',6,12,'08',0,0,'13',0,0,'18',0,0,'23',0,0,'28',2,1,'33',0,0,'38',0,0,'43',6,7,'48',20,16,'53',18,16,'58',9,12,550),(487,0,0,'10','15','03',16,17,'08',0,0,'13',0,0,'18',0,0,'23',9,16,'28',5,6,'33',1,1,'38',18,14,'43',30,37,'48',2,5,'53',11,17,'58',1,1,550),(488,0,0,'10','16','03',0,0,'08',0,0,'13',0,0,'18',0,0,'23',0,0,'28',4,4,'33',9,9,'38',1,1,'43',2,2,'48',9,11,'53',13,18,'58',15,19,550),(489,0,0,'10','17','03',10,12,'08',5,4,'09',0,0,NULL,0,0,NULL,0,0,NULL,0,0,NULL,0,0,NULL,0,0,NULL,0,0,NULL,0,0,NULL,0,0,NULL,0,0,550),(490,0,0,'11','16','07',2,2,'12',0,0,'17',0,0,'22',0,0,'27',2,3,'32',7,12,'37',18,22,'42',8,21,'47',7,10,'52',27,24,'57',25,29,NULL,0,0,551),(491,0,0,'11','17','02',13,14,'07',23,35,'12',27,33,'17',26,33,'22',11,27,'27',4,8,'32',15,19,'37',20,16,'42',29,31,'47',8,9,'52',19,24,'57',37,41,551),(492,0,0,'11','18','02',33,34,'07',16,24,'12',17,18,'17',18,27,'22',16,25,'27',25,44,'32',35,43,'37',27,37,'42',31,42,'47',21,21,'52',6,6,'57',22,28,551),(493,0,0,'11','19','02',16,18,'07',20,29,'12',23,22,'17',10,11,'22',13,18,'27',11,28,'32',10,11,'37',22,24,'42',22,28,'47',16,13,'52',21,26,'57',27,28,551),(494,0,0,'11','20','02',18,23,'07',15,21,'12',17,22,'17',8,8,'22',11,15,'27',12,28,'32',1,1,'37',3,4,'42',2,3,'47',2,3,'52',8,8,'57',11,11,551),(495,0,0,'11','21','02',18,21,'07',0,0,'12',0,0,'17',0,0,'22',0,0,'27',14,13,'32',2,2,'37',0,0,'42',3,4,'47',9,9,'52',2,1,'57',0,0,551),(496,0,0,'11','22','02',0,0,'07',0,0,'12',0,0,'17',0,0,'22',0,0,'27',3,3,'32',0,0,'37',0,0,'42',0,0,'47',3,2,'52',4,5,'57',0,0,551),(497,0,0,'11','23','02',0,0,'07',0,0,'12',1,1,'17',10,12,'22',9,8,'27',2,2,'32',8,11,'37',2,2,'42',1,2,'47',2,2,'52',10,8,'57',8,18,551),(498,0,0,'12','00','02',8,9,'07',11,10,'12',0,0,'17',6,8,'22',0,0,'27',19,19,'32',4,4,'37',1,1,'42',0,0,'47',1,3,'52',1,4,'57',0,0,551),(499,0,0,'12','01','02',0,0,'07',0,0,'12',0,0,'17',0,0,'22',0,0,'27',0,0,'32',0,0,'37',0,0,'42',0,0,'47',0,0,'52',0,0,'57',0,0,551),(500,0,0,'12','02','2',0,0,'07',0,0,'12',0,0,'17',0,0,'22',0,0,'27',0,0,'32',0,0,'37',0,0,'42',0,0,'47',0,0,'52',0,0,'57',0,0,551),(501,0,0,'12','03','02',11,15,'07',5,5,'12',0,0,'17',0,0,'22',2,2,'27',2,2,'32',7,11,'37',0,0,'42',0,0,'47',0,0,'52',3,4,'57',12,19,551),(502,0,0,'12','04','02',0,0,'07',0,0,'12',4,4,'17',7,9,'22',2,2,'27',0,0,'32',12,12,'37',0,0,'42',8,13,'47',14,21,'52',23,35,'57',7,19,551),(503,0,0,'12','05','02',5,7,'07',6,8,'12',12,11,'17',20,24,'22',9,13,'27',8,14,'32',22,43,'37',22,27,'42',18,22,'47',20,33,'52',20,30,'57',25,23,551),(504,0,0,'12','06','02',11,10,'07',31,48,'12',15,23,'17',20,27,'22',18,25,'27',20,26,'32',16,21,'37',17,24,'42',24,35,'47',18,17,'52',11,12,'57',12,14,551),(505,0,0,'12','07','02',12,14,'07',8,15,'12',9,17,'17',27,25,'22',10,12,'27',10,11,'32',22,28,'37',14,13,'42',11,11,'47',17,19,'52',8,9,'57',15,19,551),(506,0,0,'12','08','02',4,4,'07',11,17,'12',27,31,'17',7,13,'22',9,12,'27',10,10,'32',3,1,'37',10,9,'42',3,5,'47',2,2,'52',3,3,'57',8,9,551),(507,0,0,'12','09','02',19,31,'07',12,13,'12',22,34,'17',5,7,'22',0,0,'27',1,2,'32',23,45,'37',16,16,'42',19,25,'47',27,56,'52',14,17,'57',28,33,551),(508,0,0,'12','10','02',9,11,'07',10,23,'12',7,12,'17',0,0,'22',3,6,'27',8,27,'30',6,6,NULL,0,0,NULL,0,0,NULL,0,0,NULL,0,0,NULL,0,0,551),(509,0,0,'15','07','27',7,3,'32',8,8,'37',8,10,'42',18,41,'47',18,22,'52',9,10,'57',20,27,NULL,0,0,NULL,0,0,NULL,0,0,NULL,0,0,NULL,0,0,552),(510,0,0,'15','08','02',3,4,'07',0,0,'12',5,5,'17',1,2,'22',3,3,'27',3,3,'32',1,1,'37',3,3,'42',7,7,'47',10,9,'52',4,2,'57',6,7,552),(511,0,0,'15','09','02',1,0,'07',3,3,'12',16,10,'17',5,5,'22',8,7,'27',15,16,'32',2,3,'37',2,2,'42',5,4,'47',2,2,'52',0,0,'57',0,0,552),(512,0,0,'15','10','02',0,0,'07',0,0,'12',0,0,'17',0,0,'22',0,0,'27',0,0,'32',0,0,'37',0,0,'42',0,0,'47',0,0,'52',0,0,'57',0,0,552),(513,0,0,'15','11','02',0,0,'07',0,0,'12',0,0,'17',0,0,'22',0,0,'27',0,0,'32',0,0,'37',0,0,'42',0,0,'47',0,0,'52',0,0,'57',0,0,552),(514,0,0,'15','12','02',0,0,'07',0,0,'12',0,0,'17',0,0,'22',0,0,'27',0,0,'32',0,0,'37',0,0,'42',0,0,'47',0,0,'52',0,0,'57',0,0,552),(515,0,0,'15','13','02',0,0,'07',0,0,'12',0,0,'17',0,0,'22',0,0,'27',0,0,'32',0,0,'37',0,0,'42',0,0,'47',0,0,'52',0,0,'57',0,0,552),(516,0,0,'15','14','02',0,0,'07',0,0,'12',0,0,'17',0,0,'22',0,0,'27',0,0,'32',0,0,'37',0,0,'42',2,0,'47',5,8,'52',6,6,'57',11,16,552),(517,0,0,'15','15','02',19,21,'07',1,1,'12',0,0,'17',0,0,'22',0,0,'27',0,0,'32',1,1,'37',5,7,'42',1,1,'47',2,2,'52',6,5,'57',11,10,552),(518,0,0,'15','16','02',9,11,'07',16,19,'11',2,0,NULL,0,0,NULL,0,0,NULL,0,0,NULL,0,0,NULL,0,0,NULL,0,0,NULL,0,0,NULL,0,0,NULL,0,0,552),(519,0,0,'16','12','17',23,30,'22',6,7,'27',4,4,'32',3,4,'37',19,23,'42',7,8,'47',13,18,'52',11,13,'57',5,5,NULL,0,0,NULL,0,0,NULL,0,0,553),(520,0,0,'16','13','02',16,16,'07',27,25,'12',7,4,'17',18,15,'22',13,14,'27',3,5,'32',4,13,'37',13,14,'42',16,16,'47',3,6,'52',9,9,'57',1,1,553),(521,0,0,'16','14','02',0,0,'07',1,1,'12',9,9,'17',16,13,'22',15,16,'27',21,25,'32',10,15,'37',12,11,'42',14,17,'47',6,9,'52',4,5,'57',9,7,553),(522,0,0,'16','15','02',5,6,'07',7,7,'12',18,16,'17',7,7,'22',26,31,'27',13,14,'32',0,0,'37',24,27,'42',16,17,'47',7,6,'52',49,48,'57',26,29,553),(523,0,0,'16','16','02',18,26,'07',24,34,'12',10,10,'17',3,3,'22',4,3,'27',4,4,'32',4,2,'37',0,0,'42',0,0,'47',1,2,'52',6,8,'57',6,5,553),(524,0,0,'16','17','02',4,3,'07',18,16,'12',17,20,'17',19,22,'22',13,13,'27',10,9,'32',23,23,'37',16,17,'42',7,4,'47',10,13,'52',21,22,'57',14,13,553),(525,0,0,'16','18','02',13,13,'07',18,15,'12',14,15,'17',19,19,'22',12,11,'27',5,6,'32',19,21,'37',13,13,'42',6,5,'47',3,1,'52',6,5,'57',14,13,553),(526,0,0,'16','19','02',16,15,'07',17,16,'12',13,15,'17',9,10,'22',0,0,'27',13,18,'32',26,21,'37',10,16,'42',8,4,'47',2,2,'52',8,7,'57',9,8,553),(527,0,0,'16','20','02',15,13,'07',5,5,'12',16,20,'17',4,5,'22',6,8,'27',21,19,'32',14,16,'37',5,6,'42',1,1,'47',19,26,'52',12,14,'53',3,2,553),(528,0,0,'17','16','30',11,11,'35',13,15,'40',6,5,'45',3,3,'50',10,13,'55',6,7,NULL,0,0,NULL,0,0,NULL,0,0,NULL,0,0,NULL,0,0,NULL,0,0,554),(529,0,0,'17','17','00',15,19,'05',7,9,'10',2,2,'15',8,8,'20',9,11,'25',18,19,'30',16,17,'35',9,12,'40',7,7,'45',2,2,'50',0,0,'55',23,22,554),(530,0,0,'17','18','00',16,14,'05',19,19,'10',28,31,'15',11,16,'20',20,20,'25',39,50,'30',13,13,'35',16,17,'40',19,23,'45',15,15,'50',2,2,'55',5,5,554),(531,0,0,'17','19','00',4,5,'05',4,4,'10',4,5,'15',16,22,'20',22,21,'25',17,19,'30',5,7,'35',13,15,'40',6,7,'45',11,13,'50',4,4,'55',12,11,554),(532,0,0,'17','20','00',3,3,'05',1,1,'10',5,5,'15',12,14,'20',15,20,'25',10,11,'30',9,12,'35',15,21,'40',10,12,'45',2,2,'50',9,10,'55',13,12,554),(533,0,0,'17','21','00',8,9,'05',7,7,'10',7,11,'15',0,0,'20',12,17,'25',7,7,'30',7,7,'35',0,0,'40',3,3,'45',0,0,'50',0,0,'55',1,1,554),(534,0,0,'17','22','00',0,0,'05',0,0,'10',1,1,'15',8,7,'20',0,0,'25',0,0,'30',0,0,'35',0,0,'40',0,0,'45',9,12,'50',0,0,'55',0,0,554),(535,0,0,'17','23','00',1,2,'05',0,0,'10',0,0,'15',0,0,'20',0,0,'25',0,0,'30',0,0,'35',0,0,'40',0,0,'45',0,0,'50',0,0,'55',0,0,554),(536,0,0,'18','00','0',0,0,'05',3,7,'10',0,0,'15',0,0,'20',0,0,'25',0,0,'30',0,0,'35',0,0,'40',0,0,'45',0,0,'50',0,0,'55',0,0,554),(537,0,0,'18','01','00',0,0,'05',1,1,'10',5,5,'15',3,4,'20',0,0,'25',0,0,'30',0,0,'35',0,0,'40',0,0,'45',0,0,'50',9,11,'55',3,4,554),(538,0,0,'18','02','00',0,0,'05',0,0,'10',0,0,'15',0,0,'20',0,0,'25',0,0,'30',0,0,'35',0,0,'40',0,0,'45',0,0,'50',3,3,'55',2,2,554),(539,0,0,'18','03','00',0,0,'05',0,0,'10',0,0,'15',0,0,'20',0,0,'25',0,0,'30',0,0,'35',0,0,'40',0,0,'45',0,0,'50',0,0,'55',0,0,554),(540,0,0,'18','04','00',0,0,'05',0,0,'10',0,0,'15',0,0,'20',0,0,'25',0,0,'30',0,0,'35',0,0,'40',0,0,'45',2,2,'50',0,0,'55',4,4,554),(541,0,0,'18','05','00',12,15,'05',8,10,'10',0,0,'15',4,6,'20',3,3,'25',3,3,'30',8,8,'35',13,17,'40',30,33,'45',28,45,'50',16,15,'55',6,8,554),(542,0,0,'18','06','00',12,13,'05',10,13,'10',10,15,'15',11,11,'20',21,27,'25',9,11,'30',23,21,'35',25,28,'40',15,21,'45',5,8,'50',8,7,'55',22,20,554),(543,0,0,'18','07','00',5,5,'05',9,11,'10',17,24,'15',13,14,'20',10,11,'25',9,9,'30',17,13,'35',9,6,'40',7,9,'45',21,24,'50',5,7,'55',16,24,554),(544,0,0,'18','08','00',19,21,'05',21,33,'10',26,32,'15',28,35,'20',29,37,'25',7,11,'30',0,0,'35',6,10,'40',5,4,'45',10,10,'50',20,21,'55',8,12,554),(545,0,0,'18','09','00',19,24,'05',9,12,'10',8,7,'15',10,7,'20',10,13,'25',22,23,'30',16,17,'35',16,17,'40',14,16,'45',24,27,'50',15,14,'55',1,1,554),(546,0,0,'18','10','00',0,0,'05',2,2,'10',3,3,'15',11,11,'20',6,10,'25',10,11,'26',1,4,NULL,0,0,NULL,0,0,NULL,0,0,NULL,0,0,NULL,0,0,554),(547,0,0,'13','12','13',14,15,'18',15,17,'23',7,7,'28',10,11,'33',4,3,'38',13,12,'43',17,26,'48',9,9,'53',2,3,'58',4,9,NULL,0,0,NULL,0,0,555),(548,0,0,'13','13','03',8,6,'08',0,0,'13',1,1,'18',5,2,'23',5,8,'28',6,4,'33',6,7,'38',3,2,'43',3,2,'48',1,1,'53',2,2,'58',19,21,555),(549,0,0,'13','14','03',1,1,'08',0,0,'13',2,3,'18',13,12,'23',22,30,'28',28,47,'33',12,16,'38',20,41,'43',12,7,'48',10,13,'53',13,17,'58',17,35,555),(550,0,0,'13','15','03',33,39,'08',12,11,'13',2,3,'18',5,5,'23',8,12,'28',4,4,'33',2,3,'38',2,2,'43',9,7,'48',3,3,'53',2,4,'58',3,2,555),(551,0,0,'13','16','03',8,6,'08',7,7,'13',6,10,'18',7,7,'23',9,18,'28',10,13,'33',16,18,'38',18,17,'43',26,21,'48',17,19,'53',15,15,'58',3,3,555),(552,0,0,'13','17','03',4,10,'08',7,7,'13',5,5,'18',10,10,'23',32,30,'28',20,34,'33',10,16,'38',13,10,'43',22,27,'48',18,29,'53',22,22,'58',5,1,555),(553,0,0,'13','18','03',0,0,'08',2,1,'13',1,0,'18',0,0,'23',1,2,'28',1,1,'33',0,0,'38',11,11,'43',29,39,'48',28,40,'53',18,41,'58',32,45,555),(554,0,0,'13','19','03',20,25,'08',13,21,'13',22,23,'18',8,6,'23',17,13,'28',28,37,'33',18,18,'38',20,25,'43',23,39,'48',21,30,'53',12,17,'58',8,7,555),(555,0,0,'13','20','03',6,7,'08',2,2,'13',9,12,'16',0,0,NULL,0,0,NULL,0,0,NULL,0,0,NULL,0,0,NULL,0,0,NULL,0,0,NULL,0,0,NULL,0,0,555),(556,0,0,'17','12','17',12,18,'22',13,15,'27',11,9,'32',5,6,'37',3,4,'42',7,11,'47',15,17,'52',8,4,'57',5,4,NULL,0,0,NULL,0,0,NULL,0,0,556),(557,0,0,'17','13','02',2,2,'07',3,4,'12',0,0,'17',5,4,'22',7,10,'27',35,32,'32',24,19,'37',23,12,'42',23,25,'47',10,14,'52',10,15,'57',18,24,556),(558,0,0,'17','14','02',17,14,'07',8,10,'12',5,5,'17',1,1,'22',9,5,'27',11,10,'32',4,6,'37',1,1,'42',10,13,'47',5,6,'52',18,18,'57',26,20,556),(559,0,0,'17','15','02',22,21,'07',14,13,'12',25,26,'17',10,10,'22',3,6,'27',2,2,'32',4,4,'37',0,0,'42',1,1,'47',0,0,'52',3,3,'57',24,25,556),(560,0,0,'17','16','02',4,5,'07',6,5,'12',2,2,'17',2,2,'22',16,17,'27',14,21,'32',4,3,'37',4,3,'42',4,2,'47',2,2,'52',3,2,'57',13,15,556),(561,0,0,'17','17','02',5,4,'07',3,1,'12',7,8,'17',11,12,'22',26,29,'27',4,4,'32',8,7,'37',16,16,'42',18,13,'47',14,16,'52',17,22,'57',7,7,556),(562,0,0,'17','18','02',0,0,'07',0,0,'12',3,1,'17',9,9,'22',15,16,'27',3,3,'32',0,0,'37',16,12,'42',29,39,'47',21,45,'52',22,23,'57',15,18,556),(563,0,0,'17','19','02',18,19,'07',16,13,'12',25,27,'17',16,15,'22',12,15,'27',18,18,'32',11,11,'37',5,4,'42',13,12,'47',8,7,'52',5,7,'57',2,2,556),(564,0,0,'17','20','02',3,3,'07',7,11,'12',2,5,'17',2,4,'18',0,0,NULL,0,0,NULL,0,0,NULL,0,0,NULL,0,0,NULL,0,0,NULL,0,0,NULL,0,0,556),(565,0,0,'08','16','40',4,4,'45',18,12,'50',15,16,'55',23,27,NULL,0,0,NULL,0,0,NULL,0,0,NULL,0,0,NULL,0,0,NULL,0,0,NULL,0,0,NULL,0,0,557),(566,0,0,'08','17','00',7,6,'05',7,4,'10',15,18,'15',19,21,'20',18,20,'25',25,29,'30',20,26,'35',0,0,'40',0,0,'45',0,0,'50',0,0,'55',8,9,557),(567,0,0,'08','18','00',11,12,'05',15,33,'10',7,38,'15',9,11,'20',0,0,'25',23,23,'30',2,2,'35',2,2,'40',10,24,'45',22,26,'50',20,25,'55',29,45,557),(568,0,0,'08','19','00',19,49,'05',26,31,'10',23,25,'15',12,12,'20',6,5,'25',1,2,'30',6,7,'35',16,17,'40',19,24,'45',24,30,'50',18,31,'55',23,26,557),(569,0,0,'08','20','00',16,41,'05',14,13,'10',8,8,'15',12,10,'20',15,26,'25',5,10,'30',5,4,'35',2,3,'40',6,4,'45',4,15,'50',16,18,'55',5,6,557),(570,0,0,'08','21','00',5,3,'05',4,4,'10',5,6,'15',7,3,'20',13,15,'25',5,3,'30',17,19,'35',7,10,'40',5,5,'45',1,2,'50',0,0,'55',0,0,557),(571,0,0,'08','22','00',11,12,'05',12,14,'10',0,0,'15',1,1,'20',0,0,'25',4,3,'30',1,1,'35',3,3,'40',4,4,'45',0,0,'50',8,8,'55',1,0,557),(572,0,0,'08','23','00',7,7,'05',8,19,'10',12,16,'15',0,0,'20',10,29,'25',12,33,'30',8,19,'35',6,22,'40',9,26,'45',7,9,'50',5,6,'55',3,3,557),(573,0,0,'09','00','0',2,4,'05',8,11,'10',17,21,'15',7,23,'20',14,37,'25',10,24,'30',4,4,'35',0,0,'40',0,0,'45',0,0,'50',0,0,'55',0,0,557),(574,0,0,'09','01','00',5,7,'05',4,4,'10',10,10,'15',0,0,'20',8,3,'25',0,0,'30',0,0,'35',0,0,'40',0,0,'45',0,0,'50',0,0,'55',0,0,557),(575,0,0,'09','02','00',0,0,'05',7,10,'10',7,9,'15',13,24,'20',13,19,'25',22,13,'30',3,3,'35',15,26,'40',6,20,'45',8,16,'50',0,0,'55',4,2,557),(576,0,0,'09','03','00',0,0,'05',9,9,NULL,0,0,NULL,0,0,NULL,0,0,NULL,0,0,NULL,0,0,NULL,0,0,NULL,0,0,NULL,0,0,NULL,0,0,NULL,0,0,557),(577,0,0,'11','08','28',0,0,'33',4,2,'38',2,2,'43',5,4,'48',2,2,'53',0,0,'58',4,4,NULL,0,0,NULL,0,0,NULL,0,0,NULL,0,0,NULL,0,0,558),(578,0,0,'11','09','03',0,0,'08',2,2,'13',0,0,'18',0,0,'23',2,5,'28',0,0,'33',0,0,'38',1,0,'43',1,1,'48',1,1,'53',1,3,'58',3,5,558),(579,0,0,'11','10','03',1,0,'08',0,0,'13',1,1,'18',1,0,'23',0,0,'28',0,0,'32',0,0,NULL,0,0,NULL,0,0,NULL,0,0,NULL,0,0,NULL,0,0,558),(580,0,0,'12','16','27',3,5,'32',10,10,'37',6,6,'42',12,12,'47',4,6,'52',12,16,'57',10,8,NULL,0,0,NULL,0,0,NULL,0,0,NULL,0,0,NULL,0,0,559),(581,0,0,'12','17','02',5,3,'07',0,0,'12',1,0,'17',0,0,'22',0,0,'27',5,5,'32',8,13,'37',7,6,'42',13,17,'47',21,23,'52',17,21,'57',11,10,559),(582,0,0,'12','18','02',7,7,'07',7,9,'12',0,0,'17',13,13,'22',26,14,'27',2,2,'32',2,4,'37',5,5,'42',10,10,'47',8,11,'52',3,3,'57',16,25,559),(583,0,0,'12','19','02',11,19,'07',5,7,'12',22,33,'17',16,25,'22',17,13,'27',18,17,'32',19,20,'37',12,10,'42',13,20,'47',10,7,'52',18,19,'57',11,15,559),(584,0,0,'12','20','02',9,18,'07',2,4,'12',2,3,'17',0,0,'22',0,0,'27',1,0,'32',7,5,'37',5,4,'42',8,8,'47',0,0,'52',0,0,'57',0,0,559),(585,0,0,'12','21','02',9,7,'07',3,3,'12',0,0,'17',0,0,'22',0,0,'27',0,0,'32',7,9,'37',9,11,'42',2,2,'47',8,7,'52',4,5,'57',5,4,559),(586,0,0,'12','22','02',8,9,'07',2,2,'12',0,0,'17',0,0,'22',0,0,'27',0,0,'32',5,5,'37',0,0,'42',0,0,'47',0,0,'52',0,0,'57',13,12,559),(587,0,0,'12','23','02',17,20,'07',9,13,'12',13,14,'17',13,16,'22',17,34,'27',9,9,'32',4,5,'37',6,7,'42',0,0,'47',0,0,'52',0,0,'57',0,0,559),(588,0,0,'13','00','02',0,0,'07',0,0,'12',0,0,'17',0,0,'22',0,0,'27',0,0,'32',0,0,'37',0,0,'42',0,0,'47',0,0,'52',0,0,'57',0,0,559),(589,0,0,'13','01','02',0,0,'07',0,0,'12',0,0,'17',0,0,'22',0,0,'27',0,0,'32',0,0,'37',0,0,'42',0,0,'47',0,0,'52',0,0,'57',4,4,559),(590,0,0,'13','02','2',6,7,'07',7,10,'12',0,0,'17',0,0,'22',0,0,'27',0,0,'32',0,0,'37',0,0,'42',0,0,'47',0,0,'52',0,0,'57',0,0,559),(591,0,0,'13','03','02',0,0,'07',0,0,'12',0,0,'17',0,0,'22',0,0,'27',0,0,'32',0,0,'37',0,0,'42',0,0,'47',0,0,'52',0,0,'57',0,0,559),(592,0,0,'13','04','02',0,0,'07',0,0,'12',0,0,'17',0,0,'22',0,0,'27',0,0,'32',0,0,'37',4,2,'42',10,11,'47',9,19,'52',31,38,'57',19,22,559),(593,0,0,'13','05','02',29,38,'07',18,33,'12',22,30,'17',18,32,'22',19,36,'27',25,32,'32',12,18,'37',11,15,'42',18,14,'47',14,21,'52',16,18,'57',20,22,559),(594,0,0,'13','06','02',25,24,'07',17,21,'12',19,16,'17',14,9,'22',20,36,'27',24,31,'32',16,17,'37',12,22,'42',13,10,'47',14,12,'52',3,3,'57',4,6,559),(595,0,0,'13','07','02',12,20,'07',2,4,'12',5,3,'17',5,6,'22',4,7,'27',10,9,'32',6,6,'37',4,5,'42',9,12,'47',2,2,'52',1,1,'57',4,4,559),(596,0,0,'13','08','02',19,30,'07',6,9,'12',2,2,'17',0,0,'22',9,6,'27',14,16,'32',17,21,'37',4,5,'42',5,5,'47',2,3,'52',19,19,'57',1,1,559),(597,0,0,'13','09','02',27,39,'07',5,5,'12',10,9,'17',6,8,'22',6,10,'27',2,1,'32',4,3,'37',2,2,'41',5,5,NULL,0,0,NULL,0,0,NULL,0,0,559),(598,0,0,'14','07','04',5,3,'09',14,23,'14',3,4,'19',0,0,'24',6,6,'29',17,18,'34',18,18,'39',18,15,'44',11,14,'49',21,35,'54',15,14,'59',8,8,560),(599,0,0,'14','08','04',1,2,'09',9,9,'14',12,12,'19',17,17,'24',11,15,'29',25,29,'34',17,18,'39',12,15,'44',3,5,'49',7,6,'54',17,23,'59',4,4,560),(600,0,0,'14','09','04',3,4,'09',4,3,'14',0,0,'19',3,3,'24',5,5,'29',2,1,'34',8,6,'39',8,9,'44',15,15,'49',13,18,'54',9,9,'59',18,21,560),(601,0,0,'14','10','04',14,13,'09',16,23,'14',16,15,'19',12,8,'24',8,7,'29',12,10,'34',34,41,'39',20,22,'44',7,5,'49',9,11,'54',6,7,'59',15,18,560),(602,0,0,'14','11','04',21,18,'09',1,8,'14',10,9,'19',22,16,'24',14,13,'29',18,19,'34',9,8,'39',5,5,'44',5,5,'49',1,1,'54',1,0,'59',5,4,560),(603,0,0,'14','12','04',3,1,'09',3,2,'14',1,0,'19',3,4,'24',0,0,'29',0,0,'34',0,0,'39',5,5,'44',1,1,'49',2,1,'54',6,17,'59',3,10,560),(604,0,0,'14','13','04',0,0,'09',2,2,'14',0,0,'19',4,1,'24',0,0,'29',0,0,'34',2,2,'39',4,3,'44',3,1,'49',2,2,'54',0,0,'59',3,2,560),(605,0,0,'14','14','04',10,9,'09',3,4,'14',10,14,'19',2,3,'24',5,5,'29',4,4,'34',4,5,'39',1,1,'44',0,0,'49',3,2,'54',14,19,'59',5,2,560),(606,0,0,'14','15','04',2,1,'09',2,2,'14',6,8,'19',0,0,'24',0,0,'29',0,0,'34',0,0,'39',0,0,'44',3,3,NULL,0,0,NULL,0,0,NULL,0,0,560),(607,0,0,'09','11','59',5,6,NULL,0,0,NULL,0,0,NULL,0,0,NULL,0,0,NULL,0,0,NULL,0,0,NULL,0,0,NULL,0,0,NULL,0,0,NULL,0,0,NULL,0,0,561),(608,0,0,'09','12','04',9,9,'09',16,18,'14',21,17,'19',18,13,'24',10,9,'29',3,3,'34',20,21,'39',17,14,'44',9,8,'49',11,13,'54',16,11,'59',0,0,561),(609,0,0,'09','13','04',1,1,'09',3,5,'14',0,0,'19',3,3,'24',1,2,'29',0,0,'34',4,3,'39',0,1,'44',1,1,'49',3,7,'54',4,3,'59',4,6,561),(610,0,0,'09','14','04',0,0,'09',8,12,'14',18,19,'19',10,9,'24',4,5,'29',6,7,'34',2,2,'39',0,0,'44',6,6,'49',0,0,'54',2,4,'59',1,1,561),(611,0,0,'09','15','04',0,0,'09',0,0,'14',2,1,'19',0,0,'24',1,1,'29',3,2,'34',6,3,'39',8,6,'44',2,2,'49',16,15,'54',8,14,'59',17,16,561),(612,0,0,'09','16','04',1,1,'09',7,7,'14',0,0,'19',6,6,'24',4,5,'29',1,1,'34',0,0,'39',2,2,'44',10,0,'49',0,0,'54',5,4,'59',2,2,561),(613,0,0,'09','17','04',3,3,'09',4,3,'14',0,0,'19',3,2,'24',4,4,'29',3,4,'34',4,6,'39',6,6,'44',19,23,'49',1,1,'54',11,11,'59',6,7,561),(614,0,0,'09','18','04',0,0,NULL,0,0,NULL,0,0,NULL,0,0,NULL,0,0,NULL,0,0,NULL,0,0,NULL,0,0,NULL,0,0,NULL,0,0,NULL,0,0,NULL,0,0,561),(615,0,0,'11','09','04',2,3,'09',0,0,'14',1,1,'19',1,3,'24',1,0,'29',0,0,'34',5,6,'39',5,5,'44',5,2,'49',2,2,'54',0,0,'59',0,0,562),(616,0,0,'11','10','04',0,0,'09',0,0,'14',0,0,'19',0,0,'24',0,0,'29',0,0,'34',0,0,'39',0,0,'44',0,0,'49',0,0,'54',0,0,'59',0,0,562),(617,0,0,'11','11','04',0,0,'09',0,0,'14',0,0,'19',0,0,'24',0,0,'29',5,7,'34',3,3,'39',0,0,'44',2,1,'49',1,1,'54',7,9,'59',0,0,562),(618,0,0,'11','12','04',0,0,'09',5,4,'14',4,2,'19',6,7,'24',13,10,'29',19,21,'34',0,0,'39',1,1,'44',1,1,'49',1,1,'54',0,0,'59',1,0,562),(619,0,0,'11','13','04',0,0,'09',1,0,'14',0,0,'19',10,11,'24',5,6,'29',4,4,'34',1,1,'39',0,0,'44',0,0,'49',2,4,'54',2,1,'59',0,0,562),(620,0,0,'11','14','04',11,17,'09',5,5,'14',3,4,'19',12,13,'24',14,15,'29',11,11,'34',7,7,'39',9,11,'44',9,8,'49',2,2,'54',2,2,'59',0,0,562),(621,0,0,'11','15','04',0,0,'09',0,0,'14',0,0,'19',2,2,'24',10,11,'29',3,3,'34',2,3,'39',0,0,'44',1,1,'49',1,0,'54',0,0,'59',1,1,562),(622,0,0,'11','16','04',3,2,'09',0,0,'14',0,0,'19',0,0,'23',7,16,NULL,0,0,NULL,0,0,NULL,0,0,NULL,0,0,NULL,0,0,NULL,0,0,NULL,0,0,562),(623,0,0,'12','16','25',2,8,'30',3,5,'35',3,9,'40',3,4,'45',0,0,'50',6,3,'55',3,2,NULL,0,0,NULL,0,0,NULL,0,0,NULL,0,0,NULL,0,0,563),(624,0,0,'12','17','00',6,7,'05',5,5,'10',15,14,'15',16,17,'20',24,26,'25',23,28,'30',34,30,'35',24,30,'40',23,32,'45',17,16,'50',10,11,'55',0,0,563),(625,0,0,'12','18','00',8,9,'05',2,2,'10',0,0,'15',0,0,'20',3,3,'25',0,0,'30',6,10,'35',6,4,'40',15,26,'45',4,4,'50',13,16,'55',24,26,563),(626,0,0,'12','19','00',26,29,'05',11,15,'10',10,12,'15',12,13,'20',13,11,'25',8,9,'30',20,21,'35',5,6,'40',10,8,'45',4,4,'50',2,2,'55',3,3,563),(627,0,0,'12','20','00',1,1,'05',1,0,'10',0,0,'15',3,3,'20',8,5,'25',6,6,'30',8,7,'35',3,2,'40',12,9,'45',5,8,'50',8,9,'55',0,0,563),(628,0,0,'12','21','00',0,0,'05',0,0,'10',0,0,'15',0,0,'20',3,7,'25',1,2,'30',7,5,'35',5,5,'40',26,16,'45',18,27,'50',0,0,'55',0,0,563),(629,0,0,'12','22','00',0,0,'05',0,0,'10',1,1,'15',0,0,'20',0,0,'25',0,0,'30',0,0,'35',0,0,'40',0,0,'45',2,2,'50',7,7,'55',11,7,563),(630,0,0,'12','23','00',0,0,'05',0,0,'10',0,0,'15',0,0,'20',0,0,'25',0,0,'30',0,0,'35',0,0,'40',0,0,'45',0,0,'50',0,0,'55',0,0,563),(631,0,0,'13','00','0',0,0,'05',0,0,'10',0,0,'15',0,0,'20',0,0,'25',0,0,'30',0,0,'35',0,0,'40',0,0,'45',0,0,'50',0,0,'55',0,0,563),(632,0,0,'13','01','00',0,0,'05',0,0,'10',0,0,'15',0,0,'20',0,0,'25',9,7,'30',26,40,'35',21,30,'40',1,0,'45',0,0,'50',0,0,'55',0,0,563),(633,0,0,'13','02','00',0,0,'05',0,0,'10',0,0,'15',0,0,'20',0,0,'25',0,0,'30',0,0,'35',0,0,'40',0,0,'45',0,0,'50',0,0,'55',0,0,563),(634,0,0,'13','03','00',0,0,'05',0,0,'10',0,0,'15',0,0,'20',0,0,'25',0,0,'30',0,0,'35',0,0,'40',0,0,'45',0,0,'50',0,0,'55',0,0,563),(635,0,0,'13','04','00',0,0,'05',0,0,'10',0,0,'15',0,0,'20',0,0,'25',0,0,'30',0,0,'35',0,0,'40',0,0,'45',0,0,'50',0,0,'55',0,0,563),(636,0,0,'13','05','00',3,3,'05',5,6,'10',30,33,'15',25,28,'20',26,35,'25',33,39,'30',30,36,'35',28,37,'40',9,10,'45',6,14,'50',15,19,'55',15,14,563),(637,0,0,'13','06','00',12,22,'05',8,18,'10',16,21,'15',15,20,'20',10,8,'25',5,6,'30',13,9,'35',13,13,'40',9,14,'45',11,11,'50',8,8,'55',7,4,563),(638,0,0,'13','07','00',13,21,'05',6,12,'10',11,15,'15',3,3,'20',8,10,'25',17,13,'30',19,20,'35',9,7,'40',2,1,'45',0,0,'50',9,9,'55',10,11,563),(639,0,0,'13','08','00',0,0,'05',19,18,'10',14,14,'15',10,14,'20',2,3,'25',35,58,'30',32,60,'35',14,14,'40',6,5,'45',12,4,'50',6,7,'55',11,10,563),(640,0,0,'13','09','00',1,1,'05',14,20,'10',17,15,'15',21,21,'20',30,37,'25',19,30,'30',5,4,'35',7,9,'40',6,4,NULL,0,0,NULL,0,0,NULL,0,0,563),(641,0,0,'13','09','53',3,3,'58',1,0,NULL,0,0,NULL,0,0,NULL,0,0,NULL,0,0,NULL,0,0,NULL,0,0,NULL,0,0,NULL,0,0,NULL,0,0,NULL,0,0,564),(642,0,0,'13','10','03',2,8,'08',0,0,'13',0,0,'18',0,0,'23',0,0,'28',0,0,'33',0,0,'38',0,0,'43',0,0,'48',0,0,'53',3,3,'58',2,2,564),(643,0,0,'13','11','03',6,6,'08',5,6,'13',0,0,'18',2,4,'23',0,0,'28',2,3,'33',1,1,'38',0,0,'43',4,5,'48',1,1,'53',1,1,'58',8,8,564),(644,0,0,'13','12','03',4,4,'08',1,1,'13',0,0,'18',2,2,'23',1,1,'28',4,4,'33',7,6,'38',14,12,'43',1,1,'48',1,1,'53',0,0,'58',2,3,564),(645,0,0,'13','13','03',0,0,'08',2,2,'13',0,0,'18',1,1,'23',0,0,'28',0,0,'33',0,0,'38',0,0,'43',0,0,'48',0,0,'53',0,0,'58',0,0,564),(646,0,0,'13','14','03',1,0,'08',0,0,'13',0,0,'18',9,9,'23',0,0,'28',7,7,'33',2,2,'38',1,1,'43',5,5,'48',0,0,'53',0,0,'58',1,0,564),(647,0,0,'13','15','03',4,5,'08',14,18,'13',2,1,'18',0,0,'23',0,0,'28',0,0,'33',0,0,'38',5,4,'43',1,1,'48',0,0,'53',0,0,'58',0,0,564),(648,0,0,'13','16','03',0,0,'08',0,0,'13',1,1,'18',0,0,'23',7,9,'28',8,10,'33',3,4,'38',8,8,'43',2,2,'48',8,9,'53',4,4,'58',2,4,564),(649,0,0,'13','17','03',4,4,'08',0,0,'13',2,1,'18',4,3,'23',8,8,'28',0,0,'33',3,3,'38',7,8,'43',2,2,'48',0,0,'53',0,0,'58',0,0,564),(650,0,0,'13','18','03',5,3,'08',0,0,'13',0,0,'18',0,0,'23',0,0,'28',0,0,'33',0,0,'38',0,0,'43',0,0,'48',0,0,'53',0,0,'55',1,1,564),(651,0,0,'14','07','17',5,6,'22',0,0,'27',1,1,'32',4,3,'37',10,11,'42',6,6,'47',6,5,'52',3,0,'57',2,1,NULL,0,0,NULL,0,0,NULL,0,0,565),(652,0,0,'14','08','02',4,4,'07',4,5,'12',2,2,'17',1,1,'22',1,1,'27',10,11,'32',15,14,'37',10,11,'42',0,0,'47',0,0,'52',0,0,'57',0,0,565),(653,0,0,'14','09','02',0,0,'07',0,0,'12',0,0,'17',0,0,'22',0,0,'27',0,0,'32',0,0,'37',0,0,'42',0,0,'47',0,0,'52',0,0,'57',0,0,565),(654,0,0,'14','10','02',0,0,'07',0,0,'12',0,0,'17',0,0,'22',0,0,'27',0,0,'32',0,0,'37',0,0,'42',0,0,'47',0,0,'52',0,0,'57',0,0,565),(655,0,0,'14','11','02',0,0,'07',0,0,'12',0,0,'17',5,4,'22',0,0,'27',4,3,'32',3,3,'37',0,0,'42',0,0,'47',0,0,'52',0,0,'57',0,0,565),(656,0,0,'14','12','02',0,0,'07',0,0,'10',5,4,NULL,0,0,NULL,0,0,NULL,0,0,NULL,0,0,NULL,0,0,NULL,0,0,NULL,0,0,NULL,0,0,NULL,0,0,565),(657,0,0,'12','16','21',0,0,'26',1,1,'31',6,9,'36',6,6,'41',18,19,'46',21,23,'51',18,17,'56',3,2,NULL,0,0,NULL,0,0,NULL,0,0,NULL,0,0,566),(658,0,0,'12','17','01',24,25,'06',22,28,'11',12,15,'16',22,41,'21',20,23,'26',13,8,'31',7,5,'36',2,4,'41',0,0,'46',5,5,'51',6,6,'56',7,10,566),(659,0,0,'12','18','01',2,4,'06',0,0,'11',10,11,'16',14,19,'21',4,5,'26',1,1,'31',1,1,'36',5,5,'41',12,13,'46',0,0,'51',0,0,'56',8,11,566),(660,0,0,'12','19','01',4,4,'06',16,27,'11',30,52,'16',6,6,'21',3,2,'26',6,9,'31',12,39,'36',17,26,'41',24,49,'46',2,1,'51',19,40,'56',9,10,566),(661,0,0,'12','20','01',2,3,'06',1,1,'11',0,0,'16',1,1,'21',2,2,'26',2,2,'31',0,0,'36',4,3,'41',11,3,'46',2,5,'51',0,0,'56',0,0,566),(662,0,0,'12','21','01',3,3,'06',14,18,'11',4,4,'16',2,1,'21',0,0,'26',3,3,'31',0,0,'36',0,0,'41',0,0,'46',1,1,'51',0,0,'56',0,0,566),(663,0,0,'12','22','01',0,0,'06',1,1,'11',2,3,'16',0,0,'21',0,0,'26',0,0,'31',0,0,'36',5,4,'41',1,2,'46',0,0,'51',1,1,'56',2,2,566),(664,0,0,'12','23','01',0,0,'06',2,2,'11',0,0,'16',0,0,'21',1,1,'26',0,0,'31',0,0,'36',0,0,'41',0,0,'46',0,0,'51',0,0,'56',0,0,566),(665,0,0,'13','00','01',0,0,'06',0,0,'11',0,0,'16',0,0,'21',1,1,'26',0,0,'31',0,0,'36',0,0,'41',0,0,'46',2,1,'51',3,3,'56',3,4,566),(666,0,0,'13','01','1',0,0,'06',0,0,'11',0,0,'16',1,1,'21',0,0,'26',0,0,'31',0,0,'36',3,3,'41',1,1,'46',0,0,'51',0,0,'56',3,3,566),(667,0,0,'13','02','01',0,0,'06',0,0,'11',0,0,'16',0,0,'21',0,0,'26',0,0,'31',0,0,'36',0,0,'41',0,0,'46',0,0,'51',0,0,'56',0,0,566),(668,0,0,'13','03','01',0,0,'06',0,0,'11',0,0,'16',0,0,'21',0,0,'26',0,0,'31',0,0,'36',0,0,'41',0,0,'46',0,0,'51',0,0,'56',0,0,566),(669,0,0,'13','04','01',0,0,'06',0,0,'11',0,0,'16',0,0,'21',0,0,'26',0,0,'31',0,0,'36',0,0,'41',2,2,'46',13,14,'51',9,9,'56',20,36,566),(670,0,0,'13','05','01',15,24,'06',24,37,'11',14,15,'16',24,34,'21',17,20,'26',14,14,'31',19,20,'36',4,5,'41',8,11,'46',12,18,'51',6,6,'56',5,11,566),(671,0,0,'13','06','01',3,3,'06',7,8,'11',7,7,'16',24,32,'21',16,17,'26',19,18,'31',5,4,'36',2,2,'41',27,35,'46',17,18,'51',5,4,'56',9,9,566),(672,0,0,'13','07','01',15,16,'06',12,17,'11',4,3,'16',3,3,'21',10,13,'26',11,10,'31',6,3,'36',2,2,'41',15,14,'46',17,20,'51',24,32,'56',24,29,566),(673,0,0,'13','08','01',19,29,'06',21,29,'11',9,11,'16',10,7,'21',6,6,'26',4,3,'31',13,12,'36',0,0,'41',1,0,'46',4,4,'51',0,0,'56',1,1,566),(674,0,0,'13','09','01',0,0,'06',11,18,'11',16,30,'16',11,13,'21',5,5,'26',6,10,'31',13,13,'36',11,12,'37',0,0,NULL,0,0,NULL,0,0,NULL,0,0,566),(675,0,0,'18','07','10',10,9,'15',11,11,'20',6,5,'25',12,18,'30',5,4,'35',13,14,'40',24,19,'45',21,23,'50',19,20,'55',20,19,NULL,0,0,NULL,0,0,567),(676,0,0,'18','08','00',5,5,'05',15,15,'10',3,4,'15',12,13,'20',20,23,'25',16,25,'30',6,6,'35',15,17,'40',26,39,'45',6,12,'50',6,13,'55',1,1,567),(677,0,0,'18','09','00',4,6,'05',16,23,'10',14,17,'15',12,13,'20',4,4,'25',6,7,'30',12,13,'35',44,49,'40',36,33,'45',29,34,'50',30,34,'55',41,51,567),(678,0,0,'18','10','00',29,37,'05',26,30,'10',21,20,'15',23,29,'20',14,25,'25',13,25,'30',14,16,'35',9,9,'40',10,10,'45',7,11,'50',0,0,'55',11,10,567),(679,0,0,'18','11','00',11,13,'05',7,8,'10',2,5,'15',2,1,'20',4,2,'25',0,0,'30',0,0,'35',0,0,'40',0,0,'45',0,0,'50',9,10,'55',17,19,567),(680,0,0,'18','12','00',14,18,'05',19,21,'10',4,5,'15',1,1,'20',13,0,'25',2,0,'30',10,4,'35',15,11,'40',7,8,'45',5,7,'50',1,1,'55',2,1,567),(681,0,0,'18','13','00',10,25,'05',6,7,'10',6,7,'15',12,25,'20',0,0,'25',6,5,'30',8,12,'35',8,8,'40',12,14,'45',6,7,'50',11,13,'55',5,5,567),(682,0,0,'18','14','00',5,7,'05',3,2,'10',8,11,'15',14,16,'20',9,8,'25',7,10,'30',12,14,'35',17,27,'40',16,31,'45',19,28,'50',14,28,'55',16,22,567),(683,0,0,'18','15','00',10,15,'05',10,19,'10',0,0,'15',4,4,'20',14,17,'25',6,10,'30',6,8,'35',0,0,'40',0,0,'45',0,0,'50',0,0,'55',0,0,567),(684,0,0,'18','16','59',3,7,'',0,0,'',0,0,'',0,0,'',0,0,'',0,0,'',0,0,'',0,0,'',0,0,'',0,0,'',0,0,'',0,0,567),(685,0,0,'16','16','51',2,2,'56',17,17,NULL,0,0,NULL,0,0,NULL,0,0,NULL,0,0,NULL,0,0,NULL,0,0,NULL,0,0,NULL,0,0,NULL,0,0,NULL,0,0,568),(686,0,0,'16','17','01',8,7,'06',0,0,'11',3,3,'16',3,3,'21',0,0,'26',5,5,'31',12,15,'36',10,9,'41',18,20,'46',14,12,'51',5,3,'56',11,16,568),(687,0,0,'16','18','01',15,18,'06',16,17,'11',9,10,'16',7,6,'21',2,2,'26',1,1,'31',12,8,'36',9,8,'41',8,6,'46',9,13,'51',23,22,'56',25,15,568),(688,0,0,'16','19','01',26,14,'06',17,22,'11',10,10,'16',17,17,'21',8,12,'26',19,15,'31',14,14,'36',7,5,'41',29,25,'46',12,12,'51',12,15,'56',20,31,568),(689,0,0,'16','20','01',17,17,'06',36,26,'11',7,7,'16',9,8,'21',5,6,'26',9,11,'31',11,15,'36',10,12,'41',5,5,'46',15,17,'51',18,16,'56',16,17,568),(690,0,0,'16','21','01',19,16,'06',4,4,'11',1,1,'16',2,2,'21',4,2,'26',13,10,'31',1,1,'36',4,5,'41',15,15,'46',3,3,'51',1,1,'56',8,9,568),(691,0,0,'16','22','01',0,0,'06',0,0,'11',0,0,'16',0,0,'21',0,0,'26',0,0,'31',0,0,'36',0,0,'41',10,8,'46',6,6,'51',12,10,'56',22,21,568),(692,0,0,'16','23','01',19,15,'06',12,11,'11',9,7,'16',19,14,'21',14,19,'26',14,9,'31',9,6,'36',12,10,'41',2,2,'46',0,0,'51',0,0,'56',0,0,568),(693,0,0,'17','00','01',0,0,'06',0,0,'11',0,0,'16',0,0,'21',3,3,'26',1,1,'31',3,0,'36',3,1,'41',2,2,'46',0,0,'51',11,13,'56',4,4,568),(694,0,0,'17','01','1',4,2,'06',0,0,'11',0,0,'16',0,0,'21',0,0,'26',2,2,'31',0,0,'36',0,0,'41',0,0,'46',2,3,'51',0,0,'56',0,0,568),(695,0,0,'17','02','01',2,2,'06',9,11,'11',15,15,'16',3,5,'21',4,7,'26',9,11,'31',5,6,'36',4,7,'41',10,11,'46',0,0,'51',0,0,'56',0,0,568),(696,0,0,'17','03','01',3,2,'06',8,7,'11',1,1,'16',0,0,'21',0,0,'26',0,0,'31',0,0,'36',0,0,'41',0,0,'46',0,0,'51',2,2,'56',3,3,568),(697,0,0,'17','04','01',8,10,'06',1,1,'11',10,9,'16',4,3,'21',6,4,'26',9,10,'31',2,3,'36',6,8,'41',23,20,'46',18,15,'51',2,1,'56',17,21,568),(698,0,0,'17','05','01',22,19,'06',27,12,'11',6,9,'16',20,17,'21',16,20,'26',13,9,'31',10,10,'36',28,16,'41',19,15,'46',29,24,'51',28,15,'56',15,15,568),(699,0,0,'17','06','01',19,23,'06',31,24,'11',16,10,'16',20,23,'21',9,6,'26',19,22,'31',11,16,'36',19,21,'41',11,12,'46',14,17,'51',16,15,'56',6,4,568),(700,0,0,'17','07','01',3,3,'06',8,6,'11',6,4,'16',2,2,'21',3,3,'26',5,4,'31',9,9,'36',5,4,'41',2,2,'46',7,8,'51',1,0,'56',2,3,568),(701,0,0,'17','08','01',3,3,'06',2,2,'11',1,1,'16',0,0,'21',0,0,'26',12,11,'31',10,10,'36',8,8,'41',7,6,'46',9,7,'51',14,14,'56',6,5,568),(702,0,0,'17','09','01',3,3,'06',4,5,'11',5,4,'16',3,3,'21',1,1,'26',3,3,'31',0,0,'36',1,1,'41',7,17,'43',1,0,NULL,0,0,NULL,0,0,568),(703,0,0,'12','09','00',7,8,'05',10,11,'10',3,3,'15',3,3,'20',9,10,'25',6,4,'30',12,13,'35',11,9,'40',7,11,'45',7,6,'50',2,2,'55',3,0,569),(704,0,0,'12','10','00',18,11,'05',3,1,'10',3,2,'15',18,18,'20',8,10,'25',3,3,'30',3,2,'35',4,4,'40',13,19,'45',5,5,'50',3,3,'55',7,10,569),(705,0,0,'12','11','00',8,7,'05',5,13,'10',0,0,'15',0,0,'20',1,1,'25',8,9,'30',0,0,'35',8,13,'40',0,0,'45',1,1,'50',0,0,'55',3,3,569),(706,0,0,'12','12','00',3,6,'05',5,5,'10',17,13,'15',11,11,'20',22,35,'25',7,5,'30',4,5,'35',4,4,'40',2,2,'45',1,1,'50',0,0,'55',1,1,569),(707,0,0,'12','13','00',0,0,'05',11,16,'10',9,12,'15',0,0,'20',0,0,'25',0,0,'30',7,8,'35',7,7,'40',11,17,'45',24,32,'50',15,18,'55',4,4,569),(708,0,0,'12','14','00',30,45,'05',3,6,'10',13,16,'15',16,40,'20',20,34,'25',11,26,'30',11,10,'35',32,34,'40',2,2,'45',1,1,'50',3,3,'55',0,0,569),(709,0,0,'12','15','00',5,5,'05',0,0,'10',0,0,'15',6,6,'20',8,13,'25',8,8,'30',11,11,'35',7,18,'40',14,24,'45',7,15,'50',0,0,'55',0,0,569),(710,0,0,'12','16','00',2,6,'05',2,2,'10',2,2,'15',2,5,'20',6,3,'25',2,3,'30',7,18,'35',4,4,'40',0,0,'45',0,0,'50',0,0,'55',0,0,569),(711,0,0,'12','17','00',0,0,'01',0,0,NULL,0,0,NULL,0,0,NULL,0,0,NULL,0,0,NULL,0,0,NULL,0,0,NULL,0,0,NULL,0,0,NULL,0,0,NULL,0,0,569),(712,0,0,'16','09','04',11,17,'09',1,2,'14',1,1,'19',3,3,'24',7,7,'29',2,1,'34',2,2,'39',5,4,'44',17,16,'49',6,5,'54',2,0,'59',1,1,570),(713,0,0,'16','10','04',3,1,'09',10,9,'14',4,4,'19',6,16,'24',3,2,'29',3,4,'34',1,0,'39',2,3,'44',7,5,'49',10,11,'54',3,3,'59',2,2,570),(714,0,0,'16','11','04',6,4,'09',14,11,'14',13,15,'19',5,6,'24',21,26,'29',4,15,'34',1,1,'39',1,1,'44',4,4,'49',8,8,'54',3,3,'59',2,2,570),(715,0,0,'16','12','04',2,2,'09',2,2,'14',0,0,'19',7,6,'24',5,4,'29',8,7,'34',11,11,'39',0,0,'44',0,0,'49',0,0,'54',2,2,'59',5,7,570),(716,0,0,'16','13','04',11,14,'09',1,1,'14',4,12,'19',3,3,'24',12,14,'29',6,5,'34',30,50,'39',3,3,'44',7,7,'49',6,3,'54',3,2,'59',15,17,570),(717,0,0,'16','14','04',2,3,'09',8,7,'14',3,2,'19',13,17,'24',7,8,'29',7,8,'34',7,7,'39',4,3,'44',12,14,'49',13,7,'54',33,32,'59',13,17,570),(718,0,0,'16','15','04',11,11,'09',4,4,'14',3,2,'19',29,24,'24',11,13,'29',0,0,'34',0,0,'39',3,3,'44',3,5,'49',24,30,'54',16,17,'59',2,2,570),(719,0,0,'16','16','04',4,6,'09',8,5,NULL,0,0,NULL,0,0,NULL,0,0,NULL,0,0,NULL,0,0,NULL,0,0,NULL,0,0,NULL,0,0,NULL,0,0,NULL,0,0,570),(720,0,0,'08','16','29',3,1,'34',5,5,'39',2,2,'44',0,0,'49',2,3,'54',0,0,'59',0,0,NULL,0,0,NULL,0,0,NULL,0,0,NULL,0,0,NULL,0,0,571),(721,0,0,'08','17','04',0,0,'09',0,0,'14',1,1,'19',0,0,'24',1,1,'29',4,6,'34',0,0,'39',1,1,'44',0,0,'49',6,8,'54',1,1,'59',0,0,571),(722,0,0,'08','18','04',0,0,'09',0,0,'14',0,0,'19',0,0,'24',2,3,'29',0,0,'32',2,2,NULL,0,0,NULL,0,0,NULL,0,0,NULL,0,0,NULL,0,0,571),(723,0,0,'18','07','06',10,12,'11',15,19,'16',20,30,'21',7,8,'26',5,4,'31',2,3,'36',3,3,'41',2,2,'46',2,1,'51',4,4,'56',3,2,NULL,0,0,572),(724,0,0,'18','08','01',5,7,'06',2,2,'11',8,6,'16',3,3,'21',8,5,'26',11,10,'31',5,4,'36',14,13,'41',2,2,'46',2,3,'51',1,1,'56',0,0,572),(725,0,0,'18','09','01',0,0,'06',0,0,'11',0,0,'16',4,3,'21',1,2,'26',8,8,'31',14,15,'36',21,20,'41',1,1,'46',2,2,'51',5,10,'56',1,1,572),(726,0,0,'18','10','01',9,9,'06',0,0,'11',2,2,'16',2,2,'21',2,2,'26',7,7,'31',1,1,'36',0,0,'41',15,15,'46',24,21,'51',14,14,'56',18,21,572),(727,0,0,'18','11','01',8,11,'06',0,0,'11',5,5,'16',1,1,'21',0,0,'26',0,0,'31',0,0,'36',0,0,'41',0,0,'46',0,0,'51',0,0,'56',0,0,572),(728,0,0,'18','12','01',0,0,'06',0,0,'11',0,0,'16',0,0,'21',0,0,'26',0,0,'31',0,0,'36',0,0,'41',0,0,'46',1,1,'51',0,0,'56',3,2,572),(729,0,0,'18','13','01',0,0,'06',0,0,'11',0,0,'16',0,0,'21',0,0,'26',0,0,'31',0,0,'36',0,0,'41',0,0,'46',0,0,'51',0,0,'56',0,0,572),(730,0,0,'18','14','01',0,0,'06',0,0,'11',0,0,'16',0,0,'21',0,0,'26',0,0,'31',0,0,'36',0,0,'41',0,0,'46',0,0,'51',0,0,'56',3,2,572),(731,0,0,'18','15','01',0,0,'06',0,0,'11',3,3,'16',0,0,'21',0,0,'26',0,0,'31',0,0,'36',0,0,'41',0,0,'46',0,0,'51',0,0,'56',0,0,572),(732,0,0,'18','16','01',0,0,'06',0,0,'11',0,0,'16',0,0,'21',0,0,'26',0,0,'31',0,0,'36',0,0,'41',0,0,'46',0,0,'51',0,0,'56',2,2,572),(733,0,0,'14','08','59',1,1,NULL,0,0,NULL,0,0,NULL,0,0,NULL,0,0,NULL,0,0,NULL,0,0,NULL,0,0,NULL,0,0,NULL,0,0,NULL,0,0,NULL,0,0,573),(734,0,0,'14','09','04',6,4,'09',5,2,'14',1,0,'19',5,2,'24',3,3,'29',1,1,'34',0,0,'39',0,0,'44',2,2,'49',2,2,'54',3,4,'59',1,1,573),(735,0,0,'14','10','04',0,0,'09',2,3,'14',3,1,'19',0,0,'24',4,4,'29',4,3,'34',2,4,'39',2,2,'44',1,1,'49',1,1,'54',1,1,'59',0,0,573),(736,0,0,'14','11','03',0,0,NULL,0,0,NULL,0,0,NULL,0,0,NULL,0,0,NULL,0,0,NULL,0,0,NULL,0,0,NULL,0,0,NULL,0,0,NULL,0,0,NULL,0,0,573),(737,0,0,'14','12','34',13,19,'39',14,22,'44',4,7,'49',6,18,'54',12,24,'59',16,35,NULL,0,0,NULL,0,0,NULL,0,0,NULL,0,0,NULL,0,0,NULL,0,0,574),(738,0,0,'14','13','04',6,6,'09',6,6,'14',12,16,'19',8,12,'24',14,31,'29',20,54,'34',22,35,'39',17,21,'44',33,49,'49',29,44,'54',27,34,'59',23,54,574),(739,0,0,'14','14','04',21,33,'09',22,30,'14',24,50,'19',18,34,'24',26,41,'29',28,35,'34',11,15,'39',32,49,'44',29,36,'49',24,29,'54',26,53,'59',21,30,574),(740,0,0,'14','15','04',25,50,'09',16,23,'14',12,12,'19',15,15,'24',8,8,'29',1,1,'34',9,10,'39',28,46,'44',30,41,'49',31,39,'54',12,17,'59',23,26,574),(741,0,0,'14','16','04',34,38,'09',28,46,'14',28,35,'19',6,6,'24',11,12,'29',15,13,'34',22,36,'39',17,14,'44',1,1,'49',5,3,'54',14,6,'59',11,5,574),(742,0,0,'14','17','04',13,7,'09',10,6,'14',9,5,'19',21,22,'24',15,14,'29',33,47,'34',27,36,'39',21,31,'44',17,20,'49',27,39,'54',6,6,'59',0,0,574),(743,0,0,'14','18','04',1,1,'09',0,0,'14',3,4,'19',0,0,'24',2,3,'29',12,13,'34',23,36,'39',19,35,'44',22,53,'49',35,41,'54',22,40,'59',13,41,574),(744,0,0,'14','19','04',20,41,'09',11,17,'14',15,33,'19',18,40,'24',26,38,'29',11,33,'34',22,43,'39',24,28,'44',21,32,'49',26,35,'54',15,18,'59',17,29,574),(745,0,0,'14','20','04',7,9,'09',9,10,'14',0,0,'19',0,0,'24',0,0,'29',0,0,'34',0,0,'39',0,0,'44',0,0,'49',0,0,'54',0,0,'59',2,14,574),(746,0,0,'14','21','04',4,6,'05',0,0,NULL,0,0,NULL,0,0,NULL,0,0,NULL,0,0,NULL,0,0,NULL,0,0,NULL,0,0,NULL,0,0,NULL,0,0,NULL,0,0,574),(747,0,0,'18','07','22',0,0,'27',3,3,'32',3,7,'37',5,8,'42',5,11,'47',3,2,'52',0,0,'57',0,0,NULL,0,0,NULL,0,0,NULL,0,0,NULL,0,0,575),(748,0,0,'18','08','02',0,0,'07',8,13,'12',1,1,'17',5,5,'22',7,8,'27',8,11,'32',1,1,'37',4,5,'42',13,12,'47',8,10,'52',1,1,'57',1,1,575),(749,0,0,'18','09','02',0,0,'07',0,0,'12',0,0,'17',4,6,'22',1,1,'27',0,0,'32',0,0,'37',0,0,'42',1,1,'47',0,0,'52',3,3,'57',3,3,575),(750,0,0,'18','10','02',4,4,'07',2,7,'12',3,3,'17',6,7,'22',1,1,'27',0,0,'32',6,2,'37',2,1,'42',1,0,'47',12,13,'52',12,16,'57',11,9,575),(751,0,0,'18','11','02',9,10,'07',12,13,'12',4,3,'17',4,3,'22',8,10,'27',9,8,'32',11,12,'37',0,0,'42',4,4,'47',2,0,'52',1,3,'57',13,7,575),(752,0,0,'18','12','02',4,4,'07',0,0,'12',13,0,'17',1,0,'22',0,0,'27',3,3,'32',3,2,'37',34,0,'42',4,1,'47',2,2,'52',5,6,'57',0,0,575),(753,0,0,'18','13','02',0,0,'07',8,8,'12',4,4,'17',3,3,'22',3,3,'27',13,15,'32',3,3,'37',0,0,'42',1,1,'47',0,0,'52',0,0,'57',5,5,575),(754,0,0,'18','14','02',3,3,'07',2,2,'12',1,1,'17',8,11,'22',37,29,'27',13,15,'32',6,5,'37',4,5,'42',0,0,'47',3,3,'52',4,4,'57',4,3,575),(755,0,0,'18','15','02',0,0,'07',2,1,'12',0,0,'17',0,0,'22',0,0,'27',0,0,'32',0,0,'37',0,0,'42',0,0,'47',0,0,'52',0,0,'57',0,0,575),(756,0,0,'18','16','02',0,0,'07',0,0,'12',0,0,'17',0,0,'22',0,0,'27',0,0,'32',0,0,'37',0,0,'42',0,0,'47',0,0,'52',0,0,'57',0,0,575),(757,0,0,'18','17','00',3,6,NULL,0,0,NULL,0,0,NULL,0,0,NULL,0,0,NULL,0,0,NULL,0,0,NULL,0,0,NULL,0,0,NULL,0,0,NULL,0,0,NULL,0,0,575),(758,0,0,'14','07','7',7,12,'12',4,6,'17',2,3,'22',5,12,'27',18,14,'32',5,6,'37',1,0,'42',11,11,'47',0,0,'52',7,6,'57',8,7,NULL,0,0,576),(759,0,0,'14','08','02',0,0,'07',0,0,'12',0,0,'17',0,0,'22',10,11,'27',3,3,'32',1,1,'37',2,1,'42',3,4,'47',4,6,'52',7,5,'57',0,0,576),(760,0,0,'14','09','02',0,0,'07',0,0,'12',0,0,'17',0,0,'22',0,0,'27',0,0,'32',0,0,'37',0,0,'42',0,0,'47',0,0,'52',0,0,'57',0,0,576),(761,0,0,'14','10','02',0,0,'07',0,0,'12',0,0,'17',0,0,'22',0,0,'27',0,0,'32',0,0,'37',0,0,'42',0,0,'47',0,0,'52',0,0,'57',0,0,576),(762,0,0,'14','11','02',0,0,'07',0,0,'12',0,0,'17',0,0,'22',0,0,'27',0,0,'32',0,0,'37',0,0,'42',0,0,'47',0,0,'52',0,0,'57',0,0,576),(763,0,0,'14','12','02',0,0,'07',0,0,'12',0,0,'17',0,0,'22',0,0,'27',0,0,'32',0,0,'37',0,0,'42',0,0,'47',0,0,'52',0,0,'57',0,0,576),(764,0,0,'14','13','02',0,0,'07',0,0,'12',0,0,'17',0,0,'22',0,0,'27',0,0,'32',0,0,'37',0,0,'42',0,0,'47',0,0,'52',0,0,'57',0,0,576),(765,0,0,'14','14','02',0,0,'07',0,0,'12',0,0,'17',0,0,'22',0,0,'27',0,0,'32',0,0,'37',2,3,'42',5,3,'47',2,3,'52',10,11,'57',1,2,576),(766,0,0,'14','15','02',24,16,'07',36,25,'12',2,3,'17',7,5,'22',0,0,'27',0,0,'32',0,0,'37',0,0,'42',0,0,'45',3,6,NULL,0,0,NULL,0,0,576),(767,0,0,'16','09','08',2,5,'13',3,11,'18',6,17,'23',0,0,'28',2,2,'33',0,0,'38',0,0,'43',0,0,'48',5,5,'53',1,1,'58',14,15,NULL,0,0,577),(768,0,0,'16','10','03',10,10,'08',28,36,'13',15,18,'18',22,18,'23',39,47,'28',23,32,'33',4,3,'38',8,8,'43',6,6,'48',7,3,'53',0,0,'58',0,0,577),(769,0,0,'16','11','03',4,0,'08',7,11,'13',22,27,'18',11,11,'23',8,8,'28',21,16,'33',17,15,'38',11,13,'43',0,0,'48',0,0,'53',0,0,'58',0,0,577),(770,0,0,'16','12','03',21,18,'08',18,24,'13',14,15,'18',8,8,'23',0,0,'28',6,10,'33',2,2,'38',0,0,'43',0,0,'48',7,5,'53',0,0,'58',0,0,577),(771,0,0,'16','13','03',0,0,'08',0,0,'13',0,0,'18',0,0,'23',0,0,'28',10,11,'33',21,29,'38',35,45,'43',27,31,'48',23,24,'53',19,20,'58',36,36,577),(772,0,0,'16','14','03',28,37,'08',27,34,'13',14,23,'18',35,36,'23',31,37,'28',14,23,'33',13,17,'38',15,12,'43',26,33,'48',17,20,'53',0,0,'58',3,3,577),(773,0,0,'16','15','03',3,4,'08',0,0,'13',0,0,'18',0,0,'23',0,0,'28',2,3,'33',2,2,'38',0,0,'43',0,0,'48',6,7,'53',0,0,'58',0,0,577),(774,0,0,'16','16','03',0,0,'08',0,0,'13',1,0,'18',0,0,'23',0,0,'28',0,0,'33',8,7,'38',7,15,'43',3,2,'48',0,0,'53',0,0,'58',11,15,577),(775,0,0,'16','17','03',16,21,'08',11,11,'13',15,19,'18',2,3,'23',0,0,'28',0,0,'33',0,0,'38',0,0,'42',2,3,NULL,0,0,NULL,0,0,NULL,0,0,577),(776,0,0,'17','10','03',4,5,'08',9,9,'13',14,20,'18',10,7,'23',11,12,'28',11,12,'33',2,1,'38',0,0,'43',8,12,'48',7,14,'53',8,8,'58',11,8,578),(777,0,0,'17','11','03',5,8,'08',6,6,'13',0,0,'18',0,0,'23',2,2,'28',23,26,'33',11,11,'38',19,17,'43',8,8,'48',10,9,'53',16,17,'58',2,2,578),(778,0,0,'17','12','03',4,3,'08',2,2,'13',3,2,'18',0,0,'23',0,0,'28',0,0,'33',0,0,'38',0,0,'43',2,2,'48',1,2,'53',0,0,'58',0,0,578),(779,0,0,'17','13','03',0,0,'08',0,0,'13',6,6,'18',19,23,'23',4,7,'28',5,5,'33',2,4,'38',21,24,'43',19,20,'48',6,7,'53',9,7,'58',2,3,578),(780,0,0,'17','14','03',0,0,'08',0,0,'13',0,0,'18',0,0,'23',5,3,'28',34,39,'33',29,34,'38',15,17,'43',0,0,'48',3,2,'53',4,2,'58',0,0,578),(781,0,0,'17','15','03',0,0,'08',0,0,'13',0,0,'18',0,0,'23',4,1,'28',6,14,'33',3,3,'38',6,6,'43',5,10,'48',1,1,'53',4,4,'58',0,0,578),(782,0,0,'17','16','03',0,0,'08',18,18,'13',8,9,'18',3,3,'23',0,0,'28',5,7,'33',18,22,'38',14,7,'43',6,6,'48',23,23,'53',17,21,'58',9,9,578),(783,0,0,'17','17','03',18,18,'08',11,8,'13',4,4,'18',4,5,'23',3,3,'28',6,7,'33',1,1,'38',5,4,'43',9,10,'48',3,2,'53',0,0,'58',1,1,578),(784,0,0,'17','18','03',5,5,'08',3,2,'09',0,0,NULL,0,0,NULL,0,0,NULL,0,0,NULL,0,0,NULL,0,0,NULL,0,0,NULL,0,0,NULL,0,0,NULL,0,0,578),(785,0,0,'17','12','08',0,0,'13',5,6,'18',6,6,'23',5,4,'28',14,12,'33',9,9,'38',3,1,'43',14,13,'48',6,8,'53',6,6,'58',11,18,NULL,0,0,579),(786,0,0,'17','13','03',5,6,'08',9,8,'13',0,0,'18',0,0,'23',0,0,'28',0,0,'33',0,0,'38',0,0,'43',0,0,'48',0,0,'53',0,0,'58',0,0,579),(787,0,0,'17','14','03',0,0,'08',0,0,'13',0,0,'18',0,0,'23',0,0,'28',0,0,'33',0,0,'38',0,0,'43',0,0,'48',0,0,'53',0,0,'58',0,0,579),(788,0,0,'17','15','03',0,0,'08',0,0,'13',0,0,'18',0,0,'23',0,0,'28',0,0,'33',2,2,'38',3,5,'43',22,17,'48',16,30,'53',13,18,'58',22,30,579),(789,0,0,'17','16','03',19,28,'08',15,18,'13',3,4,'18',2,2,'23',17,11,'28',6,6,'33',16,14,'38',2,2,'43',0,0,'48',0,0,'53',10,12,'58',0,0,579),(790,0,0,'17','17','03',0,0,'08',1,0,'13',10,12,'18',7,7,'23',7,9,'28',14,14,'33',16,22,'38',4,4,'43',4,6,'48',9,10,'53',7,8,'58',2,2,579),(791,0,0,'17','18','03',0,0,'08',1,1,'13',3,2,'18',0,0,'23',4,6,'28',16,16,'33',33,33,'38',27,28,'43',20,27,'48',20,31,'53',26,30,'58',15,20,579),(792,0,0,'17','19','03',11,13,'08',16,16,'13',12,9,'18',13,24,'23',31,37,'28',21,37,'33',11,7,'38',4,2,'43',7,6,'48',3,2,'53',1,1,'58',5,6,579),(793,0,0,'17','20','03',15,8,'08',13,18,'11',1,1,NULL,0,0,NULL,0,0,NULL,0,0,NULL,0,0,NULL,0,0,NULL,0,0,NULL,0,0,NULL,0,0,NULL,0,0,579),(794,0,0,'10','07','12',10,9,'17',5,5,'22',7,6,'27',1,1,'32',0,0,'37',2,2,'42',0,0,'47',0,0,'52',0,0,'57',0,0,NULL,0,0,NULL,0,0,580),(795,0,0,'10','08','02',0,0,'07',0,0,'12',0,0,'17',0,0,'22',0,0,'27',0,0,'32',0,0,'37',1,1,'42',0,0,'47',3,2,'52',0,0,'57',0,0,580),(796,0,0,'10','09','02',0,0,'07',0,0,'12',0,0,'16',0,0,NULL,0,0,NULL,0,0,NULL,0,0,NULL,0,0,NULL,0,0,NULL,0,0,NULL,0,0,NULL,0,0,580),(797,0,0,'13','10','03',6,6,'08',16,13,'13',10,10,'18',6,6,'23',4,4,'28',9,14,'33',1,1,'38',3,2,'43',1,1,'48',3,3,'53',0,0,'58',0,0,581),(798,0,0,'13','11','03',1,1,'08',4,5,'13',0,0,'18',1,1,'23',1,1,'28',0,0,'33',4,4,'38',0,0,'43',1,0,'48',4,2,'53',1,1,'58',1,1,581),(799,0,0,'13','12','03',2,2,'08',1,2,NULL,0,0,NULL,0,0,NULL,0,0,NULL,0,0,NULL,0,0,NULL,0,0,NULL,0,0,NULL,0,0,NULL,0,0,NULL,0,0,581),(800,0,0,'14','07','13',3,3,'18',2,2,'23',3,3,'28',0,0,'33',13,11,'38',2,2,'43',5,6,'48',4,4,'53',1,1,'58',15,14,NULL,0,0,NULL,0,0,582),(801,0,0,'14','08','03',10,9,'08',8,8,'13',4,6,'18',5,4,'23',14,18,'28',2,2,'33',7,10,'38',2,1,'43',2,2,'48',13,10,'53',1,1,'58',0,0,582),(802,0,0,'14','09','03',3,2,'08',0,1,'13',3,2,'18',4,10,'23',5,5,'28',1,1,'33',0,0,'38',4,5,'43',6,9,'48',1,1,'53',13,11,'58',23,23,582),(803,0,0,'14','10','03',12,15,'08',15,21,'13',23,30,'18',11,23,'23',13,16,'28',6,10,'33',3,4,'38',2,2,'43',5,6,'48',15,15,'53',10,11,'58',0,0,582),(804,0,0,'14','11','03',2,3,'08',3,5,'13',3,4,'18',6,6,'23',2,3,'28',0,0,'33',0,0,'38',0,0,'43',0,0,'48',0,0,'53',8,15,'58',7,7,582),(805,0,0,'14','12','03',5,5,NULL,0,0,NULL,0,0,NULL,0,0,NULL,0,0,NULL,0,0,NULL,0,0,NULL,0,0,NULL,0,0,NULL,0,0,NULL,0,0,NULL,0,0,582),(806,0,0,'16','16','42',2,2,'47',1,1,'52',4,4,'57',1,1,NULL,0,0,NULL,0,0,NULL,0,0,NULL,0,0,NULL,0,0,NULL,0,0,NULL,0,0,NULL,0,0,583),(807,0,0,'16','17','02',4,4,'07',6,5,'12',11,13,'17',8,6,'22',5,5,'27',14,16,'32',3,2,'37',0,0,'42',0,0,'47',0,0,'52',7,6,'57',1,1,583),(808,0,0,'16','18','02',2,2,'07',14,14,'12',1,1,'17',1,1,'22',2,3,'27',2,2,'32',1,2,'37',0,0,'42',0,0,'47',0,0,'52',0,0,'57',5,3,583),(809,0,0,'16','19','02',21,19,'07',13,12,'12',13,11,'17',11,13,'22',11,15,'27',10,17,'32',3,3,'37',7,8,'42',0,0,'47',2,2,'52',2,2,'57',0,0,583),(810,0,0,'16','20','02',0,0,'07',0,0,'12',0,0,'17',0,0,'22',0,0,'27',0,0,'32',1,1,'37',0,0,'42',0,0,'47',1,1,'52',3,2,'57',0,0,583),(811,0,0,'16','21','02',0,0,'07',1,1,'12',2,3,'17',0,0,'22',1,1,'27',0,0,'32',2,2,'37',5,5,'42',0,0,'47',0,0,'52',2,3,'57',0,0,583),(812,0,0,'16','22','02',2,2,'07',0,0,'12',0,0,'17',0,0,'22',0,0,'27',0,0,'32',0,0,'37',0,0,'42',0,0,'47',0,0,'52',0,0,'57',0,0,583),(813,0,0,'16','23','02',0,0,'07',1,1,'12',0,0,'17',0,0,'22',0,0,'27',1,1,'32',0,0,'37',0,0,'42',3,4,'47',0,0,'52',0,0,'57',0,0,583),(814,0,0,'17','00','02',0,0,'07',0,0,'12',0,0,'17',0,0,'22',0,0,'27',0,0,'32',0,0,'37',0,0,'42',0,0,'47',0,0,'52',0,0,'57',0,0,583),(815,0,0,'17','01','02',0,0,'07',0,0,'12',0,0,'17',0,0,'22',0,0,'27',0,0,'32',0,0,'37',0,0,'42',0,0,'47',0,0,'52',0,0,'57',0,0,583),(816,0,0,'17','02','2',0,0,'07',0,0,'12',0,0,'17',0,0,'22',0,0,'27',0,0,'32',0,0,'37',0,0,'42',0,0,'47',0,0,'52',0,0,'57',0,0,583),(817,0,0,'17','03','02',0,0,'07',0,0,'12',0,0,'17',0,0,'22',0,0,'27',0,0,'32',0,0,'37',0,0,'42',0,0,'47',5,37,'52',0,0,'57',0,0,583),(818,0,0,'17','04','02',0,0,'07',0,0,'12',0,0,'17',1,1,'22',7,7,'27',0,0,'32',0,0,'37',0,0,'42',0,0,'47',19,18,'52',10,10,'57',4,4,583),(819,0,0,'17','05','02',0,0,'07',2,2,'12',3,3,'17',11,10,'22',13,13,'27',26,21,'32',2,2,'37',18,19,'42',12,12,'47',7,7,'52',20,17,'57',13,14,583),(820,0,0,'17','06','02',5,4,'07',2,2,'12',5,4,'17',3,2,'22',8,7,'27',12,12,'32',5,4,'37',2,2,'42',0,0,'47',1,1,'52',6,6,'57',0,0,583),(821,0,0,'17','07','02',4,2,'07',3,3,'12',5,4,'17',3,3,'22',1,1,'27',11,10,'32',2,2,'37',5,5,'42',2,1,'47',0,0,'52',1,1,'57',5,3,583),(822,0,0,'17','08','02',4,3,'07',10,13,'12',8,7,'17',0,0,'22',0,0,'27',3,3,'32',6,2,'37',0,0,'42',0,0,'47',0,0,'52',1,1,'57',0,0,583),(823,0,0,'17','09','02',1,1,'07',0,0,'12',0,0,'17',3,0,'22',1,1,'27',10,9,'30',2,4,NULL,0,0,NULL,0,0,NULL,0,0,NULL,0,0,NULL,0,0,583),(824,0,0,'10','07','28',0,0,'33',0,0,'38',4,2,'43',0,0,'48',3,1,'53',3,3,'58',9,15,NULL,0,0,NULL,0,0,NULL,0,0,NULL,0,0,NULL,0,0,584),(825,0,0,'10','08','03',6,6,'08',9,0,'13',9,0,'18',4,0,'23',25,0,'28',14,13,'33',12,9,'38',12,10,'43',8,7,'48',0,0,'53',4,4,'58',5,8,584),(826,0,0,'10','09','03',1,0,'08',2,2,'13',3,2,'18',4,2,'23',3,3,'28',9,6,'33',1,1,'38',0,0,'43',1,1,'48',1,1,'53',3,3,'58',2,1,584),(827,0,0,'10','10','03',1,0,'08',0,0,'13',4,5,'18',0,0,'23',0,0,'28',2,2,'33',1,1,'38',3,3,'43',16,6,'48',8,11,'53',4,4,'58',2,2,584),(828,0,0,'10','11','03',4,4,'08',1,2,'13',6,8,'18',7,9,'23',6,6,'28',3,3,'33',3,3,'38',5,5,'43',4,4,'48',15,12,'53',10,12,'58',6,7,584),(829,0,0,'10','12','03',4,3,'08',8,7,'13',3,3,'18',11,15,'23',4,3,'28',4,1,'33',8,8,'38',3,3,'43',13,14,'48',25,26,'53',5,6,'58',1,0,584),(830,0,0,'10','13','03',0,0,'08',1,1,'13',1,1,'18',0,0,'23',1,0,'28',0,0,'33',0,0,'38',4,3,'43',0,0,'48',0,0,'53',0,0,'58',2,2,584),(831,0,0,'10','14','03',2,0,'08',1,1,'13',4,5,'18',5,7,'23',0,0,'28',0,0,'33',14,4,'38',3,3,'43',12,15,'48',9,5,'53',26,20,'58',16,21,584),(832,0,0,'10','15','03',13,13,'08',1,1,'11',0,0,NULL,0,0,NULL,0,0,NULL,0,0,NULL,0,0,NULL,0,0,NULL,0,0,NULL,0,0,NULL,0,0,NULL,0,0,584),(833,0,0,'12','16','31',0,0,'36',0,0,'41',6,3,'46',6,10,'51',13,11,'56',11,13,NULL,0,0,NULL,0,0,NULL,0,0,NULL,0,0,NULL,0,0,NULL,0,0,585),(834,0,0,'12','17','01',9,11,'06',9,11,'11',4,4,'16',8,13,'21',13,18,'26',4,4,'31',3,3,'36',36,45,'41',14,23,'46',14,10,'51',4,3,'56',16,15,585),(835,0,0,'12','18','01',7,8,'06',17,20,'11',7,4,'16',7,4,'21',9,8,'26',5,5,'31',8,7,'36',6,1,'41',4,1,'46',14,13,'51',4,3,'56',3,3,585),(836,0,0,'12','19','01',0,0,'06',1,1,'11',4,3,'16',5,5,'21',15,12,'26',11,14,'31',12,12,'36',10,14,'41',6,7,'46',1,1,'51',1,1,'56',6,2,585),(837,0,0,'12','20','01',0,0,'06',1,1,'11',2,2,'16',9,11,'21',11,5,'26',2,2,'31',4,6,'36',0,0,'41',5,5,'46',10,8,'51',4,3,'56',11,15,585),(838,0,0,'12','21','01',3,3,'06',10,9,'11',10,9,'16',7,7,'21',7,8,'26',10,6,'31',0,0,'36',1,1,'41',12,12,'46',16,11,'51',26,26,'56',26,26,585),(839,0,0,'12','22','01',12,19,'06',4,5,'11',2,2,'16',2,2,'21',0,0,'26',0,0,'31',0,0,'36',3,3,'41',0,0,'46',0,0,'51',0,0,'56',11,12,585),(840,0,0,'12','23','01',10,22,'06',25,28,'11',26,30,'16',24,37,'21',14,26,'26',17,24,'31',15,10,'36',15,19,'41',9,9,'46',2,1,'51',0,0,'56',0,0,585),(841,0,0,'13','00','01',0,0,'06',0,0,'11',0,0,'16',21,20,'21',16,15,'26',17,14,'31',2,2,'36',0,0,'41',0,0,'46',0,0,'51',0,0,'56',0,0,585),(842,0,0,'13','01','1',0,0,'06',0,0,'11',0,0,'16',0,0,'21',0,0,'26',0,0,'31',0,0,'36',0,0,'41',0,0,'46',0,0,'51',0,0,'56',3,2,585),(843,0,0,'13','02','01',10,12,'06',2,2,'11',2,2,'16',0,0,'21',0,0,'26',0,0,'31',0,0,'36',0,0,'41',0,0,'46',0,0,'51',0,0,'56',0,0,585),(844,0,0,'13','03','01',0,0,'06',0,0,'11',0,0,'16',0,0,'21',0,0,'26',0,0,'31',0,0,'36',0,0,'41',0,0,'46',0,0,'51',4,9,'56',11,11,585),(845,0,0,'13','04','01',23,30,'06',19,47,'11',12,12,'16',15,17,'21',7,10,'26',2,3,'31',12,10,'36',14,17,'41',10,13,'46',18,41,'51',20,30,'56',12,16,585),(846,0,0,'13','05','01',19,33,'06',25,32,'11',22,27,'16',9,22,'21',19,25,'26',14,41,'31',20,25,'36',13,22,'41',16,30,'46',15,25,'51',19,32,'56',20,23,585),(847,0,0,'13','06','01',12,25,'06',25,21,'11',24,37,'16',21,32,'21',17,16,'26',31,38,'31',20,33,'36',16,29,'41',18,21,'46',22,23,'51',20,23,'56',27,33,585),(848,0,0,'13','07','01',25,34,'06',15,14,'11',12,19,'16',19,24,'21',4,4,'26',0,0,'31',3,3,'36',9,9,'41',13,14,'46',24,23,'51',24,23,'56',25,24,585),(849,0,0,'13','08','01',19,19,'06',20,27,'11',28,30,'16',20,22,'21',22,24,'26',26,28,'31',16,13,'36',21,31,'41',10,12,'46',22,24,'51',28,42,'56',2,2,585),(850,0,0,'13','09','01',12,13,'06',13,11,'11',13,24,'16',7,14,'21',6,4,'26',8,10,'31',20,18,'36',1,1,'41',8,9,'42',0,0,NULL,0,0,NULL,0,0,585),(851,0,0,'16','16','35',2,1,'40',0,0,'45',8,6,'50',2,2,'55',7,7,NULL,0,0,NULL,0,0,NULL,0,0,NULL,0,0,NULL,0,0,NULL,0,0,NULL,0,0,586),(852,0,0,'16','17','00',1,1,'05',3,3,'10',5,3,'15',1,1,'20',8,9,'25',7,5,'30',7,5,'35',33,16,'40',22,14,'45',12,9,'50',19,9,'55',5,0,586),(853,0,0,'16','18','00',8,11,'05',6,3,'10',11,6,'15',0,0,'20',16,9,'25',12,8,'30',10,10,'35',6,5,'40',2,3,'45',7,6,'50',13,10,'55',17,10,586),(854,0,0,'16','19','00',5,4,'05',9,6,'10',2,2,'15',5,4,'20',3,3,'25',3,3,'30',16,11,'35',18,10,'40',4,4,'45',11,9,'50',2,2,'55',5,4,586),(855,0,0,'16','20','00',2,0,'05',1,1,'10',0,1,'15',0,0,'20',0,0,'25',4,4,'30',0,0,'35',2,2,'40',2,2,'45',1,1,'50',7,6,'55',2,1,586),(856,0,0,'16','21','00',2,2,'05',0,0,'10',0,0,'15',0,0,'20',1,1,'25',4,3,'30',1,0,'35',20,16,'40',7,8,'45',2,1,'50',12,8,'55',15,15,586),(857,0,0,'16','22','00',12,10,'05',7,7,'10',0,0,'15',0,0,'20',0,0,'25',3,3,'30',2,2,'35',2,2,'40',3,3,'45',4,4,'50',2,1,'55',2,2,586),(858,0,0,'16','23','00',0,0,'05',0,0,'10',0,0,'15',1,1,'20',0,0,'25',0,0,'30',0,0,'35',0,0,'40',0,0,'45',0,0,'50',0,0,'55',0,0,586),(859,0,0,'17','00','0',0,0,'05',0,0,'10',0,0,'15',0,0,'20',0,0,'25',0,0,'30',0,0,'35',0,0,'40',0,0,'45',0,0,'50',0,0,'55',0,0,586),(860,0,0,'17','01','00',0,0,'05',2,2,'10',2,4,'15',7,3,'20',0,0,'25',2,2,'30',0,0,'35',1,0,'40',6,7,'45',5,3,'50',18,8,'55',2,2,586),(861,0,0,'17','02','00',0,0,'05',3,2,'10',2,1,'15',1,1,'20',0,0,'25',1,1,'30',0,1,'35',0,0,'40',0,0,'45',0,0,'50',3,2,'55',0,1,586),(862,0,0,'17','03','00',3,3,'05',1,1,'10',4,6,'15',4,3,'20',4,4,'25',0,1,'30',0,0,'35',1,1,'40',2,2,'45',0,0,'50',1,1,'55',1,0,586),(863,0,0,'17','04','00',0,0,'05',0,0,'10',0,0,'15',0,1,'20',0,0,'25',4,2,'30',2,3,'35',2,1,'40',7,5,'45',16,12,'50',8,8,'55',10,11,586),(864,0,0,'17','05','00',11,10,'05',10,5,'10',20,18,'15',19,19,'20',20,12,'25',7,7,'30',18,11,'35',12,8,'40',12,12,'45',11,7,'50',7,4,'55',21,18,586),(865,0,0,'17','06','00',16,13,'05',10,8,'10',20,10,'15',20,11,'20',15,12,'25',14,14,'30',6,5,'35',5,4,'40',4,3,'45',6,4,'50',3,3,'55',0,0,586),(866,0,0,'17','07','00',2,1,'05',0,0,'10',0,0,'15',1,1,'20',1,1,'25',0,0,'30',0,0,'35',15,4,'40',8,3,'45',3,3,'50',12,10,'55',5,3,586),(867,0,0,'17','08','00',16,12,'05',2,1,'10',5,5,'15',7,7,'20',16,10,'25',22,18,'30',2,2,'35',7,5,'40',14,5,'45',8,2,'50',5,4,'55',3,3,586),(868,0,0,'17','09','00',3,2,'05',0,0,'10',0,0,'15',6,5,'20',8,7,'25',8,7,'27',1,1,NULL,0,0,NULL,0,0,NULL,0,0,NULL,0,0,NULL,0,0,586),(869,0,0,'13','12','06',4,4,'11',0,0,'16',16,17,'21',16,17,'26',18,8,'31',4,6,'36',5,4,'41',0,0,'46',10,13,'51',10,14,'56',6,11,NULL,0,0,587),(870,0,0,'13','13','01',3,2,'06',5,0,'11',12,10,'16',5,7,'21',8,10,'26',27,43,'31',10,11,'36',8,8,'41',16,21,'46',30,41,'51',18,23,'56',26,45,587),(871,0,0,'13','14','01',26,35,'06',18,17,'11',23,19,'16',4,2,'21',4,6,'26',16,18,'31',22,34,'36',16,13,'41',5,5,'46',15,19,'51',35,38,'56',19,26,587),(872,0,0,'13','15','01',20,23,'06',6,6,'11',6,6,'16',2,3,'21',4,1,'26',14,12,'31',14,12,'36',17,17,'41',19,25,'46',25,44,'51',18,29,'56',4,3,587),(873,0,0,'13','16','01',3,4,'06',3,2,'11',2,2,'16',1,1,'21',0,0,'26',1,1,'31',10,10,'36',15,17,'41',7,7,'46',6,5,'51',16,16,'56',21,19,587),(874,0,0,'13','17','01',15,9,'06',13,10,'11',11,13,'16',12,11,'21',9,12,'26',13,16,'31',22,31,'36',5,6,'41',4,3,'46',1,0,'51',5,5,'56',7,13,587),(875,0,0,'13','18','01',2,2,'06',0,0,'11',0,0,'16',0,0,'21',4,4,'26',12,10,'31',7,12,'36',18,24,'41',5,66,'46',20,26,'51',25,25,'56',25,28,587),(876,0,0,'13','19','01',15,14,'06',22,33,'11',20,33,'16',14,42,'21',20,24,'26',18,24,'31',8,8,'36',8,8,'41',22,30,'46',24,32,'51',3,6,'56',3,3,587),(877,0,0,'13','20','01',2,1,'03',1,1,NULL,0,0,NULL,0,0,NULL,0,0,NULL,0,0,NULL,0,0,NULL,0,0,NULL,0,0,NULL,0,0,NULL,0,0,NULL,0,0,587),(878,0,0,'17','10','10',11,8,'15',24,39,'20',14,16,'25',11,16,'30',23,26,'35',28,23,'40',13,14,'45',9,9,'50',5,9,'55',6,8,NULL,0,0,NULL,0,0,588),(879,0,0,'17','11','00',24,30,'05',17,23,'10',26,26,'15',16,20,'20',26,28,'25',3,3,'30',10,13,'35',17,17,'40',13,20,'45',16,22,'50',23,24,'55',17,19,588),(880,0,0,'17','12','00',11,18,'05',5,4,'10',2,1,'15',52,57,'20',32,39,'25',34,48,'30',31,40,'35',10,11,'40',17,32,'45',19,24,'50',15,15,'55',29,24,588),(881,0,0,'17','13','00',21,23,'05',24,23,'10',17,21,'15',21,21,'20',16,17,'25',3,3,'30',10,15,'35',26,27,'40',3,1,'45',5,3,'50',37,39,'55',15,15,588),(882,0,0,'17','14','00',22,9,'05',9,10,'10',16,17,'15',15,27,'20',18,18,'25',12,18,'30',10,14,'35',11,19,'40',4,4,'45',8,15,'50',0,0,'55',0,0,588),(883,0,0,'17','15','00',0,0,'05',0,0,'10',7,3,'15',1,1,'20',1,1,'25',4,3,'30',0,0,'35',0,0,'40',0,0,'45',1,1,'50',14,19,'55',20,23,588),(884,0,0,'17','16','00',7,7,'05',24,33,'10',17,25,'15',0,0,'20',0,0,'25',0,0,'30',8,11,'35',13,12,'40',9,10,'45',0,0,'50',6,3,'55',7,9,588),(885,0,0,'17','17','00',14,20,'05',3,4,'10',14,19,'15',3,3,'20',0,0,'25',9,9,'30',15,12,'35',8,10,'40',7,8,'45',18,24,'50',28,22,'55',16,19,588),(886,0,0,'17','18','00',24,30,'05',14,18,'06',2,3,NULL,0,0,NULL,0,0,NULL,0,0,NULL,0,0,NULL,0,0,NULL,0,0,NULL,0,0,NULL,0,0,NULL,0,0,588),(887,0,0,'18','07','20',2,3,'25',0,0,'30',3,2,'35',10,9,'40',11,12,'45',0,0,'50',8,7,'55',6,6,NULL,0,0,NULL,0,0,NULL,0,0,NULL,0,0,589),(888,0,0,'18','08','00',12,18,'05',3,3,'10',3,3,'15',5,6,'20',9,12,'25',9,9,'30',10,13,'35',10,18,'40',7,16,'45',0,0,'50',0,0,'55',2,3,589),(889,0,0,'18','09','00',0,0,'05',3,3,'10',4,1,'15',0,1,'20',2,2,'25',0,0,'30',6,6,'35',15,15,'40',21,32,'45',5,6,'50',2,2,'55',2,2,589),(890,0,0,'18','10','00',34,23,'05',25,37,'10',10,17,'15',16,27,'20',22,24,'25',12,9,'30',16,17,'35',15,19,'40',6,8,'45',7,5,'50',3,3,'55',30,25,589),(891,0,0,'18','11','00',10,10,'05',7,5,'10',40,26,'15',24,21,'20',9,19,'25',4,4,'30',15,18,'35',3,2,'40',0,0,'45',3,3,'50',0,0,'55',0,0,589),(892,0,0,'18','12','00',4,3,'05',2,0,'10',0,0,'15',2,2,'20',1,1,'25',0,0,'30',1,0,'35',1,1,'40',2,2,'45',7,7,'50',0,0,'55',12,9,589),(893,0,0,'18','13','00',1,1,'05',4,4,'10',13,19,'15',6,7,'20',11,9,'25',2,2,'30',6,7,'35',1,1,'40',3,4,'45',1,1,'50',4,7,'55',8,7,589),(894,0,0,'18','14','00',7,15,'05',3,2,'10',7,7,'15',0,0,'20',6,8,'25',23,27,'30',19,23,'35',21,21,'40',6,6,'45',1,1,'50',2,1,'55',5,5,589),(895,0,0,'18','15','00',0,0,'05',7,4,'10',0,0,'15',0,0,'20',0,0,'25',0,0,'30',0,0,'35',0,0,'40',0,0,'45',0,0,'50',0,0,'55',0,0,589),(896,0,0,'18','16','57',9,7,'',0,0,'',0,0,'',0,0,'',0,0,'',0,0,'',0,0,'',0,0,'',0,0,'',0,0,'',0,0,'',0,0,589),(897,0,0,'17','12','05',2,3,'10',10,9,'15',7,9,'20',8,11,'25',0,0,'30',9,19,'35',11,7,'40',22,26,'45',17,24,'50',8,17,'55',3,1,NULL,0,0,590),(898,0,0,'17','13','00',13,12,'05',5,6,'10',17,26,'15',18,21,'20',16,19,'25',15,18,'30',18,27,'35',14,15,'40',17,16,'45',39,38,'50',34,42,'55',14,16,590),(899,0,0,'17','14','00',19,20,'05',22,27,'10',8,10,'15',18,18,'20',26,28,'25',21,19,'30',12,14,'35',15,13,'40',23,29,'45',19,29,'50',12,6,'55',7,8,590),(900,0,0,'17','15','00',15,13,'05',18,19,'10',15,19,'15',2,1,'20',5,5,'25',0,0,'30',11,16,'35',8,10,'40',8,9,'45',7,5,'50',8,8,'55',14,16,590),(901,0,0,'17','16','00',12,17,'05',12,20,'10',11,12,'15',6,6,'20',14,18,'25',13,14,'30',15,23,'35',19,28,'40',13,12,'45',17,18,'50',3,2,'55',2,2,590),(902,0,0,'17','17','00',5,4,'05',0,0,'10',9,12,'15',2,3,'20',4,4,'25',27,32,'30',27,31,'35',17,19,'40',9,9,'45',4,2,'50',13,15,'55',8,10,590),(903,0,0,'17','18','00',2,9,'05',3,3,'10',6,6,'15',0,0,'20',0,0,'25',7,5,'30',14,15,'35',17,24,'40',15,21,'45',11,10,'50',14,38,'55',20,33,590),(904,0,0,'17','19','00',11,11,'05',9,8,'10',18,20,'15',27,33,'20',7,10,'25',10,23,'30',17,23,'35',12,12,'40',3,3,'45',10,11,'50',2,5,'55',3,7,590),(905,0,0,'17','20','00',10,6,'05',7,12,'10',16,19,'12',4,3,NULL,0,0,NULL,0,0,NULL,0,0,NULL,0,0,NULL,0,0,NULL,0,0,NULL,0,0,NULL,0,0,590),(906,0,0,'14','07','01',23,39,'06',18,34,'11',24,32,'16',22,33,'21',6,5,'26',13,14,'31',7,10,'36',1,1,'41',13,11,'46',7,18,'51',9,10,'56',2,2,591),(907,0,0,'14','08','01',13,36,'06',21,21,'11',21,6,'16',18,46,'21',21,32,'26',25,44,'31',6,7,'36',3,3,'41',9,28,'46',25,42,'51',29,29,'56',32,58,591),(908,0,0,'14','09','01',17,21,'06',8,11,'11',5,3,'16',7,10,'21',4,5,'26',9,5,'31',11,22,'36',33,47,'41',39,45,'46',25,49,'51',40,40,'56',28,33,591),(909,0,0,'14','10','01',1,1,'06',18,18,'11',20,29,'16',25,44,'21',18,33,'26',13,22,'31',25,40,'36',17,44,'41',11,17,'46',9,11,'51',13,14,'56',23,33,591),(910,0,0,'14','11','01',24,37,'06',22,34,'11',7,7,'16',16,23,'21',12,9,'26',1,1,'31',13,17,'36',7,31,'41',6,10,'46',0,0,'51',0,0,'56',0,0,591),(911,0,0,'14','12','01',14,15,'06',4,5,'11',6,6,'16',1,1,'21',2,0,'26',3,4,'31',2,1,'36',2,2,'41',6,9,'46',4,6,'51',9,17,'56',11,14,591),(912,0,0,'14','13','01',26,35,'06',24,43,'11',14,23,'16',14,42,'21',20,57,'26',31,51,'31',22,38,'36',34,43,'41',21,27,'46',19,33,'51',15,43,'56',18,44,591),(913,0,0,'14','14','01',27,59,'06',18,24,'11',28,61,'16',19,43,'21',32,50,'26',17,46,'31',8,42,'36',19,51,'41',34,62,'46',40,44,'51',13,25,'56',13,17,591),(914,0,0,'14','15','01',29,33,'06',25,37,'11',7,24,'16',15,13,'21',0,0,'26',0,0,'31',0,0,'36',0,0,'41',0,0,'46',2,2,'47',0,0,NULL,0,0,591),(915,0,0,'15','09','40',16,30,'45',27,29,'50',22,38,'55',25,43,NULL,0,0,NULL,0,0,NULL,0,0,NULL,0,0,NULL,0,0,NULL,0,0,NULL,0,0,NULL,0,0,592),(916,0,0,'15','10','00',29,31,'05',22,31,'10',21,21,'15',25,38,'20',17,33,'25',10,11,'30',23,46,'35',13,28,'40',23,20,'45',15,25,'50',12,54,'55',19,29,592),(917,0,0,'15','11','00',18,22,'05',10,8,'10',3,4,'15',7,6,'20',3,3,'25',3,9,'30',14,13,'35',9,15,'40',3,5,'45',1,1,'50',4,4,'55',0,0,592),(918,0,0,'15','12','00',4,6,'05',4,5,'10',6,7,'15',11,12,'20',1,0,'25',0,0,'30',3,2,'35',9,11,'40',6,5,'45',14,25,'50',8,12,'55',2,2,592),(919,0,0,'15','13','00',4,6,'05',12,16,'10',12,13,'15',6,7,'20',0,0,'25',0,0,'30',7,7,'35',2,2,'40',0,0,'45',0,0,'50',7,7,'55',4,7,592),(920,0,0,'15','14','00',2,2,'05',7,7,'10',2,2,'15',15,17,'20',14,21,'25',13,14,'30',20,38,'35',20,23,'40',22,36,'45',13,11,'50',5,6,'55',4,5,592),(921,0,0,'15','15','00',11,21,'05',5,10,'10',5,9,'15',0,0,'20',0,0,'25',0,0,'30',0,0,'34',0,0,NULL,0,0,NULL,0,0,NULL,0,0,NULL,0,0,592),(922,0,0,'13','12','09',1,1,'14',0,0,'19',0,0,'24',0,0,'29',2,2,'34',20,13,'39',18,19,'44',9,9,'49',15,20,'54',10,17,'59',9,21,NULL,0,0,593),(923,0,0,'13','13','04',22,39,'09',18,18,'14',1,1,'19',1,1,'24',20,33,'29',25,37,'34',26,33,'39',16,20,'44',30,32,'49',20,22,'54',25,35,'59',28,33,593),(924,0,0,'13','14','04',22,23,'09',9,17,'14',24,25,'19',20,17,'24',2,2,'29',22,33,'34',16,20,'39',19,20,'44',13,13,'49',27,34,'54',18,23,'59',32,42,593),(925,0,0,'13','15','04',8,7,'09',3,3,'14',4,3,'19',1,1,'24',7,9,'29',11,13,'34',7,6,'39',13,15,'44',11,9,'49',10,11,'54',12,12,'59',12,12,593),(926,0,0,'13','16','04',11,13,'09',6,3,'14',10,21,'19',2,2,'24',2,3,'29',4,6,'34',6,7,'39',8,5,'44',0,0,'49',0,0,'54',0,0,'59',3,3,593),(927,0,0,'13','17','04',0,0,'09',4,2,'14',10,8,'19',14,20,'24',9,12,'29',2,1,'34',12,14,'39',2,2,'44',5,7,'49',5,4,'54',9,7,'59',0,0,593),(928,0,0,'13','18','04',0,0,'09',0,0,'14',0,0,'19',3,5,'24',3,3,'29',7,4,'34',6,12,'39',20,26,'44',14,16,'49',27,16,'54',24,27,'59',10,10,593),(929,0,0,'13','19','04',12,5,'09',15,9,'14',14,12,'19',4,2,'24',18,17,'29',20,17,'34',15,23,'39',17,21,'44',17,33,'49',47,56,'54',38,42,'59',4,4,593),(930,0,0,'13','20','04',2,1,'06',2,2,NULL,0,0,NULL,0,0,NULL,0,0,NULL,0,0,NULL,0,0,NULL,0,0,NULL,0,0,NULL,0,0,NULL,0,0,NULL,0,0,593),(931,0,0,'14','12','22',12,9,'27',14,17,'32',20,28,'37',13,17,'42',13,13,'47',4,5,'52',8,9,'57',2,4,NULL,0,0,NULL,0,0,NULL,0,0,NULL,0,0,594),(932,0,0,'14','13','02',3,2,'07',14,14,'12',13,14,'17',18,19,'22',13,16,'27',27,28,'32',23,33,'37',26,25,'42',30,36,'47',35,27,'52',17,16,'57',31,34,594),(933,0,0,'14','14','02',19,29,'07',38,43,'12',40,49,'17',34,34,'22',28,36,'27',38,46,'32',33,36,'37',25,29,'42',3,3,'47',8,11,'52',17,23,'57',23,28,594),(934,0,0,'14','15','02',13,19,'07',18,22,'12',9,19,'17',4,2,'22',13,25,'27',27,27,'32',20,24,'37',13,22,'42',22,19,'47',30,35,'52',18,19,'57',24,21,594),(935,0,0,'14','16','02',27,27,'07',4,5,'12',6,7,'17',0,0,'22',0,0,'27',4,4,'32',14,21,'37',18,25,'42',4,4,'47',4,4,'52',0,0,'57',0,0,594),(936,0,0,'14','17','02',2,3,'07',5,6,'12',0,0,'17',15,15,'22',5,5,'27',8,8,'32',20,23,'37',20,16,'42',18,20,'47',11,13,'52',2,2,'57',1,1,594),(937,0,0,'14','18','02',5,6,'07',2,1,'12',12,15,'17',1,1,'22',3,3,'27',0,0,'32',6,7,'37',15,20,'42',28,37,'47',23,26,'52',14,13,'57',28,33,594),(938,0,0,'14','19','02',22,14,'07',10,7,'12',22,22,'17',22,36,'22',35,31,'27',16,21,'32',24,26,'37',27,29,'42',20,24,'47',16,27,'52',20,21,'57',13,16,594),(939,0,0,'14','20','02',5,9,'07',0,0,'12',0,0,'17',0,0,'22',0,0,'27',0,0,'32',0,0,'37',0,0,'42',0,0,'47',0,0,'52',0,0,'57',0,0,594),(940,0,0,'14','21','01',2,1,NULL,0,0,NULL,0,0,NULL,0,0,NULL,0,0,NULL,0,0,NULL,0,0,NULL,0,0,NULL,0,0,NULL,0,0,NULL,0,0,NULL,0,0,594),(941,0,0,'18','07','19',1,1,'24',2,2,'29',9,9,'34',9,8,'39',7,8,'44',6,14,'49',8,10,'54',0,0,'59',5,5,NULL,0,0,NULL,0,0,NULL,0,0,595),(942,0,0,'18','08','04',13,14,'09',6,4,'14',1,1,'19',0,0,'24',2,3,'29',20,23,'34',14,18,'39',11,12,'44',12,22,'49',9,7,'54',19,22,'59',5,15,595),(943,0,0,'18','09','04',5,13,'09',13,15,'14',22,39,'19',3,4,'24',6,8,'29',4,4,'34',14,11,'39',21,27,'44',30,33,'49',37,61,'54',26,31,'59',24,36,595),(944,0,0,'18','10','04',17,26,'09',29,37,'14',13,17,'19',35,29,'24',14,15,'29',5,6,'34',6,7,'39',21,29,'44',19,15,'49',7,9,'54',14,14,'59',22,30,595),(945,0,0,'18','11','04',34,43,'09',20,20,'14',18,31,'19',16,24,'24',16,15,'29',3,4,'34',2,1,'39',26,30,'44',9,12,'49',1,1,'54',5,3,'59',21,17,595),(946,0,0,'18','12','04',26,22,'09',16,13,'14',3,2,'19',13,15,'24',3,3,'29',0,0,'34',2,2,'39',3,3,'44',12,28,'49',6,16,'54',4,22,'59',4,7,595),(947,0,0,'18','13','04',4,5,'09',0,0,'14',0,0,'19',0,0,'24',0,0,'29',1,1,'34',13,12,'39',10,10,'44',13,18,'49',9,8,'54',5,8,'59',11,14,595),(948,0,0,'18','14','04',0,0,'09',6,13,'14',15,21,'19',25,44,'24',14,21,'29',21,47,'34',32,52,'39',28,42,'44',20,26,'49',24,31,'54',11,15,'59',3,2,595),(949,0,0,'18','15','04',8,6,'09',0,0,'14',0,0,'19',0,0,'24',0,0,'29',0,0,'34',0,0,'39',0,0,'44',0,0,'49',0,0,'54',0,0,'59',0,0,595),(950,0,0,'18','16','04',0,0,'09',0,0,'14',0,0,'19',0,0,'24',0,0,'29',0,0,'34',0,0,'39',0,0,'44',0,0,'49',0,0,'54',0,0,'58',4,3,595),(951,0,0,'15','09','27',2,2,'32',0,0,'37',3,3,'42',7,4,'47',8,5,'52',5,5,'57',2,2,NULL,0,0,NULL,0,0,NULL,0,0,NULL,0,0,NULL,0,0,596),(952,0,0,'15','10','02',1,1,'07',9,12,'12',3,3,'17',17,13,'22',33,20,'27',17,15,'32',23,16,'37',7,7,'42',8,6,'47',8,9,'52',23,9,'57',11,12,596),(953,0,0,'15','11','02',7,7,'07',3,3,'12',2,2,'17',6,4,'22',1,1,'27',7,5,'32',3,3,'37',9,8,'42',2,2,'47',1,1,'52',3,2,'57',3,3,596),(954,0,0,'15','12','02',5,3,'07',1,1,'12',4,4,'17',10,11,'22',6,7,'27',8,11,'32',7,7,'37',5,10,'42',22,24,'47',7,7,'52',2,1,'57',1,2,596),(955,0,0,'15','13','02',3,4,'07',2,2,'12',4,6,'17',5,5,'22',0,0,'27',10,8,'32',7,6,'37',1,1,'42',6,6,'47',5,5,'52',0,0,'57',4,2,596),(956,0,0,'15','14','02',3,2,'07',0,0,'12',2,3,'17',10,8,'22',36,33,'27',17,12,'32',22,19,'37',28,26,'42',8,9,'47',9,9,'52',6,6,'57',7,8,596),(957,0,0,'15','15','02',6,6,'07',24,23,'12',12,11,'17',9,11,'22',3,2,'27',4,3,'32',2,4,NULL,0,0,NULL,0,0,NULL,0,0,NULL,0,0,NULL,0,0,596),(958,0,0,'15','09','48',6,6,'53',7,8,'58',6,8,NULL,0,0,NULL,0,0,NULL,0,0,NULL,0,0,NULL,0,0,NULL,0,0,NULL,0,0,NULL,0,0,NULL,0,0,597),(959,0,0,'15','10','03',16,15,'08',12,10,'13',16,16,'18',21,23,'23',26,27,'28',11,15,'33',10,22,'38',27,30,'43',22,26,'48',7,8,'53',22,34,'58',26,27,597),(960,0,0,'15','11','03',11,12,'08',3,2,'13',10,12,'18',5,5,'23',1,1,'28',6,6,'33',13,10,'38',0,0,'43',3,4,'48',3,0,'53',10,3,'58',4,4,597),(961,0,0,'15','12','03',0,0,'08',0,0,'13',12,20,'18',17,24,'23',19,17,'28',6,9,'33',2,3,'38',4,6,'43',3,4,'48',6,7,'53',0,0,'58',5,7,597),(962,0,0,'15','13','03',2,2,'08',6,8,'13',7,16,'18',6,8,'23',16,20,'28',10,14,'33',8,8,'38',3,3,'43',4,2,'48',1,0,'53',7,7,'58',20,20,597),(963,0,0,'15','14','03',19,17,'08',22,19,'13',10,8,'18',18,23,'23',12,13,'28',18,26,'33',19,31,'38',4,3,'43',24,30,'48',8,8,'53',6,8,'58',5,4,597),(964,0,0,'15','15','03',4,4,'08',21,35,'13',15,20,'18',15,20,'23',1,0,'28',8,13,'33',12,28,'38',2,2,'43',29,24,'48',19,29,'53',19,23,'58',27,28,597),(965,0,0,'15','16','03',23,27,'08',18,29,'13',16,17,'18',1,1,'20',0,0,NULL,0,0,NULL,0,0,NULL,0,0,NULL,0,0,NULL,0,0,NULL,0,0,NULL,0,0,597),(966,0,0,'14','12','41',1,1,'46',5,8,'51',2,2,'56',1,1,NULL,0,0,NULL,0,0,NULL,0,0,NULL,0,0,NULL,0,0,NULL,0,0,NULL,0,0,NULL,0,0,598),(967,0,0,'14','13','01',8,6,'06',4,3,'11',3,3,'16',7,8,'21',10,6,'26',5,3,'31',3,3,'36',2,2,'41',1,0,'46',6,8,'51',2,1,'56',3,4,598),(968,0,0,'14','14','01',1,1,'06',1,1,'11',4,4,'16',3,5,'21',6,6,'26',6,5,'31',16,15,'36',3,4,'41',6,6,'45',8,7,NULL,0,0,NULL,0,0,598),(969,0,0,'15','09','36',2,0,'41',0,0,'46',1,0,'51',1,1,'56',1,1,NULL,0,0,NULL,0,0,NULL,0,0,NULL,0,0,NULL,0,0,NULL,0,0,NULL,0,0,599),(970,0,0,'15','10','01',10,12,'06',0,0,'11',6,6,'16',29,31,'21',11,12,'26',26,32,'31',21,22,'36',10,11,'41',0,0,'46',6,7,'51',9,9,'56',14,10,599),(971,0,0,'15','11','01',17,16,'06',4,4,'11',14,5,'16',4,3,'21',2,0,'26',7,1,'31',6,6,'36',6,5,'41',6,8,'46',0,0,'51',0,0,'56',0,0,599),(972,0,0,'15','12','01',0,0,'06',2,3,'11',5,5,'16',13,11,'21',18,15,'26',32,30,'31',19,22,'36',9,12,'41',11,12,'46',5,4,'51',0,0,'56',7,6,599),(973,0,0,'15','13','01',4,3,'06',19,26,'11',9,11,'16',16,16,'21',12,15,'26',3,5,'31',4,5,'36',5,7,'41',9,8,'46',8,14,'51',5,7,'56',4,4,599),(974,0,0,'15','14','01',2,2,'06',10,8,'11',6,6,'16',29,34,'21',8,5,'26',14,13,'31',9,8,'36',14,12,'41',9,10,'46',9,9,'51',9,7,'56',10,11,599),(975,0,0,'15','15','01',1,1,'06',12,15,'11',0,0,'16',13,20,'21',4,2,'26',5,7,'31',7,6,'33',3,3,NULL,0,0,NULL,0,0,NULL,0,0,NULL,0,0,599),(976,0,0,'15','09','39',39,42,'44',43,58,'49',31,35,'54',25,41,'59',27,42,NULL,0,0,NULL,0,0,NULL,0,0,NULL,0,0,NULL,0,0,NULL,0,0,NULL,0,0,600),(977,0,0,'15','10','04',37,45,'09',20,26,'14',23,31,'19',37,41,'24',22,24,'29',23,24,'34',36,45,'39',21,31,'44',27,30,'49',29,47,'54',22,28,'59',16,23,600),(978,0,0,'15','11','04',16,14,'09',7,6,'14',2,2,'19',1,1,'24',3,3,'29',12,11,'34',14,13,'39',10,9,'44',32,1,'49',15,12,'54',21,23,'59',2,4,600),(979,0,0,'15','12','04',0,0,'09',31,33,'14',23,23,'19',26,26,'24',15,20,'29',22,24,'34',25,25,'39',18,19,'44',18,19,'49',7,6,'54',11,4,'59',15,13,600),(980,0,0,'15','13','04',5,4,'09',10,13,'14',15,20,'19',9,5,'24',17,11,'29',14,14,'34',11,11,'39',5,5,'44',13,16,'49',10,11,'54',5,5,'59',11,10,600),(981,0,0,'15','14','04',10,10,'09',19,31,'14',22,22,'19',30,39,'24',24,22,'29',19,28,'34',14,14,'39',17,23,'44',20,18,'49',27,27,'54',2,3,'59',13,12,600),(982,0,0,'15','15','04',10,7,'09',2,1,'14',4,5,'19',1,1,'24',0,0,'29',7,7,'33',5,6,NULL,0,0,NULL,0,0,NULL,0,0,NULL,0,0,NULL,0,0,600);
/*!40000 ALTER TABLE `bpain07` ENABLE KEYS */;
UNLOCK TABLES;

--
-- Table structure for table `bpain08`
--

DROP TABLE IF EXISTS `bpain08`;
/*!40101 SET @saved_cs_client     = @@character_set_client */;
/*!50503 SET character_set_client = utf8mb4 */;
CREATE TABLE `bpain08` (
  `id` bigint unsigned NOT NULL AUTO_INCREMENT,
  `backpainno` int NOT NULL,
  `helperno` int NOT NULL,
  `day` char(2) CHARACTER SET utf8mb4 COLLATE utf8mb4_unicode_ci NOT NULL,
  `hou` char(2) CHARACTER SET utf8mb4 COLLATE utf8mb4_unicode_ci NOT NULL,
  `min1` char(4) CHARACTER SET utf8mb4 COLLATE utf8mb4_unicode_ci DEFAULT NULL,
  `ftilt1` int NOT NULL DEFAULT '0',
  `twist1` int NOT NULL DEFAULT '0',
  `min2` char(4) CHARACTER SET utf8mb4 COLLATE utf8mb4_unicode_ci DEFAULT NULL,
  `ftilt2` int NOT NULL DEFAULT '0',
  `twist2` int NOT NULL DEFAULT '0',
  `min3` char(4) CHARACTER SET utf8mb4 COLLATE utf8mb4_unicode_ci DEFAULT NULL,
  `ftilt3` int NOT NULL DEFAULT '0',
  `twist3` int NOT NULL DEFAULT '0',
  `min4` char(4) CHARACTER SET utf8mb4 COLLATE utf8mb4_unicode_ci DEFAULT NULL,
  `ftilt4` int NOT NULL DEFAULT '0',
  `twist4` int NOT NULL DEFAULT '0',
  `min5` char(4) CHARACTER SET utf8mb4 COLLATE utf8mb4_unicode_ci DEFAULT NULL,
  `ftilt5` int NOT NULL DEFAULT '0',
  `twist5` int NOT NULL DEFAULT '0',
  `min6` char(4) CHARACTER SET utf8mb4 COLLATE utf8mb4_unicode_ci DEFAULT NULL,
  `ftilt6` int NOT NULL DEFAULT '0',
  `twist6` int NOT NULL DEFAULT '0',
  `min7` char(4) CHARACTER SET utf8mb4 COLLATE utf8mb4_unicode_ci DEFAULT NULL,
  `ftilt7` int NOT NULL DEFAULT '0',
  `twist7` int NOT NULL DEFAULT '0',
  `min8` char(4) CHARACTER SET utf8mb4 COLLATE utf8mb4_unicode_ci DEFAULT NULL,
  `ftilt8` int NOT NULL DEFAULT '0',
  `twist8` int NOT NULL DEFAULT '0',
  `min9` char(4) CHARACTER SET utf8mb4 COLLATE utf8mb4_unicode_ci DEFAULT NULL,
  `ftilt9` int NOT NULL DEFAULT '0',
  `twist9` int NOT NULL DEFAULT '0',
  `min10` char(4) CHARACTER SET utf8mb4 COLLATE utf8mb4_unicode_ci DEFAULT NULL,
  `ftilt10` int NOT NULL DEFAULT '0',
  `twist10` int NOT NULL DEFAULT '0',
  `min11` char(4) CHARACTER SET utf8mb4 COLLATE utf8mb4_unicode_ci DEFAULT NULL,
  `ftilt11` int NOT NULL DEFAULT '0',
  `twist11` int NOT NULL DEFAULT '0',
  `min12` char(4) CHARACTER SET utf8mb4 COLLATE utf8mb4_unicode_ci DEFAULT NULL,
  `ftilt12` int NOT NULL DEFAULT '0',
  `twist12` int NOT NULL DEFAULT '0',
  `bpainhedno` int NOT NULL,
  PRIMARY KEY (`id`),
  UNIQUE KEY `bpain08_id_unique` (`id`)
) ENGINE=InnoDB AUTO_INCREMENT=782 DEFAULT CHARSET=utf8mb4 COLLATE=utf8mb4_unicode_ci;
/*!40101 SET character_set_client = @saved_cs_client */;

--
-- Dumping data for table `bpain08`
--

LOCK TABLES `bpain08` WRITE;
/*!40000 ALTER TABLE `bpain08` DISABLE KEYS */;
INSERT INTO `bpain08` VALUES (776,0,0,'03','16','04',6,4,NULL,0,0,NULL,0,0,NULL,0,0,NULL,0,0,NULL,0,0,NULL,0,0,NULL,0,0,NULL,0,0,NULL,0,0,NULL,0,0,NULL,0,0,601),(777,0,0,'03','16','20',1,0,NULL,0,0,NULL,0,0,NULL,0,0,NULL,0,0,NULL,0,0,NULL,0,0,NULL,0,0,NULL,0,0,NULL,0,0,NULL,0,0,NULL,0,0,602),(778,0,0,'03','16','05',1,1,NULL,0,0,NULL,0,0,NULL,0,0,NULL,0,0,NULL,0,0,NULL,0,0,NULL,0,0,NULL,0,0,NULL,0,0,NULL,0,0,NULL,0,0,603),(779,0,0,'05','13','28',12,11,'33',5,2,'38',2,4,'40',1,1,NULL,0,0,NULL,0,0,NULL,0,0,NULL,0,0,NULL,0,0,NULL,0,0,NULL,0,0,NULL,0,0,604),(780,0,0,'23','08','00',2,2,'05',0,0,'10',0,0,'15',0,0,'20',0,0,'25',0,0,'30',1,1,'35',0,0,'40',0,0,'44',2,1,NULL,0,0,NULL,0,0,605),(781,0,0,'06','16','31',2,0,NULL,0,0,NULL,0,0,NULL,0,0,NULL,0,0,NULL,0,0,NULL,0,0,NULL,0,0,NULL,0,0,NULL,0,0,NULL,0,0,NULL,0,0,611);
/*!40000 ALTER TABLE `bpain08` ENABLE KEYS */;
UNLOCK TABLES;

--
-- Table structure for table `bpain09`
--

DROP TABLE IF EXISTS `bpain09`;
/*!40101 SET @saved_cs_client     = @@character_set_client */;
/*!50503 SET character_set_client = utf8mb4 */;
CREATE TABLE `bpain09` (
  `id` bigint unsigned NOT NULL AUTO_INCREMENT,
  `backpainno` int NOT NULL,
  `helperno` int NOT NULL,
  `day` char(2) CHARACTER SET utf8mb4 COLLATE utf8mb4_unicode_ci NOT NULL,
  `hou` char(2) CHARACTER SET utf8mb4 COLLATE utf8mb4_unicode_ci NOT NULL,
  `min1` char(4) CHARACTER SET utf8mb4 COLLATE utf8mb4_unicode_ci DEFAULT NULL,
  `ftilt1` int NOT NULL DEFAULT '0',
  `twist1` int NOT NULL DEFAULT '0',
  `min2` char(4) CHARACTER SET utf8mb4 COLLATE utf8mb4_unicode_ci DEFAULT NULL,
  `ftilt2` int NOT NULL DEFAULT '0',
  `twist2` int NOT NULL DEFAULT '0',
  `min3` char(4) CHARACTER SET utf8mb4 COLLATE utf8mb4_unicode_ci DEFAULT NULL,
  `ftilt3` int NOT NULL DEFAULT '0',
  `twist3` int NOT NULL DEFAULT '0',
  `min4` char(4) CHARACTER SET utf8mb4 COLLATE utf8mb4_unicode_ci DEFAULT NULL,
  `ftilt4` int NOT NULL DEFAULT '0',
  `twist4` int NOT NULL DEFAULT '0',
  `min5` char(4) CHARACTER SET utf8mb4 COLLATE utf8mb4_unicode_ci DEFAULT NULL,
  `ftilt5` int NOT NULL DEFAULT '0',
  `twist5` int NOT NULL DEFAULT '0',
  `min6` char(4) CHARACTER SET utf8mb4 COLLATE utf8mb4_unicode_ci DEFAULT NULL,
  `ftilt6` int NOT NULL DEFAULT '0',
  `twist6` int NOT NULL DEFAULT '0',
  `min7` char(4) CHARACTER SET utf8mb4 COLLATE utf8mb4_unicode_ci DEFAULT NULL,
  `ftilt7` int NOT NULL DEFAULT '0',
  `twist7` int NOT NULL DEFAULT '0',
  `min8` char(4) CHARACTER SET utf8mb4 COLLATE utf8mb4_unicode_ci DEFAULT NULL,
  `ftilt8` int NOT NULL DEFAULT '0',
  `twist8` int NOT NULL DEFAULT '0',
  `min9` char(4) CHARACTER SET utf8mb4 COLLATE utf8mb4_unicode_ci DEFAULT NULL,
  `ftilt9` int NOT NULL DEFAULT '0',
  `twist9` int NOT NULL DEFAULT '0',
  `min10` char(4) CHARACTER SET utf8mb4 COLLATE utf8mb4_unicode_ci DEFAULT NULL,
  `ftilt10` int NOT NULL DEFAULT '0',
  `twist10` int NOT NULL DEFAULT '0',
  `min11` char(4) CHARACTER SET utf8mb4 COLLATE utf8mb4_unicode_ci DEFAULT NULL,
  `ftilt11` int NOT NULL DEFAULT '0',
  `twist11` int NOT NULL DEFAULT '0',
  `min12` char(4) CHARACTER SET utf8mb4 COLLATE utf8mb4_unicode_ci DEFAULT NULL,
  `ftilt12` int NOT NULL DEFAULT '0',
  `twist12` int NOT NULL DEFAULT '0',
  `bpainhedno` int NOT NULL,
  PRIMARY KEY (`id`),
  UNIQUE KEY `bpain09_id_unique` (`id`)
) ENGINE=InnoDB AUTO_INCREMENT=434 DEFAULT CHARSET=utf8mb4 COLLATE=utf8mb4_unicode_ci;
/*!40101 SET character_set_client = @saved_cs_client */;

--
-- Dumping data for table `bpain09`
--

LOCK TABLES `bpain09` WRITE;
/*!40000 ALTER TABLE `bpain09` DISABLE KEYS */;
INSERT INTO `bpain09` VALUES (391,0,0,'05','09','12',0,0,'17',1,1,'22',1,1,'27',6,6,'32',16,11,'37',0,0,'42',0,0,'47',1,0,'52',0,0,'57',0,0,NULL,0,0,NULL,0,0,606),(392,0,0,'05','10','02',4,4,'07',2,2,'12',2,2,'17',6,3,'22',4,2,'27',7,4,'32',5,4,'37',6,4,'42',1,2,'47',1,1,'52',7,3,'57',1,0,606),(393,0,0,'05','11','02',0,0,'07',9,5,'12',6,7,'17',12,8,'22',2,2,'27',1,1,'32',5,5,'37',5,6,'42',1,1,'47',0,0,'52',1,1,'57',0,0,606),(394,0,0,'05','12','02',2,2,'07',4,4,'12',0,0,'17',0,0,'22',0,0,'27',0,0,'32',0,0,'37',0,0,'42',0,0,'47',0,0,'52',0,0,'57',0,0,606),(395,0,0,'05','13','02',4,53,'07',1,1,'12',1,1,'17',0,0,'22',1,1,'27',0,0,'32',0,0,'37',1,1,'42',1,1,'47',1,1,'52',1,0,'57',1,1,606),(396,0,0,'05','14','02',0,0,'07',1,1,'12',0,0,'17',2,2,'22',2,2,'27',0,0,'32',0,0,'37',2,2,'42',5,5,'47',2,3,'52',3,3,'57',5,4,606),(397,0,0,'05','15','02',2,2,'07',8,7,'12',6,7,'17',1,2,'22',1,2,'27',0,0,'32',0,0,NULL,0,0,NULL,0,0,NULL,0,0,NULL,0,0,NULL,0,0,606),(398,0,0,'07','09','16',0,0,'21',17,21,'26',27,22,'31',20,28,'36',14,22,'41',11,18,'46',9,10,'51',19,27,'56',17,22,NULL,0,0,NULL,0,0,NULL,0,0,607),(399,0,0,'07','10','01',15,13,'06',2,2,'11',2,2,'16',3,13,'21',5,5,'26',10,10,'31',4,4,'36',8,6,'41',3,4,'46',14,12,'51',10,11,'56',3,3,607),(400,0,0,'07','11','01',2,2,'06',6,11,'11',13,14,'16',6,17,'21',10,15,'26',13,16,'31',17,25,'36',4,4,'41',8,10,'46',3,1,'51',4,3,'56',3,3,607),(401,0,0,'07','12','01',2,2,'06',0,0,'11',0,0,'16',0,0,'21',0,0,'26',0,0,'31',0,0,'36',0,0,'41',0,0,'46',0,0,'51',0,0,'56',0,0,607),(402,0,0,'07','13','01',0,0,'06',5,11,'11',3,6,'16',4,4,'21',6,6,'26',17,16,'31',17,17,'36',13,12,'41',20,21,'46',15,15,'51',14,14,'56',6,7,607),(403,0,0,'07','14','01',4,5,'06',9,12,'11',14,15,'16',15,16,'21',4,4,'26',6,6,'31',12,11,'36',17,16,'41',9,10,'46',0,0,'51',8,6,'56',16,15,607),(404,0,0,'07','15','01',6,8,'06',0,0,'11',1,1,'16',11,10,'21',8,8,'26',7,8,'31',5,4,'36',0,0,'39',4,4,NULL,0,0,NULL,0,0,NULL,0,0,607),(405,0,0,'07','09','11',1,1,'16',6,4,'21',6,6,'26',1,1,'31',10,9,'36',11,13,'41',4,4,'46',7,4,'51',3,3,'56',13,7,NULL,0,0,NULL,0,0,608),(406,0,0,'07','10','01',16,7,'06',8,6,'11',9,11,'16',4,5,'21',10,9,'26',10,9,'31',5,7,'36',3,4,'41',15,13,'46',29,27,'51',12,11,'56',1,1,608),(407,0,0,'07','11','01',0,0,'06',16,13,'11',8,8,'16',11,9,'21',8,8,'26',2,2,'31',3,3,'36',1,1,'41',0,0,'46',2,3,'51',2,3,'56',3,3,608),(408,0,0,'07','12','01',0,0,'06',1,4,'11',0,0,'16',0,0,'21',0,0,'26',0,0,'31',0,0,'36',6,6,'41',17,12,'46',7,3,'51',1,1,'56',9,9,608),(409,0,0,'07','13','01',6,10,'06',2,4,'11',2,4,'16',3,10,'21',6,7,'26',1,0,'31',0,0,'36',0,0,'41',0,0,'46',0,0,'51',0,0,'56',0,0,608),(410,0,0,'07','14','01',7,15,'06',4,5,'11',6,3,'16',1,1,'21',0,0,'26',2,2,'31',2,1,'36',2,2,'41',0,0,'46',13,11,'51',2,4,'56',0,0,608),(411,0,0,'07','15','01',1,1,'06',1,1,'11',5,2,'16',7,0,'21',16,14,'26',12,2,'31',11,7,'36',10,3,'41',12,4,'46',0,0,'51',1,1,'56',5,5,608),(412,0,0,'07','16','01',12,10,'06',2,2,'11',2,2,'16',22,27,'21',13,13,'26',4,4,'31',7,7,'36',0,0,'41',1,1,'46',0,0,'51',1,1,'56',2,2,608),(413,0,0,'07','17','01',2,2,'06',0,0,'11',0,0,'16',1,1,'21',1,1,'26',0,0,'31',6,7,'36',2,2,'41',2,2,'46',2,2,'51',5,5,'56',2,2,608),(414,0,0,'07','18','01',2,3,'06',4,10,'11',0,0,'15',0,0,NULL,0,0,NULL,0,0,NULL,0,0,NULL,0,0,NULL,0,0,NULL,0,0,NULL,0,0,NULL,0,0,608),(415,0,0,'03','09','17',4,8,'22',5,10,'27',8,12,'32',20,26,'37',14,16,'42',15,13,'47',27,7,'52',19,15,'57',12,13,NULL,0,0,NULL,0,0,NULL,0,0,609),(416,0,0,'03','10','02',25,30,'07',19,21,'12',11,26,'17',6,22,'22',20,33,'27',25,41,'32',19,21,'37',14,11,'42',30,16,'47',16,20,'52',13,11,'57',8,23,609),(417,0,0,'03','11','02',24,34,'07',27,28,'12',23,31,'17',7,22,'22',12,33,'27',13,62,'32',29,28,'37',27,39,'42',20,51,'47',21,33,'52',22,14,'57',31,15,609),(418,0,0,'03','12','02',31,29,'07',33,20,'12',27,33,'17',16,32,'22',17,31,'27',36,45,'32',14,16,'37',18,14,'42',13,11,'47',0,0,'52',0,0,'57',6,9,609),(419,0,0,'03','13','02',12,13,'07',23,45,'12',20,25,'17',12,38,'22',28,32,'27',19,34,'32',15,33,'37',24,22,'42',25,34,'47',14,34,'52',19,23,'57',22,29,609),(420,0,0,'03','14','02',13,24,'07',18,33,'12',19,27,'17',13,39,'22',21,24,'27',22,36,'32',24,28,'37',19,20,'42',31,35,'47',17,18,'52',26,35,'57',11,13,609),(421,0,0,'03','15','02',6,5,'07',10,14,'12',18,21,'17',25,31,'22',26,33,'27',12,11,'32',14,22,'37',22,33,'42',21,17,'47',16,20,'52',20,19,'57',10,16,609),(422,0,0,'03','16','02',25,29,'07',24,30,'12',14,18,'17',34,20,'22',28,38,'27',31,34,'32',11,12,'37',2,2,'42',14,9,'47',4,3,'52',5,3,'57',2,2,609),(423,0,0,'03','17','02',2,2,'03',1,0,NULL,0,0,NULL,0,0,NULL,0,0,NULL,0,0,NULL,0,0,NULL,0,0,NULL,0,0,NULL,0,0,NULL,0,0,NULL,0,0,609),(424,0,0,'03','09','07',1,2,'12',11,14,'17',9,10,'22',8,11,'27',18,31,'32',15,25,'37',22,30,'42',19,29,'47',23,50,'52',21,38,'57',9,18,NULL,0,0,610),(425,0,0,'03','10','02',13,44,'07',2,3,'12',0,0,'17',13,28,'22',13,13,'27',13,22,'32',15,34,'37',13,18,'42',13,25,'47',7,10,'52',5,5,'57',4,4,610),(426,0,0,'03','11','02',1,1,'07',19,26,'12',24,24,'17',9,9,'22',24,34,'27',23,35,'32',2,1,'37',7,8,'42',10,9,'47',6,7,'52',0,0,'57',0,0,610),(427,0,0,'03','12','02',0,0,'07',8,6,'12',4,5,'17',0,0,'22',3,4,'27',2,3,'32',5,3,'37',18,16,'42',13,15,'47',2,3,'52',16,20,'57',13,15,610),(428,0,0,'03','13','02',5,4,'07',9,7,'12',8,11,'17',9,11,'22',7,9,'27',16,11,'32',24,25,'37',18,20,'42',16,16,'47',13,14,'52',21,20,'57',5,5,610),(429,0,0,'03','14','02',8,8,'07',14,19,'12',19,23,'17',15,16,'22',13,19,'27',16,13,'32',9,28,'37',13,20,'42',2,1,'47',10,13,'52',8,7,'57',24,27,610),(430,0,0,'03','15','02',12,9,'07',14,18,'12',15,15,'17',12,16,'22',3,3,'27',23,29,'32',8,13,'37',0,0,'42',13,16,'47',11,11,'52',2,1,'57',0,0,610),(431,0,0,'03','16','02',5,4,'07',1,1,'12',5,5,'17',15,26,'22',11,11,'27',10,17,'32',11,20,'37',8,8,'42',9,9,'47',13,15,'52',11,12,'57',10,14,610),(432,0,0,'03','17','02',6,7,'07',18,9,'12',7,12,'17',9,10,'22',13,16,'27',12,15,'32',21,28,'37',13,12,'42',20,22,'47',17,18,'52',1,1,'57',6,9,610),(433,0,0,'03','18','00',3,3,NULL,0,0,NULL,0,0,NULL,0,0,NULL,0,0,NULL,0,0,NULL,0,0,NULL,0,0,NULL,0,0,NULL,0,0,NULL,0,0,NULL,0,0,610);
/*!40000 ALTER TABLE `bpain09` ENABLE KEYS */;
UNLOCK TABLES;

--
-- Table structure for table `bpain10`
--

DROP TABLE IF EXISTS `bpain10`;
/*!40101 SET @saved_cs_client     = @@character_set_client */;
/*!50503 SET character_set_client = utf8mb4 */;
CREATE TABLE `bpain10` (
  `id` bigint unsigned NOT NULL AUTO_INCREMENT,
  `backpainno` int NOT NULL,
  `helperno` int NOT NULL,
  `day` char(2) CHARACTER SET utf8mb4 COLLATE utf8mb4_unicode_ci NOT NULL,
  `hou` char(2) CHARACTER SET utf8mb4 COLLATE utf8mb4_unicode_ci NOT NULL,
  `min1` char(4) CHARACTER SET utf8mb4 COLLATE utf8mb4_unicode_ci DEFAULT NULL,
  `ftilt1` int NOT NULL DEFAULT '0',
  `twist1` int NOT NULL DEFAULT '0',
  `min2` char(4) CHARACTER SET utf8mb4 COLLATE utf8mb4_unicode_ci DEFAULT NULL,
  `ftilt2` int NOT NULL DEFAULT '0',
  `twist2` int NOT NULL DEFAULT '0',
  `min3` char(4) CHARACTER SET utf8mb4 COLLATE utf8mb4_unicode_ci DEFAULT NULL,
  `ftilt3` int NOT NULL DEFAULT '0',
  `twist3` int NOT NULL DEFAULT '0',
  `min4` char(4) CHARACTER SET utf8mb4 COLLATE utf8mb4_unicode_ci DEFAULT NULL,
  `ftilt4` int NOT NULL DEFAULT '0',
  `twist4` int NOT NULL DEFAULT '0',
  `min5` char(4) CHARACTER SET utf8mb4 COLLATE utf8mb4_unicode_ci DEFAULT NULL,
  `ftilt5` int NOT NULL DEFAULT '0',
  `twist5` int NOT NULL DEFAULT '0',
  `min6` char(4) CHARACTER SET utf8mb4 COLLATE utf8mb4_unicode_ci DEFAULT NULL,
  `ftilt6` int NOT NULL DEFAULT '0',
  `twist6` int NOT NULL DEFAULT '0',
  `min7` char(4) CHARACTER SET utf8mb4 COLLATE utf8mb4_unicode_ci DEFAULT NULL,
  `ftilt7` int NOT NULL DEFAULT '0',
  `twist7` int NOT NULL DEFAULT '0',
  `min8` char(4) CHARACTER SET utf8mb4 COLLATE utf8mb4_unicode_ci DEFAULT NULL,
  `ftilt8` int NOT NULL DEFAULT '0',
  `twist8` int NOT NULL DEFAULT '0',
  `min9` char(4) CHARACTER SET utf8mb4 COLLATE utf8mb4_unicode_ci DEFAULT NULL,
  `ftilt9` int NOT NULL DEFAULT '0',
  `twist9` int NOT NULL DEFAULT '0',
  `min10` char(4) CHARACTER SET utf8mb4 COLLATE utf8mb4_unicode_ci DEFAULT NULL,
  `ftilt10` int NOT NULL DEFAULT '0',
  `twist10` int NOT NULL DEFAULT '0',
  `min11` char(4) CHARACTER SET utf8mb4 COLLATE utf8mb4_unicode_ci DEFAULT NULL,
  `ftilt11` int NOT NULL DEFAULT '0',
  `twist11` int NOT NULL DEFAULT '0',
  `min12` char(4) CHARACTER SET utf8mb4 COLLATE utf8mb4_unicode_ci DEFAULT NULL,
  `ftilt12` int NOT NULL DEFAULT '0',
  `twist12` int NOT NULL DEFAULT '0',
  `bpainhedno` int NOT NULL,
  PRIMARY KEY (`id`),
  UNIQUE KEY `bpain10_id_unique` (`id`)
) ENGINE=InnoDB DEFAULT CHARSET=utf8mb4 COLLATE=utf8mb4_unicode_ci;
/*!40101 SET character_set_client = @saved_cs_client */;

--
-- Dumping data for table `bpain10`
--

LOCK TABLES `bpain10` WRITE;
/*!40000 ALTER TABLE `bpain10` DISABLE KEYS */;
/*!40000 ALTER TABLE `bpain10` ENABLE KEYS */;
UNLOCK TABLES;

--
-- Table structure for table `bpain11`
--

DROP TABLE IF EXISTS `bpain11`;
/*!40101 SET @saved_cs_client     = @@character_set_client */;
/*!50503 SET character_set_client = utf8mb4 */;
CREATE TABLE `bpain11` (
  `id` bigint unsigned NOT NULL AUTO_INCREMENT,
  `backpainno` int NOT NULL,
  `helperno` int NOT NULL,
  `day` char(2) CHARACTER SET utf8mb4 COLLATE utf8mb4_unicode_ci NOT NULL,
  `hou` char(2) CHARACTER SET utf8mb4 COLLATE utf8mb4_unicode_ci NOT NULL,
  `min1` char(4) CHARACTER SET utf8mb4 COLLATE utf8mb4_unicode_ci DEFAULT NULL,
  `ftilt1` int NOT NULL DEFAULT '0',
  `twist1` int NOT NULL DEFAULT '0',
  `min2` char(4) CHARACTER SET utf8mb4 COLLATE utf8mb4_unicode_ci DEFAULT NULL,
  `ftilt2` int NOT NULL DEFAULT '0',
  `twist2` int NOT NULL DEFAULT '0',
  `min3` char(4) CHARACTER SET utf8mb4 COLLATE utf8mb4_unicode_ci DEFAULT NULL,
  `ftilt3` int NOT NULL DEFAULT '0',
  `twist3` int NOT NULL DEFAULT '0',
  `min4` char(4) CHARACTER SET utf8mb4 COLLATE utf8mb4_unicode_ci DEFAULT NULL,
  `ftilt4` int NOT NULL DEFAULT '0',
  `twist4` int NOT NULL DEFAULT '0',
  `min5` char(4) CHARACTER SET utf8mb4 COLLATE utf8mb4_unicode_ci DEFAULT NULL,
  `ftilt5` int NOT NULL DEFAULT '0',
  `twist5` int NOT NULL DEFAULT '0',
  `min6` char(4) CHARACTER SET utf8mb4 COLLATE utf8mb4_unicode_ci DEFAULT NULL,
  `ftilt6` int NOT NULL DEFAULT '0',
  `twist6` int NOT NULL DEFAULT '0',
  `min7` char(4) CHARACTER SET utf8mb4 COLLATE utf8mb4_unicode_ci DEFAULT NULL,
  `ftilt7` int NOT NULL DEFAULT '0',
  `twist7` int NOT NULL DEFAULT '0',
  `min8` char(4) CHARACTER SET utf8mb4 COLLATE utf8mb4_unicode_ci DEFAULT NULL,
  `ftilt8` int NOT NULL DEFAULT '0',
  `twist8` int NOT NULL DEFAULT '0',
  `min9` char(4) CHARACTER SET utf8mb4 COLLATE utf8mb4_unicode_ci DEFAULT NULL,
  `ftilt9` int NOT NULL DEFAULT '0',
  `twist9` int NOT NULL DEFAULT '0',
  `min10` char(4) CHARACTER SET utf8mb4 COLLATE utf8mb4_unicode_ci DEFAULT NULL,
  `ftilt10` int NOT NULL DEFAULT '0',
  `twist10` int NOT NULL DEFAULT '0',
  `min11` char(4) CHARACTER SET utf8mb4 COLLATE utf8mb4_unicode_ci DEFAULT NULL,
  `ftilt11` int NOT NULL DEFAULT '0',
  `twist11` int NOT NULL DEFAULT '0',
  `min12` char(4) CHARACTER SET utf8mb4 COLLATE utf8mb4_unicode_ci DEFAULT NULL,
  `ftilt12` int NOT NULL DEFAULT '0',
  `twist12` int NOT NULL DEFAULT '0',
  `bpainhedno` int NOT NULL,
  PRIMARY KEY (`id`),
  UNIQUE KEY `bpain11_id_unique` (`id`)
) ENGINE=InnoDB AUTO_INCREMENT=160 DEFAULT CHARSET=utf8mb4 COLLATE=utf8mb4_unicode_ci;
/*!40101 SET character_set_client = @saved_cs_client */;

--
-- Dumping data for table `bpain11`
--

LOCK TABLES `bpain11` WRITE;
/*!40000 ALTER TABLE `bpain11` DISABLE KEYS */;
INSERT INTO `bpain11` VALUES (138,0,0,'16','16','40',3,8,NULL,0,0,NULL,0,0,NULL,0,0,NULL,0,0,NULL,0,0,NULL,0,0,NULL,0,0,NULL,0,0,NULL,0,0,NULL,0,0,NULL,0,0,612),(139,0,0,'22','11','21',6,5,'26',2,3,'31',8,3,'36',15,9,'41',3,4,'46',3,1,'51',7,5,'56',11,8,NULL,0,0,NULL,0,0,NULL,0,0,NULL,0,0,613),(140,0,0,'22','12','01',12,4,'06',3,2,'11',4,3,'16',6,3,'21',5,0,'26',5,4,'31',10,6,'36',7,5,'41',17,3,'46',2,2,'51',13,5,'56',8,6,613),(141,0,0,'22','13','01',0,0,'06',2,1,'11',1,1,'16',0,0,'21',1,0,'26',9,10,'31',3,3,'36',8,5,'41',0,0,'46',0,0,'51',10,1,'56',3,0,613),(142,0,0,'22','14','01',4,7,'06',15,16,'11',12,11,'16',10,7,'21',11,5,'26',10,7,'31',1,1,'36',1,1,'41',4,2,'46',4,1,'51',12,8,'56',11,9,613),(143,0,0,'22','15','01',4,2,'06',7,5,'11',8,6,'16',4,3,'21',16,14,'26',8,8,'31',1,1,'36',3,0,'41',4,3,'46',3,0,'51',8,4,'56',5,5,613),(144,0,0,'22','16','01',6,3,'06',3,2,'11',2,2,'16',1,0,'21',5,8,'26',18,10,'31',8,5,'36',8,7,'41',10,13,'46',12,14,'51',14,6,'56',10,5,613),(145,0,0,'22','17','01',4,1,'06',4,2,'11',6,5,'16',4,2,'21',2,0,'26',0,0,'31',11,7,'36',14,8,'41',10,8,'46',4,4,'51',14,13,'56',7,2,613),(146,0,0,'22','18','01',2,1,'06',7,3,'11',9,7,'16',22,22,'21',16,9,'26',15,21,'31',3,0,'36',8,7,'41',16,11,'46',7,5,'51',9,6,'56',0,0,613),(147,0,0,'22','19','01',1,0,'06',12,6,'11',7,4,'16',8,1,'21',21,16,'26',2,0,'31',3,1,'36',2,2,'41',13,10,'46',19,14,'51',6,12,'54',4,8,613),(148,0,0,'23','07','19',3,4,NULL,0,0,NULL,0,0,NULL,0,0,NULL,0,0,NULL,0,0,NULL,0,0,NULL,0,0,NULL,0,0,NULL,0,0,NULL,0,0,NULL,0,0,614),(149,0,0,'25','17','28',1,3,NULL,0,0,NULL,0,0,NULL,0,0,NULL,0,0,NULL,0,0,NULL,0,0,NULL,0,0,NULL,0,0,NULL,0,0,NULL,0,0,NULL,0,0,615),(150,0,0,'20','11','08',2,2,NULL,0,0,NULL,0,0,NULL,0,0,NULL,0,0,NULL,0,0,NULL,0,0,NULL,0,0,NULL,0,0,NULL,0,0,NULL,0,0,NULL,0,0,616),(151,0,0,'24','11','16',6,8,'21',6,5,'26',20,16,'31',19,17,'36',12,7,'41',4,0,'46',19,11,'51',9,5,'56',18,14,NULL,0,0,NULL,0,0,NULL,0,0,623),(152,0,0,'24','12','01',15,8,'06',12,9,'11',7,3,'16',12,5,'21',23,15,'26',12,6,'31',15,8,'36',9,8,'41',19,11,'46',16,10,'51',3,1,'56',0,0,623),(153,0,0,'24','13','01',0,0,'06',0,0,'11',0,0,'16',9,6,'21',2,1,'26',6,1,'31',17,14,'36',11,6,'41',7,3,'46',1,1,'51',0,0,'56',0,0,623),(154,0,0,'24','14','01',0,0,'06',7,4,'11',0,0,'16',0,0,'21',0,0,'26',9,7,'31',0,0,'36',0,0,'41',0,0,'46',6,0,'51',12,6,'56',13,13,623),(155,0,0,'24','15','01',14,22,'06',8,6,'11',7,6,'16',4,0,'21',5,0,'26',8,1,'31',4,2,'36',8,3,'41',6,2,'46',7,2,'51',18,17,'56',11,8,623),(156,0,0,'24','16','01',9,8,'06',6,7,'11',7,3,'16',0,0,'21',4,4,'26',23,34,'31',7,5,'36',16,12,'41',14,17,'46',19,42,'51',27,19,'56',8,6,623),(157,0,0,'24','17','01',5,3,'06',16,13,'11',11,8,'16',7,3,'21',10,8,'26',3,4,'31',3,4,'36',1,1,'41',19,21,'46',26,31,'51',21,21,'56',9,13,623),(158,0,0,'24','18','01',7,12,'06',29,27,'11',25,28,'16',13,36,'21',21,21,'26',24,24,'31',11,6,'36',14,13,'41',11,10,'46',6,5,'51',17,18,'56',19,32,623),(159,0,0,'24','19','56',16,16,'59',8,7,'',0,0,'',0,0,'',0,0,'',0,0,'',0,0,'',0,0,'',0,0,'',0,0,'',0,0,'',0,0,623);
/*!40000 ALTER TABLE `bpain11` ENABLE KEYS */;
UNLOCK TABLES;

--
-- Table structure for table `bpain12`
--

DROP TABLE IF EXISTS `bpain12`;
/*!40101 SET @saved_cs_client     = @@character_set_client */;
/*!50503 SET character_set_client = utf8mb4 */;
CREATE TABLE `bpain12` (
  `id` bigint unsigned NOT NULL AUTO_INCREMENT,
  `backpainno` int NOT NULL,
  `helperno` int NOT NULL,
  `day` char(2) CHARACTER SET utf8mb4 COLLATE utf8mb4_unicode_ci NOT NULL,
  `hou` char(2) CHARACTER SET utf8mb4 COLLATE utf8mb4_unicode_ci NOT NULL,
  `min1` char(4) CHARACTER SET utf8mb4 COLLATE utf8mb4_unicode_ci DEFAULT NULL,
  `ftilt1` int NOT NULL DEFAULT '0',
  `twist1` int NOT NULL DEFAULT '0',
  `min2` char(4) CHARACTER SET utf8mb4 COLLATE utf8mb4_unicode_ci DEFAULT NULL,
  `ftilt2` int NOT NULL DEFAULT '0',
  `twist2` int NOT NULL DEFAULT '0',
  `min3` char(4) CHARACTER SET utf8mb4 COLLATE utf8mb4_unicode_ci DEFAULT NULL,
  `ftilt3` int NOT NULL DEFAULT '0',
  `twist3` int NOT NULL DEFAULT '0',
  `min4` char(4) CHARACTER SET utf8mb4 COLLATE utf8mb4_unicode_ci DEFAULT NULL,
  `ftilt4` int NOT NULL DEFAULT '0',
  `twist4` int NOT NULL DEFAULT '0',
  `min5` char(4) CHARACTER SET utf8mb4 COLLATE utf8mb4_unicode_ci DEFAULT NULL,
  `ftilt5` int NOT NULL DEFAULT '0',
  `twist5` int NOT NULL DEFAULT '0',
  `min6` char(4) CHARACTER SET utf8mb4 COLLATE utf8mb4_unicode_ci DEFAULT NULL,
  `ftilt6` int NOT NULL DEFAULT '0',
  `twist6` int NOT NULL DEFAULT '0',
  `min7` char(4) CHARACTER SET utf8mb4 COLLATE utf8mb4_unicode_ci DEFAULT NULL,
  `ftilt7` int NOT NULL DEFAULT '0',
  `twist7` int NOT NULL DEFAULT '0',
  `min8` char(4) CHARACTER SET utf8mb4 COLLATE utf8mb4_unicode_ci DEFAULT NULL,
  `ftilt8` int NOT NULL DEFAULT '0',
  `twist8` int NOT NULL DEFAULT '0',
  `min9` char(4) CHARACTER SET utf8mb4 COLLATE utf8mb4_unicode_ci DEFAULT NULL,
  `ftilt9` int NOT NULL DEFAULT '0',
  `twist9` int NOT NULL DEFAULT '0',
  `min10` char(4) CHARACTER SET utf8mb4 COLLATE utf8mb4_unicode_ci DEFAULT NULL,
  `ftilt10` int NOT NULL DEFAULT '0',
  `twist10` int NOT NULL DEFAULT '0',
  `min11` char(4) CHARACTER SET utf8mb4 COLLATE utf8mb4_unicode_ci DEFAULT NULL,
  `ftilt11` int NOT NULL DEFAULT '0',
  `twist11` int NOT NULL DEFAULT '0',
  `min12` char(4) CHARACTER SET utf8mb4 COLLATE utf8mb4_unicode_ci DEFAULT NULL,
  `ftilt12` int NOT NULL DEFAULT '0',
  `twist12` int NOT NULL DEFAULT '0',
  `bpainhedno` int NOT NULL,
  PRIMARY KEY (`id`),
  UNIQUE KEY `bpain12_id_unique` (`id`)
) ENGINE=InnoDB AUTO_INCREMENT=231 DEFAULT CHARSET=utf8mb4 COLLATE=utf8mb4_unicode_ci;
/*!40101 SET character_set_client = @saved_cs_client */;

--
-- Dumping data for table `bpain12`
--

LOCK TABLES `bpain12` WRITE;
/*!40000 ALTER TABLE `bpain12` DISABLE KEYS */;
INSERT INTO `bpain12` VALUES (130,0,0,'01','11','09',10,14,'14',8,4,'19',4,3,'24',1,1,'29',11,20,'34',14,13,'39',22,15,'44',1,2,'49',9,5,'54',22,21,'59',8,15,NULL,0,0,618),(131,0,0,'01','12','04',11,9,'09',9,8,'14',0,0,'19',0,0,'24',20,11,'29',10,8,'34',15,6,'39',10,4,'44',13,4,'49',15,9,'54',0,0,'59',1,0,618),(132,0,0,'01','13','04',3,2,'09',0,0,'14',2,1,'19',3,1,'24',6,11,'29',5,5,'34',5,3,'39',7,3,'44',26,29,'49',13,16,'54',24,24,'59',27,30,618),(133,0,0,'01','14','04',14,13,'09',7,9,'14',6,3,'19',6,5,'24',21,12,'29',14,5,'34',21,35,'39',29,37,'44',23,19,'49',12,8,'54',16,11,'59',22,35,618),(134,0,0,'01','15','04',9,13,'09',1,2,'14',13,13,'19',0,0,'24',0,0,'29',0,0,'34',7,8,'39',0,0,'44',2,3,'49',16,9,'54',14,17,'59',3,1,618),(135,0,0,'01','16','04',23,19,'09',28,29,'14',10,13,'19',11,9,'24',25,23,'29',24,40,'34',17,14,'39',28,23,'44',11,6,'49',29,22,'54',19,13,'59',21,23,618),(136,0,0,'01','17','04',16,18,'09',17,7,'14',13,6,'19',24,28,'24',35,30,'29',16,13,'34',22,26,'39',22,33,'44',4,2,'49',19,17,'54',26,33,'59',26,24,618),(137,0,0,'01','18','04',16,12,'09',9,11,'14',19,24,'19',11,8,'24',23,20,'29',16,18,'34',24,15,'39',18,21,'44',26,45,'49',27,39,'54',30,38,'59',16,12,618),(138,0,0,'01','19','04',13,21,'09',31,49,'14',20,27,'19',1,2,'24',13,11,'29',28,25,'34',11,13,'39',15,9,'44',12,10,'49',11,12,NULL,0,0,NULL,0,0,618),(139,0,0,'04','11','14',6,4,'19',0,0,'24',0,0,'29',0,0,'34',0,0,'39',0,0,'44',0,0,'49',0,0,'54',0,0,'59',0,0,NULL,0,0,NULL,0,0,619),(140,0,0,'04','12','04',0,0,'09',0,0,'14',0,0,'19',0,0,'24',0,0,'29',0,0,'34',0,0,'39',0,0,'44',0,0,'49',0,0,'54',0,0,'59',0,0,619),(141,0,0,'04','13','04',0,0,'09',0,0,'14',0,0,'19',0,0,'24',0,0,'29',0,0,'34',0,0,'39',0,0,'44',0,0,'49',0,0,'54',1,1,'59',0,0,619),(142,0,0,'04','14','04',0,0,'09',0,0,'14',0,0,'19',0,0,'24',0,0,'29',0,0,'34',0,0,'39',0,0,'44',0,0,'49',0,0,'54',0,0,'59',0,0,619),(143,0,0,'04','15','04',0,0,'09',0,0,'14',0,0,'19',0,0,'24',0,0,'29',0,0,'34',0,0,'39',0,0,'44',0,0,'49',0,0,'54',0,0,'59',0,0,619),(144,0,0,'04','16','04',0,0,'09',0,0,'14',0,0,'19',0,0,'24',0,0,'29',0,0,'34',0,0,'39',0,0,'44',0,0,'49',0,0,'54',0,0,'59',0,0,619),(145,0,0,'04','17','04',0,0,'09',0,0,'14',0,0,'19',0,0,'24',0,0,'29',0,0,'34',0,0,'39',0,0,'44',0,0,'49',0,0,'54',0,0,'59',0,0,619),(146,0,0,'04','18','04',0,0,'09',0,0,'14',0,0,'19',0,0,'24',0,0,'29',0,0,'34',0,0,'39',0,0,'44',0,0,'49',0,0,'54',0,0,'59',0,0,619),(147,0,0,'04','19','04',0,0,'09',0,0,'14',0,0,'19',0,0,'24',0,0,'29',0,0,'34',0,0,'39',0,0,'44',0,0,'49',3,2,'54',0,0,'59',0,0,619),(148,0,0,'30','13','18',14,14,'23',13,17,'28',1,0,'33',0,0,'38',0,0,'43',0,0,'48',0,0,'53',0,0,'58',0,0,NULL,0,0,NULL,0,0,NULL,0,0,620),(149,0,0,'30','14','03',0,0,'08',0,0,'13',0,0,'18',0,0,'23',0,0,'28',0,0,'33',12,14,'38',9,41,'43',15,22,'48',9,10,'53',15,14,'58',44,72,620),(150,0,0,'30','15','03',42,51,'08',38,43,'13',24,18,'18',25,25,'23',20,13,'27',16,8,NULL,0,0,NULL,0,0,NULL,0,0,NULL,0,0,NULL,0,0,NULL,0,0,620),(151,0,0,'04','07','43',12,15,'48',26,25,'53',15,11,'58',21,22,NULL,0,0,NULL,0,0,NULL,0,0,NULL,0,0,NULL,0,0,NULL,0,0,NULL,0,0,NULL,0,0,621),(152,0,0,'04','08','03',17,15,'08',0,0,'13',2,2,'18',6,5,'23',8,8,'28',12,17,'33',17,18,'38',11,7,'43',12,17,'48',14,16,'53',7,10,'58',11,9,621),(153,0,0,'04','09','03',8,9,'08',4,2,'13',13,17,'18',6,8,'23',8,16,'28',6,10,'33',19,20,'38',16,15,'43',5,2,'48',21,28,'53',1,1,'58',2,3,621),(154,0,0,'04','10','03',17,28,'08',18,26,'13',12,16,'18',4,3,'23',3,1,'28',18,13,'33',14,21,'38',13,16,'43',3,2,'48',16,17,'53',10,21,'58',22,24,621),(155,0,0,'04','11','03',20,34,'08',17,15,'13',17,12,'18',13,15,'23',19,17,'28',4,6,'33',2,1,'38',0,0,'43',3,2,'48',23,23,'53',2,1,'58',4,4,621),(156,0,0,'04','12','03',0,0,'08',2,2,'13',3,4,'18',0,0,'23',0,0,'28',1,1,'33',0,0,'38',0,0,'43',1,1,'48',6,5,'53',9,6,'58',11,10,621),(157,0,0,'04','13','03',9,4,'08',2,2,'13',2,2,'18',0,0,'23',4,2,'28',11,11,'33',27,19,'38',22,24,'43',18,21,'48',21,17,'53',32,26,'58',16,20,621),(158,0,0,'04','14','03',20,18,'08',21,21,'13',11,10,'18',19,23,'23',28,22,'28',30,18,'33',20,21,'38',11,7,'43',23,16,'48',25,8,'53',28,31,'58',27,27,621),(159,0,0,'04','15','03',21,18,'08',22,20,'13',37,24,'18',29,29,'23',21,27,'28',35,25,'33',36,49,'38',28,28,'43',30,43,'48',33,29,'53',27,32,'58',2,2,621),(160,0,0,'04','16','03',5,2,NULL,0,0,NULL,0,0,NULL,0,0,NULL,0,0,NULL,0,0,NULL,0,0,NULL,0,0,NULL,0,0,NULL,0,0,NULL,0,0,NULL,0,0,621),(161,0,0,'05','17','09',6,7,'14',15,8,'19',8,1,'24',7,6,'29',9,5,'34',6,2,'39',2,1,'44',7,10,'49',27,18,'54',32,13,'59',33,1,NULL,0,0,622),(162,0,0,'05','18','04',18,12,'09',19,28,'14',6,6,'19',7,3,'24',23,20,'29',21,27,'34',21,18,'39',22,25,'44',16,22,'49',7,6,'54',6,2,'59',5,4,622),(163,0,0,'05','19','04',2,1,'09',0,0,'14',5,3,'19',5,4,'24',8,1,'29',5,1,'34',4,4,'39',3,2,'44',1,1,'49',1,1,'54',0,0,'59',2,1,622),(164,0,0,'05','20','04',0,0,'09',2,1,'14',2,1,'19',2,2,'24',2,1,'29',8,11,'34',8,11,'39',0,0,'44',2,1,'49',0,0,'54',0,0,'59',10,2,622),(165,0,0,'05','21','04',5,3,'09',0,0,'14',5,6,'19',0,0,'24',0,0,'29',13,9,'34',4,1,'39',2,2,'44',0,0,'49',0,0,'54',0,0,'59',5,3,622),(166,0,0,'05','22','04',4,3,'09',0,0,'14',7,1,'19',0,0,'24',0,0,'29',6,0,'34',1,0,'39',0,0,'44',0,0,'49',6,6,'54',2,1,'59',1,1,622),(167,0,0,'05','23','04',0,0,'09',0,0,'14',0,0,'19',0,0,'24',0,0,'29',0,0,'34',0,0,'39',6,9,'44',8,5,'49',2,2,'54',0,0,'59',0,0,622),(168,0,0,'06','00','04',8,8,'09',9,29,'14',5,4,'19',1,2,'24',9,14,'29',0,0,'34',4,3,'39',4,3,'44',1,1,'49',7,6,'54',3,1,'59',6,3,622),(169,0,0,'06','01','04',2,0,'09',0,0,'14',0,0,'19',0,0,'24',0,0,'29',2,0,'34',8,2,'39',5,0,'44',0,0,'49',5,2,'54',4,2,'59',4,4,622),(170,0,0,'06','02','04',8,3,'09',3,4,'14',3,1,'19',9,9,'24',0,0,'29',2,2,'34',9,7,'39',2,2,'44',9,1,'49',1,1,'54',0,0,'59',0,0,622),(171,0,0,'06','03','04',0,0,'09',0,0,'14',0,0,'19',5,6,'24',0,0,'29',4,2,'34',5,5,'39',14,15,'44',4,2,'49',1,1,'54',0,0,'59',0,0,622),(172,0,0,'06','04','4',7,7,'09',12,28,'14',16,21,'19',14,20,'24',16,20,'29',9,10,'34',0,0,'39',4,6,'44',0,0,'49',0,0,'54',1,0,'59',0,0,622),(173,0,0,'06','05','04',0,0,'09',19,16,'14',28,18,'19',20,23,'24',21,23,'29',12,13,'34',4,2,'39',7,9,'44',13,14,'49',16,17,'54',26,26,'59',16,26,622),(174,0,0,'06','6','04',14,14,'09',24,18,'14',16,9,'19',16,20,'24',16,17,'29',23,12,'34',6,7,'39',24,24,'44',23,20,'49',24,20,'54',6,5,'58',6,4,622),(175,0,0,'13','17','03',4,4,'08',2,2,'13',1,0,'18',0,0,'23',0,0,'28',13,11,'33',2,0,'38',11,8,'43',15,7,'48',35,21,'53',12,4,'58',6,2,624),(176,0,0,'13','18','03',12,7,'08',17,14,'13',19,47,'18',23,21,'23',22,22,'28',14,10,'33',18,15,'38',22,16,'43',20,21,'48',20,26,'53',19,27,'58',3,3,624),(177,0,0,'13','19','03',0,0,'08',18,10,'13',17,9,'18',9,3,'23',21,14,'28',16,11,'33',10,4,'38',13,9,'43',7,4,'48',8,6,'53',16,14,'58',4,3,624),(178,0,0,'13','20','03',1,1,'08',6,2,'13',17,16,'18',12,11,'23',9,6,'28',10,6,'33',10,7,'38',15,11,'43',15,24,'48',9,7,'53',5,3,'58',6,5,624),(179,0,0,'13','21','03',5,3,'08',10,25,'13',12,6,'18',2,1,'23',2,0,'28',5,3,'33',4,0,'38',12,12,'43',12,13,'48',6,10,'53',8,5,'58',4,4,624),(180,0,0,'13','22','03',0,0,'08',0,0,'13',4,1,'18',2,2,'23',10,5,'28',16,16,'33',18,13,'38',5,3,'43',6,2,'48',4,1,'53',8,6,'58',3,0,624),(181,0,0,'13','23','03',14,10,'08',16,16,'13',11,7,'18',0,0,'23',0,0,'28',0,0,'33',4,2,'38',14,11,'43',6,7,'48',15,15,'53',6,2,'58',6,3,624),(182,0,0,'14','00','03',1,1,'08',4,2,'13',0,0,'18',0,0,'23',0,0,'28',1,0,'33',0,0,'38',5,3,'43',3,2,'48',12,7,'53',9,4,'58',3,0,624),(183,0,0,'14','01','03',0,0,'08',7,5,'13',7,6,'18',17,17,'23',9,22,'28',0,0,'33',4,2,'38',6,2,'43',0,0,'48',0,0,'53',0,0,'58',18,27,624),(184,0,0,'14','02','03',20,33,'08',5,0,'13',14,12,'18',1,0,'23',0,0,'28',9,3,'33',3,0,'38',19,8,'43',10,5,'48',10,16,'53',4,0,'58',17,15,624),(185,0,0,'14','03','3',4,1,'08',4,2,'13',13,15,'18',0,0,'23',2,1,'28',7,1,'33',6,3,'38',9,5,'43',18,14,'48',9,6,'53',10,8,'58',11,15,624),(186,0,0,'14','04','03',18,17,'08',24,30,'13',15,16,'18',19,24,'23',21,39,'28',15,8,'33',21,22,'38',21,29,'43',17,22,'48',6,2,'53',23,24,'58',15,14,624),(187,0,0,'14','05','03',7,8,'08',8,8,'13',12,12,'18',10,6,'23',8,3,'28',31,24,'33',20,32,'38',19,20,'43',16,20,'48',22,35,'53',14,15,'58',20,28,624),(188,0,0,'14','06','03',27,27,'08',9,12,'13',28,31,'18',17,16,'23',9,7,'28',8,6,'33',12,12,'38',32,31,'43',15,8,'48',15,6,'53',29,45,'58',16,14,624),(189,0,0,'14','07','03',22,21,NULL,0,0,NULL,0,0,NULL,0,0,NULL,0,0,NULL,0,0,NULL,0,0,NULL,0,0,NULL,0,0,NULL,0,0,NULL,0,0,NULL,0,0,624),(190,0,0,'26','12','31',10,15,'36',11,9,'41',25,31,'46',18,27,'51',15,20,'56',15,16,NULL,0,0,NULL,0,0,NULL,0,0,NULL,0,0,NULL,0,0,NULL,0,0,627),(191,0,0,'26','13','01',18,18,'06',3,3,'11',7,6,'16',8,5,'21',3,4,'26',10,3,'31',8,0,'36',2,0,'41',5,2,'46',4,4,'51',12,4,'56',13,4,627),(192,0,0,'26','14','01',15,10,'06',2,3,'11',3,3,'16',2,1,'21',9,4,'26',14,22,'31',25,31,'36',25,26,'41',26,32,'46',22,12,'51',16,6,'56',28,25,627),(193,0,0,'26','15','01',29,27,'06',23,25,'11',18,17,'16',15,13,'21',4,3,'26',33,18,'31',16,9,'36',15,7,'41',9,20,'46',12,11,'51',14,5,'56',29,22,627),(194,0,0,'26','16','01',8,4,'06',4,1,'11',3,3,'16',0,0,'21',16,21,'26',2,2,'31',8,5,'36',5,2,'41',10,9,'46',24,31,'51',18,23,'56',26,23,627),(195,0,0,'26','17','01',14,8,'06',17,21,'11',6,8,'16',7,6,'21',15,14,'26',0,0,'31',0,0,'36',3,1,'41',22,18,'46',0,0,'51',15,13,'56',14,15,627),(196,0,0,'26','18','01',14,19,'06',19,34,'11',24,14,'16',22,34,'21',15,30,'26',20,33,'31',18,26,'36',15,21,'41',29,37,'46',15,13,'51',20,27,'56',6,1,627),(197,0,0,'26','19','01',15,10,'06',12,13,'11',3,2,'16',0,0,'21',0,0,'26',5,3,'31',20,15,'36',4,3,'41',6,3,'46',0,0,'51',4,4,'56',2,1,627),(198,0,0,'26','20','01',5,3,'02',1,0,NULL,0,0,NULL,0,0,NULL,0,0,NULL,0,0,NULL,0,0,NULL,0,0,NULL,0,0,NULL,0,0,NULL,0,0,NULL,0,0,627),(199,0,0,'28','19','10',9,8,'15',33,43,'20',19,28,'25',21,18,'30',19,13,'35',11,18,'40',10,11,'45',8,3,'50',1,1,'55',12,17,NULL,0,0,NULL,0,0,628),(200,0,0,'28','20','00',13,37,'05',25,28,'10',13,12,'15',15,11,'20',16,20,'25',13,12,'30',1,1,'35',0,0,'40',3,2,'45',5,2,'50',2,3,'55',0,0,628),(201,0,0,'28','21','00',0,0,'05',3,3,'10',8,8,'15',3,1,'20',0,0,'25',0,0,'30',0,0,'35',0,0,'40',0,0,'45',4,3,'50',1,2,'55',0,0,628),(202,0,0,'28','22','00',0,0,'05',4,2,'10',0,0,'15',0,0,'20',0,0,'25',11,19,'30',10,21,'35',0,0,'40',8,6,'45',14,17,'50',8,7,'55',12,14,628),(203,0,0,'28','23','00',24,6,'05',21,12,'10',21,13,'15',14,13,'20',12,16,'25',11,40,'30',24,44,'35',24,36,'40',14,33,'45',19,30,'50',21,30,'55',17,28,628),(204,0,0,'29','00','0',13,30,'05',15,31,'10',29,28,'15',9,31,'20',23,38,'25',15,28,'30',23,37,'35',17,18,'40',6,7,'45',0,0,'50',1,1,'55',15,17,628),(205,0,0,'29','01','00',7,8,'05',1,1,'10',0,0,'15',1,0,'20',0,0,'25',0,0,'30',0,0,'35',0,0,'40',6,5,'45',0,0,'50',0,0,'55',6,4,628),(206,0,0,'29','02','00',32,14,'05',19,9,'10',6,3,'15',10,8,'20',0,0,'25',7,6,'30',3,2,'35',9,6,'40',6,6,'45',14,6,'50',11,14,'55',9,3,628),(207,0,0,'29','03','00',7,3,'05',13,8,'10',0,0,'15',11,7,'20',10,6,'25',21,23,'30',13,16,'35',6,8,'40',0,0,'45',0,0,'50',2,2,'55',4,2,628),(208,0,0,'29','04','00',0,0,'05',2,2,'10',4,4,'15',8,10,'20',10,3,'25',8,6,'30',21,20,'35',16,35,'40',14,25,'45',21,38,'50',19,32,'55',27,37,628),(209,0,0,'29','05','00',29,37,'05',17,29,'10',19,25,'15',20,19,'20',24,31,'25',17,19,'30',19,23,'35',17,19,'40',19,33,'45',26,32,'50',31,44,'55',13,21,628),(210,0,0,'29','06','00',24,33,'05',21,27,'10',28,33,'15',25,32,'20',23,18,'25',20,12,'30',16,32,'35',28,38,'40',21,32,'45',20,28,'50',26,29,'55',22,25,628),(211,0,0,'29','07','00',26,33,'05',19,30,'10',21,29,'15',20,34,'20',0,0,'25',7,7,'30',7,7,'35',5,2,'40',13,11,'45',22,16,'50',18,17,'55',26,16,628),(212,0,0,'29','08','00',5,3,'05',1,1,'10',5,4,'15',5,5,'20',15,8,'23',9,10,NULL,0,0,NULL,0,0,NULL,0,0,NULL,0,0,NULL,0,0,NULL,0,0,628),(213,0,0,'31','11','05',1,1,'10',0,0,'15',0,0,'20',0,0,'25',0,0,'30',0,0,'35',0,0,'40',0,0,'45',0,0,'50',0,0,'55',0,0,NULL,0,0,629),(214,0,0,'31','12','00',0,0,'05',0,0,'10',0,0,'15',0,0,'20',0,0,'25',0,0,'30',0,0,'35',0,0,'40',0,0,'45',0,0,'50',0,0,'55',0,0,629),(215,0,0,'31','13','00',0,0,'05',0,0,'10',0,0,'15',0,0,'20',0,0,'25',1,1,'30',3,3,'35',6,1,'40',0,0,'45',0,0,'50',1,7,'55',0,0,629),(216,0,0,'31','14','00',1,7,'05',0,0,'10',0,0,'15',0,0,'20',0,0,'25',0,0,'30',0,0,'35',0,0,'40',0,0,'45',0,0,'50',0,0,'55',0,0,629),(217,0,0,'31','15','00',0,0,'05',0,0,'10',0,0,'15',0,0,'20',0,0,'25',0,0,'30',0,0,'35',0,0,'40',1,1,'45',0,0,'50',0,0,'55',0,0,629),(218,0,0,'31','16','00',0,0,'05',0,0,'10',0,0,'15',0,0,'20',0,0,'25',0,0,'30',0,0,'35',0,0,'40',0,0,'45',0,0,'50',2,0,'55',0,0,629),(219,0,0,'31','17','00',0,0,'05',0,0,'10',0,0,'15',0,0,'20',0,0,'25',0,0,'30',0,0,'35',0,0,'40',0,0,'45',0,0,'50',0,0,'55',0,0,629),(220,0,0,'31','18','00',0,0,'05',0,0,'10',0,0,'15',1,1,'20',0,0,'25',0,0,'30',0,0,'35',0,0,'40',0,0,'45',0,0,'50',0,0,'55',1,1,629),(221,0,0,'31','19','00',0,0,'05',0,0,'10',0,0,'15',0,0,'20',0,0,'25',0,0,'30',0,0,'35',0,0,'40',0,0,'45',0,0,'50',0,0,'55',0,0,629),(222,0,0,'31','20','00',0,0,'01',0,0,NULL,0,0,NULL,0,0,NULL,0,0,NULL,0,0,NULL,0,0,NULL,0,0,NULL,0,0,NULL,0,0,NULL,0,0,NULL,0,0,629),(223,0,0,'30','07','09',4,5,'14',0,0,'19',0,0,'24',0,0,'29',0,0,'34',0,0,'39',0,0,'44',0,0,'49',0,0,'54',0,0,'59',0,0,NULL,0,0,631),(224,0,0,'30','08','04',0,0,'09',0,0,'14',0,0,'19',0,0,'24',0,0,'29',0,0,'34',0,0,'39',0,0,'44',0,0,'49',0,0,'54',0,0,'59',0,0,631),(225,0,0,'30','09','04',0,0,'09',0,0,'14',0,0,'19',0,0,'24',0,0,'29',0,0,'34',0,0,'39',0,0,'44',0,0,'49',0,0,'54',0,0,'59',0,0,631),(226,0,0,'30','10','04',0,0,'09',0,0,'14',0,0,'19',0,0,'24',0,0,'29',0,0,'34',0,0,'39',0,0,'44',0,0,'49',0,0,'54',0,0,'59',0,0,631),(227,0,0,'30','11','04',0,0,'09',0,0,'14',0,0,'19',0,0,'24',0,0,'29',0,0,'34',0,0,'39',0,0,'44',0,0,'49',0,0,'54',0,0,'59',0,0,631),(228,0,0,'30','12','04',0,0,'09',0,0,'14',0,0,'19',0,0,'24',0,0,'29',0,0,'34',0,0,'39',0,0,'44',0,0,'49',0,0,'54',1,1,'59',0,0,631),(229,0,0,'30','13','04',0,0,'09',0,0,'14',1,1,NULL,0,0,NULL,0,0,NULL,0,0,NULL,0,0,NULL,0,0,NULL,0,0,NULL,0,0,NULL,0,0,NULL,0,0,631),(230,0,0,'30','16','19',0,0,'22',2,3,NULL,0,0,NULL,0,0,NULL,0,0,NULL,0,0,NULL,0,0,NULL,0,0,NULL,0,0,NULL,0,0,NULL,0,0,NULL,0,0,631);
/*!40000 ALTER TABLE `bpain12` ENABLE KEYS */;
UNLOCK TABLES;

--
-- Table structure for table `bpainhed`
--

DROP TABLE IF EXISTS `bpainhed`;
/*!40101 SET @saved_cs_client     = @@character_set_client */;
/*!50503 SET character_set_client = utf8mb4 */;
CREATE TABLE `bpainhed` (
  `id` bigint unsigned NOT NULL AUTO_INCREMENT,
  `backpainno` int NOT NULL,
  `helperno` int NOT NULL,
  `ymd` char(8) CHARACTER SET utf8mb4 COLLATE utf8mb4_unicode_ci NOT NULL,
  `hms` char(6) CHARACTER SET utf8mb4 COLLATE utf8mb4_unicode_ci NOT NULL,
  `fxc` int NOT NULL DEFAULT '0',
  `fxt` char(6) CHARACTER SET utf8mb4 COLLATE utf8mb4_unicode_ci DEFAULT NULL,
  `fxa` char(4) CHARACTER SET utf8mb4 COLLATE utf8mb4_unicode_ci DEFAULT NULL,
  `txc` int NOT NULL DEFAULT '0',
  `txt` char(6) CHARACTER SET utf8mb4 COLLATE utf8mb4_unicode_ci DEFAULT NULL,
  `txa` char(4) CHARACTER SET utf8mb4 COLLATE utf8mb4_unicode_ci DEFAULT NULL,
  `risk` double(8,2) NOT NULL DEFAULT '0.00',
  `sthms` char(6) CHARACTER SET utf8mb4 COLLATE utf8mb4_unicode_ci DEFAULT NULL,
  `edhms` char(6) CHARACTER SET utf8mb4 COLLATE utf8mb4_unicode_ci DEFAULT NULL,
  `alhms` char(6) CHARACTER SET utf8mb4 COLLATE utf8mb4_unicode_ci DEFAULT NULL,
  `flim` int NOT NULL DEFAULT '0',
  `hplim` int NOT NULL DEFAULT '0',
  `hmlim` int NOT NULL DEFAULT '0',
  `wearableno` int NOT NULL,
  PRIMARY KEY (`id`),
  UNIQUE KEY `bpainhed_id_unique` (`id`)
) ENGINE=InnoDB AUTO_INCREMENT=681 DEFAULT CHARSET=utf8mb4 COLLATE=utf8mb4_unicode_ci;
/*!40101 SET character_set_client = @saved_cs_client */;

--
-- Dumping data for table `bpainhed`
--

LOCK TABLES `bpainhed` WRITE;
/*!40000 ALTER TABLE `bpainhed` DISABLE KEYS */;
INSERT INTO `bpainhed` VALUES (509,29,325,'20220630','140833',25,'000233','0006',39,'000159','0003',62.00,'140833','141500','000627',20,5,-5,0),(510,29,325,'20220630','150018',43,'000212','0003',46,'000133','0002',62.00,'150002','150710','000708',20,5,-5,0),(511,29,325,'20220630','152122',24,'000131','0003',24,'000123','0003',62.00,'152122','152743','000621',20,5,-5,0),(512,29,325,'20220630','154334',23,'000125','0003',24,'000117','0003',62.00,'154314','154737','000423',20,5,-5,0),(513,29,325,'20220630','154828',16,'000057','0003',19,'000048','0002',55.00,'154737','155140','000403',20,5,-5,0),(514,29,325,'20220629','155216',19,'000113','0003',20,'000114','0003',59.00,'155140','155539','000359',20,5,-5,0),(515,1,326,'20220708','163104',1440,'021541','0005',1528,'005657','0002',56.00,'163104','095626','172522',20,5,-5,0),(516,1,329,'20220710','073449',262,'001342','0003',247,'001005','0002',40.00,'073449','151104','073615',20,5,-5,0),(517,33,340,'20220709','094637',1531,'022656','0005',2047,'014725','0003',67.00,'094637','180820','082143',20,5,-5,0),(518,29,341,'20220709','115925',1476,'021007','0005',1908,'015014','0003',64.00,'115925','201238','081313',20,5,-5,0),(519,33,347,'20220710','162823',889,'085309','0035',975,'84914','0032',64.00,'162823','093247','170424',20,5,-5,0),(520,34,349,'20220709','095045',595,'004740','0004',618,'003449','0003',36.00,'095045','181251','082206',20,5,-5,0),(521,34,358,'20220710','071615',1591,'024129','0006',2224,'023734','0004',77.00,'071615','151016','075401',20,5,-5,0),(522,1,359,'20220709','120518',1349,'020034','0005',1765,'015320','0003',77.00,'120518','201324','080806',20,5,-5,0),(523,29,360,'20220708','164221',2481,'041248','0006',3278,'024740','0003',77.00,'164221','093645','165424',20,5,-5,0),(524,33,364,'20220711','093942',1091,'015702','0006',1307,'005708','0002',64.00,'093942','162423','064441',20,5,-5,0),(525,1,365,'20220711','092550',562,'011743','0008',639,'011505','0007',64.00,'092550','162025','065435',20,5,-5,0),(526,29,366,'20220710','070145',1913,'025659','0005',2475,'024803','0004',64.00,'070145','150848','080703',20,5,-5,0),(527,0,1,'20220715','141230',5,'17','0003',4,'000024','0006',52.00,'141230','141322','000052',20,5,-5,0),(528,0,1,'20220715','141247',1,'000003','0003',1,'000001','0001',52.00,'141247','141251','000004',20,5,-5,0),(530,18,257,'20220707','082302',260,'001257','0002',243,'001244','0003',40.00,'082302','174256','091954',20,5,-5,0),(531,18,257,'20220708','073216',209,'000658','0002',178,'000523','0001',35.00,'073216','174249','101033',20,5,-5,0),(532,3,257,'20220708','082115',106,'000725','0004',110,'000526','0002',40.00,'082115','170514','084359',20,5,-5,0),(533,3,257,'20220708','115720',292,'001356','0002',236,'000946','0002',39.00,'115720','212515','092755',20,5,-5,0),(534,3,257,'20220708','163941',341,'060519','0104',324,'060012','0106',69.00,'163941','104828','180847',20,5,-5,0),(535,3,257,'20220708','163504',414,'002946','0004',391,'001958','0003',40.00,'163504','095453','171949',20,5,-5,0),(536,3,257,'20220708','072207',577,'012840','0009',554,'005115','0005',53.00,'072207','165807','093600',20,5,-5,0),(537,17,258,'20220708','115824',279,'001119','0002',267,'001202','0002',32.00,'115824','204901','085037',20,5,-5,0),(538,17,258,'20220709','161926',162,'001515','0005',148,'546','0002',34.00,'161926','100522','174556',20,5,-5,0),(539,17,258,'20220711','81705',199,'001001','0003',196,'000948','0003',32.00,'081705','172750','091045',20,5,-5,0),(540,17,258,'20220713','071511',108,'000603','0003',113,'000547','0003',32.00,'071511','160422','084911',20,5,-5,0),(541,17,258,'20220714','081447',446,'002326','0003',491,'002147','0002',34.00,'081447','152808','071321',20,5,-5,0),(542,17,258,'20220715','163002',541,'090933','0100',590,'002655','0002',50.00,'163002','093421','170419',20,5,-5,0),(543,3,259,'20220707','155522',1357,'012103','0003',1523,'010227','0002',44.00,'155522','100744','181222',20,5,-5,0),(544,18,259,'20220710','074750',269,'000758','0001',236,'000847','0002',42.00,'074750','170837','092047',20,5,-5,0),(545,28,259,'20220712','081920',1034,'011241','0004',1261,'004230','0002',56.00,'081920','171306','085346',20,5,-5,0),(546,28,259,'20220713','073453',1118,'011329','0003',1192,'004320','0002',56.00,'073453','172027','094534',20,5,-5,0),(547,28,259,'20220714','112025',1412,'12219','0003',1581,'005305','0002',56.00,'112025','204910','092845',20,5,-5,0),(548,28,259,'20220715','073729',1581,'015400','0004',1975,'11120','0002',68.00,'073729','170452','092723',20,5,-5,0),(549,20,260,'20220709','073025',1143,'011238','0003',1124,'014703','0005',72.00,'073025','171614','094549',20,5,-5,0),(550,20,260,'20220710','072842',1153,'013705','0005',1430,'010717','0002',72.00,'072842','170917','094035',20,5,-5,0),(551,20,260,'20220711','160210',2084,'24307','0004',2732,'020630','0002',72.00,'160210','103002','182752',20,5,-5,0),(552,20,260,'20220715','072254',290,'001952','0004',327,'001204','0002',40.00,'072254','161106','084812',20,5,-5,0),(553,20,260,'20220716','121222',1182,'011109','0003',1262,'011818','0003',72.00,'121222','205310','084048',20,5,-5,0),(554,20,260,'20220717','162528',1512,'014445','0004',1750,'14532','0003',44.00,'162528','102632','180104',20,5,-5,0),(555,33,326,'20220713','120847',1049,'012257','0004',1302,'005215','0002',72.00,'120847','201651','080804',20,5,-5,0),(556,1,326,'20220717','121201',968,'010202','0003',1026,'003557','0002',56.00,'121201','201819','080618',20,5,-5,0),(557,2,327,'20220708','163558',1027,'020842','0007',1454,'012506','0003',69.00,'163558','030517','102919',20,5,-5,0),(558,21,328,'20220711','082348',31,'343','0007',32,'000151','0003',40.00,'082348','103247','020859',20,5,-5,0),(559,29,328,'20220712','162259',1335,'053947','0015',1612,'011215','0002',56.00,'162259','094130','171831',20,5,-5,0),(560,2,329,'20220714','065953',761,'013230','0007',829,'004244','0003',56.00,'065953','154436','084443',20,5,-5,0),(561,2,333,'20220709','115441',401,'002618','0003',397,'001604','0002',36.00,'115441','180439','060958',20,5,-5,0),(562,2,335,'20220711','085956',231,'21704','0035',251,'000842','0002',49.00,'085956','162301','072305',20,5,-5,0),(563,33,336,'20220712','162049',1355,'070310','0018',1584,'095236','0022',72.00,'162049','094039','171950',20,5,-5,0),(564,2,337,'20220713','094806',212,'1255','0003',226,'001904','0005',38.00,'094806','185502','090656',20,5,-5,0),(565,1,337,'20220714','071257',101,'000505','0003',96,'000502','0003',38.00,'071257','121022','045725',20,5,-5,0),(566,34,339,'20220712','161658',1153,'014211','0005',1463,'012045','0003',38.00,'161658','093715','172017',20,5,-5,0),(567,33,340,'20220718','070550',1125,'030624','0009',1368,'011415','0003',67.00,'070550','165922','095332',20,5,-5,0),(568,1,341,'20220716','164602',1624,'014856','0004',1546,'010621','0002',48.00,'164602','094314','165712',20,5,-5,0),(569,2,342,'20220712','085533',602,'005810','0005',777,'004506','0003',50.00,'085533','170134','080601',20,5,-5,0),(570,33,342,'20220716','085932',577,'004430','0004',634,'3556','0003',50.00,'085932','160925','070953',20,5,-5,0),(571,21,343,'20220708','162453',30,'000559','0011',34,'000127','0002',25.00,'162453','183243','020750',20,5,-5,0),(572,34,343,'20220718','070114',311,'002006','0003',328,'001146','0002',31.00,'070114','165629','095515',20,5,-5,0),(573,21,344,'20220714','085400',50,'432','0005',42,'000121','0001',31.00,'085400','110326','020926',20,5,-5,0),(574,33,345,'20220714','122929',1565,'033714','0008',2351,'023020','0003',69.00,'122929','210530','083601',20,5,-5,0),(575,29,345,'20220718','071746',424,'004247','0006',397,'001746','0002',40.00,'071746','170037','094251',20,5,-5,0),(576,34,346,'20220714','070231',190,'054316','148',185,'545','0001',49.00,'070231','154559','084328',20,5,-5,0),(577,29,347,'20220716','090301',855,'021335','0009',1003,'011740','0004',64.00,'090301','174226','083925',20,5,-5,0),(578,29,347,'20220717','095847',615,'003150','0003',662,'002429','0002',36.00,'095847','180920','081033',20,5,-5,0),(579,2,348,'20220717','120352',671,'010224','0005',771,'3747','0002',53.00,'120352','201146','080754',20,5,-5,0),(580,21,349,'20220710','070741',29,'000104','0002',26,'000056','0002',30.00,'070741','091651','020910',20,5,-5,0),(581,21,350,'20220713','095852',80,'000251','0002',80,'000210','0001',30.00,'095852','120830','020938',20,5,-5,0),(582,33,350,'20220714','070829',330,'004732','0008',388,'002727','0004',48.00,'070829','120321','045452',20,5,-5,0),(583,2,350,'20220716','163701',526,'045047','33',543,'003657','0004',48.00,'163701','093027','165326',20,5,-5,0),(584,2,351,'20220710','072310',472,'3254','0004',400,'001815','0002',38.00,'72310','151145','074835',20,5,-5,0),(585,1,351,'20220712','162648',1922,'063546','0012',2343,'32250','0005',67.00,'162648','094202','171514',20,5,-5,0),(586,34,353,'20220716','163027',1048,'010923','0003',786,'045815','0022',64.00,'163027','092703','165636',20,5,-5,0),(587,34,356,'20220713','120138',1109,'013124','0004',1397,'011344','0003',69.00,'120138','200346','080208',20,5,-5,0),(588,33,356,'20220717','100526',1246,'012625','0004',1447,'011015','0002',69.00,'100526','180653','080127',20,5,-5,0),(589,2,356,'20220718','071533',690,'004656','0004',754,'003429','0002',40.00,'071533','165734','094201',20,5,-5,0),(590,34,357,'20220717','120025',1167,'013221','0004',1407,'005806','0002',72.00,'120025','201248','081223',20,5,-5,0),(591,29,358,'20220714','065658',1563,'034222','0008',2519,'015426','0002',77.00,'065658','154706','085008',20,5,-5,0),(592,1,358,'20220715','093531',674,'011353','0006',971,'005201','0003',77.00,'093531','153417','055846',20,5,-5,0),(593,1,359,'20220713','120417',1102,'013156','0005',1279,'010943','0003',77.00,'120417','200616','080159',20,5,-5,0),(594,1,360,'20220714','121703',1432,'014516','0004',1642,'013915','0003',77.00,'121703','210145','084442',20,5,-5,0),(595,1,360,'20220718','071401',1106,'013937','0005',1447,'030725','0007',77.00,'071401','165820','094419',20,5,-5,0),(596,29,361,'20220715','092257',567,'003349','0003',513,'002154','0002',31.00,'092257','153239','060942',20,5,-5,0),(597,33,362,'20220715','094355',863,'5908','0004',1029,'004059','0002',77.00,'094355','162032','063637',20,5,-5,0),(598,21,364,'20220714','123618',117,'000940','0004',113,'001118','0006',36.00,'123618','144547','020929',20,5,-5,0),(599,2,364,'20220715','93123',606,'004226','0004',622,'003455','0003',48.00,'093123','153320','060157',20,5,-5,0),(600,34,365,'20220715','093421',1195,'013122','0004',1325,'021403','0006',64.00,'093421','153348','055927',20,5,-5,0),(601,0,368,'20220803','160235',6,'000049','0008',4,'000151','0027',59.00,'160235','160432','000157',20,5,-5,0),(602,0,368,'20220803','162028',1,'000010','0010',0,'000000','0000',38.00,'162028','162054','000026',20,5,-5,0),(603,0,369,'20220803','160336',1,'000001','0001',1,'000002','0002',26.00,'160336','160501','000125',20,5,-5,0),(604,0,370,'20220805','132341',20,'000301','0009',18,'000940','0032',63.00,'132341','134030','001649',20,5,-5,0),(605,0,371,'20220823','075554',5,'000024','0004',4,'16','0004',31.00,'075554','84440','4846',20,5,-5,0),(606,15,374,'20220905','090724',171,'005019','0017',194,'000706','0002',46.00,'090724','153221','062457',20,5,-5,0),(607,14,375,'20220907','091102',580,'014258','0010',666,'13844','0008',72.00,'091102','153909','062807',20,5,-5,0),(608,12,376,'20220907','090637',516,'013217','0010',475,'015746','0014',69.00,'090637','181535','090858',20,5,-5,0),(609,11,372,'20220903','091244',1661,'030013','0006',2163,'012839','0002',67.00,'091244','170348','075104',20,5,-5,0),(610,10,373,'20220903','090218',1146,'013754','0005',1490,'011202','0002',77.00,'090218','180059','085841',20,5,-5,0),(612,0,116,'20221116','163845',3,'000036','0012',8,'000022','0002',54.00,'163845','164021','000136',20,5,-5,0),(613,0,116,'20221122','111650',739,'011721','0006',521,'003130','0003',49.00,'111650','195420','083730',20,5,-5,0),(614,0,116,'20221123','071931',3,'000019','0006',4,'23','0005',53.00,'071931','071951','000020',20,5,-5,0),(615,0,116,'20221125','172734',1,'000020','0020',3,'000013','0004',53.00,'172734','172821','000047',20,5,-5,0),(616,0,119,'20221120','110827',2,'000004','0002',2,'000005','0002',53.00,'110827','110858','000031',20,5,-5,0),(617,0,119,'20221126','110018',0,'000000','0000',0,'000000','0000',53.00,'110827','110858','000031',20,5,-5,0),(618,0,119,'20221201','110422',1469,'030751','0007',1472,'015330','0004',67.00,'110422','194945','084523',20,5,-5,0),(619,0,322,'20221204','110952',10,'000110','0007',7,'000130','0012',34.00,'110952','195950','084958',20,5,-5,0),(620,0,320,'20221230','131359',297,'003946','0008',362,'2221','0003',69.00,'131359','152713','021314',20,5,-5,0),(621,0,116,'20221204','073830',1360,'023807','0006',1373,'015400','0004',67.00,'073830','160308','082438',20,5,-5,0),(622,0,116,'20221205','170405',1097,'021518','0007',960,'015427','0007',67.00,'170405','065850','135445',20,5,-5,0),(623,0,324,'20221124','111115',1068,'015833','0006',978,'011010','0004',71.00,'111115','195905','084750',20,5,-5,0),(624,0,324,'20221213','165836',1766,'041455','0008',1635,'020839','0004',72.00,'165836','070326','140450',20,5,-5,0),(625,0,130,'20230102','072427',20,'516','0015',11,'000120','0007',33.00,'072427','161658','085231',20,5,-5,0),(626,0,320,'20230101','192009',1650,'052708','0011',1940,'033818','0006',69.00,'192009','073405','121356',20,5,-5,0),(627,0,321,'20221226','122621',1122,'22617','0007',1097,'4553','0002',72.00,'122621','200226','73605',20,5,-5,0),(628,0,321,'20221228','190522',1856,'052853','0010',2244,'014223','0002',72.00,'190522','082354','131832',20,5,-5,0),(629,0,323,'20221231','110007',18,'003813','0207',23,'000402','0010',34.00,'110007','200125','090118',20,5,-5,0),(630,0,323,'20230101','110019',10,'002646','0240',8,'000056','0007',34.00,'110019','200221','090202',20,5,-5,0),(631,0,323,'20221230','070429',8,'000808','0101',10,'000718','0043',34.00,'070429','162217','091748',20,5,-5,0),(632,0,381,'20230119','084333',541,'011946','0008',317,'004012','0007',72.00,'084333','141800','053427',20,5,-5,0),(633,0,382,'20230119','084646',98,'001153','0007',71,'000509','0004',38.00,'084646','141357','052711',20,5,-5,0),(634,0,383,'20230119','084454',99,'001335','0008',59,'000314','0003',31.00,'084454','141341','052847',20,5,-5,0),(635,0,385,'20230119','084553',292,'021208','0027',260,'003119','0007',48.00,'084553','142248','053655',20,5,-5,0),(636,0,386,'20230307','171507',824,'11751','0005',631,'3456','0003',39.00,'171507','091433','155926',20,5,-5,0),(637,0,386,'20230310','104458',477,'003646','0004',384,'2005','0003',39.00,'104458','185911','081413',20,5,-5,0),(638,0,386,'20230312','085945',294,'002152','0004',238,'1349','0003',39.00,'085945','172556','082611',20,5,-5,0),(639,0,387,'20230317','172110',1558,'073649','0017',1508,'014509','0004',65.00,'172110','085317','153207',20,5,-5,0),(640,0,388,'20230315','065912',1448,'044554','0011',1365,'012658','0003',68.00,'065912','151540','081628',20,5,-5,0),(641,0,389,'20230310','104708',1102,'032630','0011',1102,'024145','0008',54.00,'104708','190310','081602',20,5,-5,0),(642,0,390,'20230306','104518',2247,'050751','0008',1963,'014857','0003',54.00,'104518','104944','000426',20,5,-5,0),(643,0,390,'20230316','170917',2742,'092128','0012',3332,'032338','0003',71.00,'170917','091820','160903',20,5,-5,0),(644,0,390,'20230319','090548',1374,'034346','0009',1743,'030737','0006',71.00,'090548','153301','062713',20,5,-5,0),(645,0,391,'20230306','085124',1198,'43424','0013',925,'080122','0031',71.00,'085124','172903','083739',20,5,-5,0),(646,0,392,'20230314','065644',1514,'033454','0008',1821,'24621','0005',71.00,'065644','151936','082252',20,5,-5,0),(647,0,393,'20230310','173112',2278,'074834','0012',2681,'045707','0006',63.00,'173112','092821','155709',20,5,-5,0),(648,0,393,'20230314','103908',660,'021117','0011',698,'021443','0011',63.00,'103908','193530','085622',20,5,-5,0),(649,0,393,'20230317','092144',1213,'024118','0007',1370,'023741','0006',63.00,'092144','153435','061251',20,5,-5,0),(650,0,393,'20230318','104048',1957,'042047','0007',2228,'032125','0005',63.00,'104048','191603','083515',20,5,-5,0),(651,0,394,'20230306','103342',1680,'041817','0009',2537,'030509','0004',71.00,'103342','185813','082431',20,5,-5,0),(652,0,394,'20230316','085123',1369,'042041','0011',1308,'022159','0006',71.00,'085123','174303','085140',20,5,-5,0),(653,0,394,'20230318','104213',1641,'050220','0011',2034,'024934','0005',71.00,'104213','192319','084106',20,5,-5,0),(654,0,395,'20230313','164228',427,'005026','0007',480,'002803','0003',71.00,'164228','191333','023105',20,5,-5,0),(655,0,395,'20230318','170628',1327,'054210','0015',1619,'015114','0004',71.00,'170628','092139','161511',20,5,-5,0),(656,0,397,'20230314','091415',1643,'043233','0009',1316,'030501','0008',63.00,'091415','173712','082257',20,5,-5,0),(657,0,397,'20230315','170654',1893,'044826','0009',1932,'055839','0011',63.00,'170654','85815','155121',20,5,-5,0),(658,0,398,'20230313','170708',1163,'024642','0008',1419,'012441','0003',46.00,'170708','091345','160637',20,5,-5,0),(659,0,398,'20230319','104407',1554,'031455','0007',1646,'13415','0003',63.00,'104407','191037','082630',20,5,-5,0),(660,0,400,'20230308','171351',126,'023714','114',103,'004748','0027',46.00,'171351','091446','160055',20,5,-5,0),(661,0,400,'20230311','092709',554,'005320','0005',433,'004609','0006',46.00,'92709','173900','081151',20,5,-5,0),(662,0,401,'20230312','102943',1477,'043842','0011',1399,'052713','0014',75.00,'102943','191558','084615',20,5,-5,0),(663,0,403,'20230313','070742',226,'011706','0020',268,'001736','0003',46.00,'070742','151542','080800',20,5,-5,0),(664,0,405,'20230314','092913',888,'012625','0005',709,'010426','0005',71.00,'092913','180409','083456',20,5,-5,0),(665,406,406,'20230317','093950',1716,'020809','0004',1504,'021623','0005',65.00,'093950','173806','075816',20,5,-5,2),(666,0,407,'20230316','094601',1094,'023532','0008',876,'042023','0017',71.00,'094601','180226','081625',20,5,-5,0),(667,0,408,'20230313','093655',687,'015130','0009',1004,'011438','0004',68.00,'093655','131130','033435',20,5,-5,0),(668,21,446,'20230525','131457',379,'004020','0006',536,'003758','0004',65.00,'131457','152424','020927',20,5,-5,0),(669,20,449,'20230531','162717',54,'000212','0002',41,'000207','0003',24.00,'162717','093727','171010',20,5,-5,0),(671,3,445,'20230524','091508',140,'000646','0002',127,'000643','0003',36.00,'091508','160056','064548',20,5,-5,0),(672,3,449,'20230528','111136',25,'000050','0002',22,'000043','0001',24.00,'111136','200457','085321',20,5,-5,0),(673,3,451,'20230525','073810',676,'013300','0008',461,'025555','0022',71.00,'073810','163610','085800',20,5,-5,0),(674,2,452,'20230528','095725',863,'005451','0003',888,'010551','0004',75.00,'095725','190529','090804',20,5,-5,0),(675,29,78,'20230524','163856',2479,'033603','0005',3333,'025339','0003',68.00,'163856','092019','164123',20,5,-5,0),(676,29,78,'20230531','090557',1301,'014437','0004',1537,'023408','0006',68.00,'090557','200144','105547',20,5,-5,0),(677,29,444,'20230530','090406',90,'000315','0002',84,'000355','0002',33.00,'090406','180222','085816',20,5,-5,0),(678,2,111,'20230524','091346',210,'001417','0004',202,'000632','0001',35.00,'091346','164010','072624',20,5,-5,0),(679,5,5506,'20230608','085329',542,'020032','0013',703,'024115','0013',68.00,'085329','165935','080606',20,5,-5,0),(680,29,494,'20230524','163856',2479,'033603','0005',3333,'025339','0003',68.00,'163856','092019','164123',20,5,-5,0);
/*!40000 ALTER TABLE `bpainhed` ENABLE KEYS */;
UNLOCK TABLES;

--
-- Table structure for table `codetbl`
--

DROP TABLE IF EXISTS `codetbl`;
/*!40101 SET @saved_cs_client     = @@character_set_client */;
/*!50503 SET character_set_client = utf8mb4 */;
CREATE TABLE `codetbl` (
  `codeno` int NOT NULL,
  `dispno` int NOT NULL,
  `value` int NOT NULL DEFAULT '0',
  `selectname` char(50) CHARACTER SET utf8mb4 COLLATE utf8mb4_unicode_ci DEFAULT NULL
) ENGINE=InnoDB DEFAULT CHARSET=utf8mb4 COLLATE=utf8mb4_unicode_ci;
/*!40101 SET character_set_client = @saved_cs_client */;

--
-- Dumping data for table `codetbl`
--

LOCK TABLES `codetbl` WRITE;
/*!40000 ALTER TABLE `codetbl` DISABLE KEYS */;
INSERT INTO `codetbl` VALUES (1,1,1,''),(1,2,2,''),(1,3,3,''),(2,1,1,''),(2,2,2,''),(2,3,3,''),(2,4,4,''),(2,5,5,''),(2,6,6,''),(2,7,7,''),(2,8,8,''),(2,9,9,''),(3,1,1,''),(3,2,2,''),(3,3,3,''),(3,4,4,''),(4,1,1,''),(4,2,2,''),(5,10,10,''),(2,10,10,'');
/*!40000 ALTER TABLE `codetbl` ENABLE KEYS */;
UNLOCK TABLES;

--
-- Table structure for table `errtbl`
--

DROP TABLE IF EXISTS `errtbl`;
/*!40101 SET @saved_cs_client     = @@character_set_client */;
/*!50503 SET character_set_client = utf8mb4 */;
CREATE TABLE `errtbl` (
  `codeno` int NOT NULL,
  `error` char(50) CHARACTER SET utf8mb4 COLLATE utf8mb4_unicode_ci DEFAULT NULL
) ENGINE=InnoDB DEFAULT CHARSET=utf8mb4 COLLATE=utf8mb4_unicode_ci;
/*!40101 SET character_set_client = @saved_cs_client */;

--
-- Dumping data for table `errtbl`
--

LOCK TABLES `errtbl` WRITE;
/*!40000 ALTER TABLE `errtbl` DISABLE KEYS */;
INSERT INTO `errtbl` VALUES (1,''),(2,''),(3,''),(4,''),(5,''),(6,''),(7,''),(8,''),(9,''),(10,''),(11,''),(12,''),(13,'Client,ID'),(14,'Client,Secret'),(15,''),(16,'Excel'),(17,''),(18,''),(19,''),(20,''),(21,''),(22,''),(23,''),(24,''),(25,''),(26,''),(27,''),(28,''),(29,''),(30,''),(31,''),(32,''),(33,''),(35,''),(36,''),(37,''),(39,''),(38,'CSV'),(40,'00:0023:59'),(34,''),(41,'Excel'),(42,'jpg'),(43,'\r\n');
/*!40000 ALTER TABLE `errtbl` ENABLE KEYS */;
UNLOCK TABLES;

--
-- Table structure for table `facility`
--

DROP TABLE IF EXISTS `facility`;
/*!40101 SET @saved_cs_client     = @@character_set_client */;
/*!50503 SET character_set_client = utf8mb4 */;
CREATE TABLE `facility` (
  `id` bigint unsigned NOT NULL AUTO_INCREMENT,
  `facility` char(20) CHARACTER SET utf8mb4 COLLATE utf8mb4_unicode_ci NOT NULL,
  `pass` char(2) CHARACTER SET utf8mb4 COLLATE utf8mb4_unicode_ci DEFAULT NULL,
  `address` char(100) CHARACTER SET utf8mb4 COLLATE utf8mb4_unicode_ci DEFAULT NULL,
  `tel` char(16) CHARACTER SET utf8mb4 COLLATE utf8mb4_unicode_ci DEFAULT NULL,
  `mail` char(40) CHARACTER SET utf8mb4 COLLATE utf8mb4_unicode_ci DEFAULT NULL,
  `item1` int NOT NULL DEFAULT '0',
  `item2` int NOT NULL DEFAULT '0',
  `item3` int NOT NULL DEFAULT '0',
  `item4` int NOT NULL DEFAULT '0',
  `item5` int NOT NULL DEFAULT '0',
  `item6` int NOT NULL DEFAULT '0',
  `item7` int NOT NULL DEFAULT '0',
  `item8` int NOT NULL DEFAULT '0',
  `item9` int NOT NULL DEFAULT '0',
  `item10` int NOT NULL DEFAULT '0',
  `item11` int NOT NULL DEFAULT '0',
  `item12` int NOT NULL DEFAULT '0',
  `item13` int NOT NULL DEFAULT '0',
  `item14` int NOT NULL DEFAULT '0',
  `item15` int NOT NULL DEFAULT '0',
  `item16` int NOT NULL DEFAULT '0',
  `item17` double(8,2) NOT NULL DEFAULT '0.00',
  `item18` int NOT NULL DEFAULT '0',
  `item19` int NOT NULL DEFAULT '0',
  `item20` int NOT NULL DEFAULT '0',
  `item21` double(8,2) NOT NULL DEFAULT '0.00',
  `item22` int NOT NULL DEFAULT '0',
  `item23` int NOT NULL DEFAULT '0',
  `item24` int NOT NULL DEFAULT '0',
  `item25` double(8,2) NOT NULL DEFAULT '0.00',
  `item26` int NOT NULL DEFAULT '0',
  `item27` int NOT NULL DEFAULT '0',
  `item28` int NOT NULL DEFAULT '0',
  `item29` double(8,2) NOT NULL DEFAULT '0.00',
  `item30` int NOT NULL DEFAULT '0',
  `item31` int NOT NULL DEFAULT '0',
  `item32` int NOT NULL DEFAULT '0',
  `item33` int NOT NULL DEFAULT '0',
  `item34` int NOT NULL DEFAULT '0',
  `item35` int NOT NULL DEFAULT '0',
  `item36` int NOT NULL DEFAULT '0',
  `item37` int NOT NULL DEFAULT '0',
  `item38` int NOT NULL DEFAULT '0',
  `item39` int NOT NULL DEFAULT '0',
  `item40` double(8,2) NOT NULL DEFAULT '0.00',
  `item41` int NOT NULL DEFAULT '0',
  `item42` int NOT NULL DEFAULT '0',
  `item43` double(8,2) NOT NULL DEFAULT '0.00',
  `item44` int NOT NULL DEFAULT '0',
  `item45` int NOT NULL DEFAULT '0',
  `item46` double(8,2) NOT NULL DEFAULT '0.00',
  `item47` int NOT NULL DEFAULT '0',
  `item48` double(8,2) NOT NULL DEFAULT '0.00',
  `item49` int NOT NULL DEFAULT '0',
  `item50` int NOT NULL DEFAULT '0',
  `item51` int NOT NULL DEFAULT '0',
  `item52` int NOT NULL DEFAULT '0',
  `item53` int NOT NULL DEFAULT '0',
  `item54` int NOT NULL DEFAULT '0',
  `item55` int NOT NULL DEFAULT '0',
  `item56` int NOT NULL DEFAULT '0',
  `item57` int NOT NULL DEFAULT '0',
  `item58` int NOT NULL DEFAULT '0',
  `item59` int NOT NULL DEFAULT '0',
  `item60` int NOT NULL DEFAULT '0',
  `item61` int NOT NULL DEFAULT '0',
  `item62` int NOT NULL DEFAULT '0',
  `item63` int NOT NULL DEFAULT '0',
  `item64` int NOT NULL DEFAULT '0',
  `item65` int NOT NULL DEFAULT '0',
  `item66` double(8,2) NOT NULL DEFAULT '0.00',
  `item67` int NOT NULL DEFAULT '0',
  `currentfile` char(50) CHARACTER SET utf8mb4 COLLATE utf8mb4_unicode_ci DEFAULT NULL,
  `introfile` char(50) CHARACTER SET utf8mb4 COLLATE utf8mb4_unicode_ci DEFAULT NULL,
  `delflag` char(1) CHARACTER SET utf8mb4 COLLATE utf8mb4_unicode_ci NOT NULL DEFAULT '0',
  `pic1` char(1) CHARACTER SET utf8mb4 COLLATE utf8mb4_unicode_ci DEFAULT NULL,
  `pic2` char(1) CHARACTER SET utf8mb4 COLLATE utf8mb4_unicode_ci DEFAULT NULL,
  `pic3` char(1) CHARACTER SET utf8mb4 COLLATE utf8mb4_unicode_ci DEFAULT NULL,
  `pic4` char(1) CHARACTER SET utf8mb4 COLLATE utf8mb4_unicode_ci DEFAULT NULL,
  `pic5` char(1) CHARACTER SET utf8mb4 COLLATE utf8mb4_unicode_ci DEFAULT NULL,
  `pic6` char(1) CHARACTER SET utf8mb4 COLLATE utf8mb4_unicode_ci DEFAULT NULL,
  `pic7` char(1) CHARACTER SET utf8mb4 COLLATE utf8mb4_unicode_ci DEFAULT NULL,
  `pic8` char(1) CHARACTER SET utf8mb4 COLLATE utf8mb4_unicode_ci DEFAULT NULL,
  `pic9` char(1) CHARACTER SET utf8mb4 COLLATE utf8mb4_unicode_ci DEFAULT NULL,
  `pic10` char(1) CHARACTER SET utf8mb4 COLLATE utf8mb4_unicode_ci DEFAULT NULL,
  `pic11` char(1) CHARACTER SET utf8mb4 COLLATE utf8mb4_unicode_ci DEFAULT NULL,
  `pic12` char(1) CHARACTER SET utf8mb4 COLLATE utf8mb4_unicode_ci DEFAULT NULL,
  `pic13` char(1) CHARACTER SET utf8mb4 COLLATE utf8mb4_unicode_ci DEFAULT NULL,
  `pic14` char(1) CHARACTER SET utf8mb4 COLLATE utf8mb4_unicode_ci DEFAULT NULL,
  `pic15` char(1) CHARACTER SET utf8mb4 COLLATE utf8mb4_unicode_ci DEFAULT NULL,
  `pic16` char(1) CHARACTER SET utf8mb4 COLLATE utf8mb4_unicode_ci DEFAULT NULL,
  `pic17` char(1) CHARACTER SET utf8mb4 COLLATE utf8mb4_unicode_ci DEFAULT NULL,
  `pic18` char(1) CHARACTER SET utf8mb4 COLLATE utf8mb4_unicode_ci DEFAULT NULL,
  `pic19` char(1) CHARACTER SET utf8mb4 COLLATE utf8mb4_unicode_ci DEFAULT NULL,
  `pic20` char(1) CHARACTER SET utf8mb4 COLLATE utf8mb4_unicode_ci DEFAULT NULL,
  `insdatetime` timestamp NOT NULL,
  `insuserno` int DEFAULT NULL,
  `upddatetime` timestamp NOT NULL,
  `upduserno` int DEFAULT NULL,
  `item68` int NOT NULL,
  `item69` int NOT NULL,
  `item70` int NOT NULL,
  `item71` int NOT NULL,
  `item72` int NOT NULL,
  `questurl` text CHARACTER SET utf8mb4 COLLATE utf8mb4_unicode_ci,
  PRIMARY KEY (`id`),
  UNIQUE KEY `facility_id_unique` (`id`)
) ENGINE=InnoDB AUTO_INCREMENT=102 DEFAULT CHARSET=utf8mb4 COLLATE=utf8mb4_unicode_ci;
/*!40101 SET character_set_client = @saved_cs_client */;

--
-- Dumping data for table `facility`
--

LOCK TABLES `facility` WRITE;
/*!40000 ALTER TABLE `facility` DISABLE KEYS */;
INSERT INTO `facility` VALUES (42,'','1','845','575249570',NULL,0,0,0,0,0,0,0,0,0,0,0,0,0,0,0,0,2.10,0,0,0,0.00,0,0,0,0.00,0,0,0,0.00,0,0,0,0,0,0,0,0,0,0,0.00,0,0,0.00,0,0,0.00,0,0.00,0,0,0,0,0,0,0,0,0,0,0,0,0,0,0,0,0,0.00,0,'CurrentFile.xlsx','IntroFile.xlsx','0','0','0','0','0','0','0','0','0','0','0','0','0','0','0','0','0','0','0','0','0','2021-04-13 22:48:07',57,'2023-12-14 15:47:42',94,0,0,0,0,0,NULL),(43,'','10','7-1-16',NULL,'yamatesakuraen@krd.biglobe.ne.jp',70000,0,0,46,0,0,0,0,0,0,13,22,26,0,0,0,0.00,0,0,0,0.00,0,0,0,0.00,0,0,0,0.00,0,0,0,0,0,0,0,0,0,0,0.00,0,0,0.00,0,0,0.00,0,0.00,0,0,0,0,0,0,0,0,0,0,0,0,0,0,0,0,0,0.00,0,'CurrentFile.xlsx','IntroFile.xlsx','0','0','0','0','0','0','0','0','0','0','0','0','0','0','0','0','0','0','0','0','0','2021-04-22 00:00:05',57,'2024-02-14 10:38:32',97,0,0,0,0,0,'https://questant.jp/q/yamatesakura'),(44,'','1','891','766862500',NULL,0,0,0,0,0,0,0,0,0,0,0,0,0,0,0,0,0.00,0,0,0,0.00,0,0,0,0.00,0,0,0,0.00,0,0,0,0,0,0,0,0,0,0,0.00,0,0,0.00,0,0,0.00,0,0.00,0,0,0,0,0,0,0,0,0,0,0,0,0,0,0,0,0,0.00,0,NULL,NULL,'0','0','0','0','0','0','0','0','0','0','0','0','0','0','0','0','0','0','0','0','0','2021-04-26 04:54:59',63,'2024-01-04 10:18:16',97,0,0,0,0,0,NULL),(45,'','2','1-6-6','799223344','m_kimura@hwc.or.jp',90,10,0,90,5,0,5,240181,13952,2,26,30,32,73,3,3,12.00,63,9,1,2.00,18,18,1,2.00,26,4,1,6.00,0,0,1,20,7,2,180,1,14,27636,1.00,10,30,2.00,15,5,2.00,60,31.00,120,1,32,24,89,5,33,89,2,15,5,52,2,20,5,0,0,0.00,0,'CurrentFile.xlsx','IntroFile.xlsx','0','0','0','0','0','0','0','0','0','0','0','0','0','0','0','0','0','0','0','0','0','2021-05-06 01:37:46',57,'2023-12-27 09:31:27',97,1,0,0,0,0,'https://questant.jp/q/KKHYCEUQ'),(46,'','9',NULL,NULL,NULL,0,0,0,0,0,0,0,0,0,0,0,0,0,0,0,0,0.00,0,0,0,0.00,0,0,0,0.00,0,0,0,0.00,0,0,0,0,0,0,0,0,0,0,0.00,0,0,0.00,0,0,0.00,0,0.00,0,0,0,0,0,0,0,0,0,0,0,0,0,0,0,0,0,0.00,0,NULL,NULL,'1','0','0','0','0','0','0','0','0','0','0','0','0','0','0','0','0','0','0','0','0','2021-06-30 22:25:34',57,'2021-07-14 22:16:38',63,0,0,0,0,0,NULL),(47,'','5','49-3','6038231',NULL,29,10,0,21,9,0,2,25,0,0,4,16,9,17,0,1,20.00,17,14,5,6.00,17,14,5,6.00,13,2,3,20.00,90000,1,0,30,5,1,480,5,0,0,0.30,10,30,0.10,10,30,0.20,60,0.50,4,1,4,30,28,120,0,26,24,7,5,7,21,30,3,0,0,0.00,0,NULL,NULL,'0','0','0','0','0','0','0','0','0','0','0','0','0','0','0','0','0','0','0','0','0','2021-07-14 22:35:37',63,'2023-12-28 14:19:53',97,0,0,0,0,0,NULL),(48,'','1','1315-1',NULL,NULL,50,12,0,34,18,0,16,25,0,0,8,29,12,46,11,3,10.00,46,11,3,10.00,46,11,3,10.00,20,2,3,5.00,0,2,1,30,33,5,240,90,0,0,0.60,20,40,0.80,3,40,0.20,40,1.20,25,1,54,20,49,210,0,47,10,10,4,21,4,15,3,0,0,0.00,0,NULL,NULL,'0','0','0','0','0','0','0','0','0','0','0','0','0','0','0','0','0','0','0','0','0','2021-07-14 22:45:33',63,'2021-07-14 22:45:33',NULL,0,0,0,0,0,NULL),(49,'','1','',NULL,NULL,80,10,0,56,6,0,5,25,0,0,26,35,19,69,8,1,5.00,69,0,1,1.00,76,11,2,1.00,73,15,2,12.00,0,0,1,60,9,2,180,1,0,0,0.90,5,2,0.90,9,5,0.40,20,0.50,60,2,5,28,68,378,35,68,10,3,6,21,51,35,3,0,0,0.00,0,NULL,NULL,'0','0','0','0','0','0','0','0','0','0','0','0','0','0','0','0','0','0','0','0','0','2021-07-14 22:52:39',63,'2021-07-14 23:16:28',63,0,0,0,0,0,NULL),(50,'','1','',NULL,NULL,70,0,70,32,0,16,4,25,0,0,13,32,24,63,36,5,10.00,62,36,5,2.00,62,36,5,2.00,62,36,5,12.00,0,1,6,30,10,1,480,90,0,0,8.00,3,15,2.00,5,15,1.00,15,14.00,50,1,3,15,68,180,100,68,0,0,0,35,0,0,0,0,0,0.00,0,NULL,NULL,'0','0','0','0','0','0','0','0','0','0','0','0','0','0','0','0','0','0','0','0','0','2021-07-14 22:59:39',63,'2021-07-14 22:59:39',NULL,0,0,0,0,0,NULL),(51,'','1','',NULL,NULL,48,0,48,35,0,0,2,25,0,1,2,17,28,44,3,4,6.00,44,3,3,2.00,44,3,3,1.00,30,1,3,6.00,0,0,0,0,0,0,0,0,0,0,0.30,5,5,0.30,2,5,0.10,30,51.00,180,1,12,40,46,230,25,46,10,4,6,21,20,30,3,0,0,0.00,0,'CurrentFile.xlsx',NULL,'0','0','0','0','0','0','0','0','0','0','0','0','0','0','0','0','0','0','0','0','0','2021-07-14 23:13:41',63,'2023-12-14 15:44:09',94,0,0,0,0,0,NULL),(52,'','1','1216-6','482912120','info@kousei-sws.or.jp',133,113,20,83,73,10,7,276988,13736,0,0,0,0,0,0,0,0.00,0,0,0,0.00,0,0,0,0.00,0,0,0,0.00,0,0,0,0,0,0,0,0,0,0,0.00,0,0,0.00,0,0,0.00,0,0.00,0,0,0,0,0,0,0,0,0,0,0,0,0,0,0,0,0,0.00,0,'CurrentFile.xlsx',NULL,'0','0','0','0','0','0','0','0','0','0','0','0','0','0','0','0','0','0','0','0','0','2021-07-19 10:38:50',66,'2021-09-17 01:40:54',66,0,0,0,0,0,'https://questant.jp/q/HV1MMDXU'),(53,'','1','707','0799330503','h_yamaguchi@hwc.or.jp',20,20,0,12,12,0,1,212827,14550,0,9,9,2,12,1,10,6.00,15,1,10,1.00,15,1,30,1.00,9,0,10,8.00,0,0,0,0,1,1,480,90,28,9283,1.00,10,30,0.11,30,1,60.00,4,60.00,2,8,24,20,4,68,11,1,10,4,68,11,1,10,4,6,3,30.00,3,NULL,NULL,'0','0','0','0','0','0','0','0','0','0','0','0','0','0','0','0','0','0','0','0','0','2021-07-28 00:00:53',63,'2022-01-26 02:33:50',69,0,0,0,0,0,'https://questant.jp/q/SII2UOP5  '),(54,'','1','707','799330503','h_yamaguchi@hwc.or.jp',60,0,60,34,0,34,3,235188,11780,1,23,20,16,50,10,10,6.00,50,10,10,1.00,50,10,30,1.00,33,6,10,8.00,5580,12,1,30,4,1,480,90,38,6592,3.00,10,30,0.10,10,30,0.10,60,14.00,60,2,14,20,60,5,68,60,7,10,4,26,6,30,3,0,0,0.00,0,'CurrentFile.xlsx','IntroFile.xlsx','0','0','0','0','0','0','0','0','0','0','0','0','0','0','0','0','0','0','0','0','0','2021-08-02 23:01:01',57,'2022-05-11 02:08:43',63,0,0,0,0,0,'https://questant.jp/q/4GL1YV24'),(55,'','9','5-1-8',NULL,NULL,0,0,0,0,0,0,0,0,0,0,0,0,0,0,0,0,0.00,0,0,0,0.00,0,0,0,0.00,0,0,0,0.00,0,0,0,0,0,0,0,0,0,0,0.00,0,0,0.00,0,0,0.00,0,0.00,0,0,0,0,0,0,0,0,0,0,0,0,0,0,0,0,0,0.00,0,NULL,NULL,'1','0','0','0','0','0','0','0','0','0','0','0','0','0','0','0','0','0','0','0','0','2021-08-03 08:11:31',57,'2021-08-06 00:03:08',57,0,0,0,0,0,NULL),(56,'','1','425-11','787555671',NULL,60,0,0,0,0,0,0,0,0,0,0,0,0,0,0,0,0.00,0,0,0,0.00,0,0,0,0.00,0,0,0,0.00,0,0,0,0,0,0,0,0,0,0,0.00,0,0,0.00,0,0,0.00,0,0.00,0,0,0,0,0,0,0,0,0,0,0,0,0,0,0,0,0,0.00,0,NULL,NULL,'0','0','0','0','0','0','0','0','0','0','0','0','0','0','0','0','0','0','0','0','0','2021-08-06 05:51:48',57,'2021-08-06 05:51:48',NULL,0,0,0,0,0,NULL),(57,'','1',NULL,NULL,NULL,0,0,0,0,0,0,0,0,0,0,0,0,0,0,0,0,0.00,0,0,0,0.00,0,0,0,0.00,0,0,0,0.00,0,0,0,0,0,0,0,0,0,0,0.00,0,0,0.00,0,0,0.00,0,0.00,0,0,0,0,0,0,0,0,0,0,0,0,0,0,0,0,0,0.00,0,NULL,NULL,'1','0','0','0','0','0','0','0','0','0','0','0','0','0','0','0','0','0','0','0','0','2021-08-11 08:03:07',63,'2021-08-11 08:06:09',63,0,0,0,0,0,NULL),(58,'','2','','748378716','hureai202@honobonokai.com',50,50,0,37,37,0,3,240000,13000,0,9,18,0,16,6,5,7.00,16,6,8,4.00,16,6,8,4.00,6,0,8,4.00,0,0,1,45,10,6,480,60,10,2500,1.50,13,25,0.50,13,13,0.00,0,4.00,25,1,17,18,14,5,42,7,0,7,4,7,25,35,2,0,0,0.00,0,'CurrentFile.xlsx',NULL,'0','0','0','0','0','0','0','0','0','0','0','0','0','0','0','0','0','0','0','0','0','2021-08-24 22:40:45',57,'2023-12-27 09:31:39',97,0,0,0,0,0,'https://questant.jp/q/FSEIENWE'),(59,'','1','1-12-1','0333342159',NULL,0,0,0,0,0,0,0,0,0,0,0,0,0,0,0,0,0.00,0,0,0,0.00,0,0,0,0.00,0,0,0,0.00,0,0,0,0,0,0,0,0,0,0,0.00,0,0,0.00,0,0,0.00,0,0.00,0,0,0,0,0,0,0,0,0,0,0,0,0,0,0,0,0,0.00,0,NULL,NULL,'0',NULL,NULL,NULL,NULL,NULL,NULL,NULL,NULL,NULL,NULL,NULL,NULL,NULL,NULL,NULL,NULL,NULL,NULL,NULL,NULL,'2021-09-22 00:45:45',66,'2021-09-30 10:43:37',66,0,0,0,0,0,'https://questant.jp/q/T8OQZMZX'),(62,'yoke','1',NULL,NULL,NULL,0,0,0,0,0,0,0,0,0,0,0,0,0,0,0,0,0.00,0,0,0,0.00,0,0,0,0.00,0,0,0,0.00,0,0,0,0,0,0,0,0,0,0,0.00,0,0,0.00,0,0,0.00,0,0.00,0,0,0,0,0,0,0,0,0,0,0,0,0,0,0,0,0,0.00,0,'CurrentFile.xlsx','IntroFile.xlsx','1','0','0','0','0','0','0','0','0','0','0','0','0','0','0','0','0','0','0','0','0','2022-01-25 09:34:38',63,'2024-01-09 13:25:29',97,0,0,0,0,0,NULL),(63,'','1','','666063100','sanrakuen@oct.zaq.ne.jp',0,0,0,0,0,0,0,0,0,0,0,0,0,0,0,0,0.00,0,0,0,0.00,0,0,0,0.00,0,0,0,0.00,0,0,0,0,0,0,0,0,0,0,0.00,0,0,0.00,0,0,0.00,0,0.00,0,0,0,0,0,0,0,0,0,0,0,0,0,0,0,0,0,0.00,0,'CurrentFile.xlsx','IntroFile.xlsx','0','0','0','0','0','0','0','0','0','0','0','0','0','0','0','0','0','0','0','0','0','2022-01-26 03:11:15',57,'2024-03-29 16:54:04',97,0,0,0,0,0,NULL),(64,'s','1',NULL,NULL,NULL,0,0,0,0,0,0,0,0,0,0,0,0,0,0,0,0,0.00,0,0,0,0.00,0,0,0,0.00,0,0,0,0.00,0,0,0,0,0,0,0,0,0,0,0.00,0,0,0.00,0,0,0.00,0,0.00,0,0,0,0,0,0,0,0,0,0,0,0,0,0,0,0,0,0.00,0,NULL,NULL,'1','0','0','0','0','0','0','0','0','0','0','0','0','0','0','0','0','0','0','0','0','2023-12-18 09:32:12',94,'2023-12-18 09:32:12',94,0,0,0,0,0,NULL),(65,'a','1',NULL,NULL,NULL,0,0,0,0,0,0,0,0,0,0,0,0,0,0,0,0,0.00,0,0,0,0.00,0,0,0,0.00,0,0,0,0.00,0,0,0,0,0,0,0,0,0,0,0.00,0,0,0.00,0,0,0.00,0,0.00,0,0,0,0,0,0,0,0,0,0,0,0,0,0,0,0,0,0.00,0,NULL,NULL,'1','0','0','0','0','0','0','0','0','0','0','0','0','0','0','0','0','0','0','0','0','2023-12-18 09:32:29',94,'2023-12-18 09:32:29',94,0,0,0,0,0,NULL),(66,'ireniasa','1',NULL,NULL,NULL,0,0,0,0,0,0,0,1000000000,0,0,0,0,0,0,0,0,0.00,0,0,0,0.00,0,0,0,0.00,0,0,0,0.00,0,0,0,0,0,0,0,0,0,0,0.00,0,0,0.00,0,0,0.00,0,0.00,0,0,1000000000,0,0,0,0,0,0,0,0,0,0,0,0,0,0,0.00,0,NULL,NULL,'1','0','0','0','0','0','0','0','0','0','0','0','0','0','0','0','0','0','0','0','0','2023-12-18 09:57:28',94,'2024-01-09 13:28:17',97,0,0,0,0,0,NULL),(67,'kotagushiken','1','aaaaaa',NULL,'aaaaaa@test.com',0,0,999999,0,0,0,0,0,0,0,0,0,0,0,0,0,0.00,0,0,0,0.00,0,0,0,0.00,0,0,0,0.00,0,0,0,0,0,0,0,0,0,0,0.00,0,0,0.00,0,0,0.00,0,0.00,0,0,0,0,99,0,0,909999890,0,0,0,0,0,0,0,0,0,0.00,0,NULL,NULL,'1','0','0','0','0','0','0','0','0','0','0','0','0','0','0','0','0','0','0','0','0','2023-12-18 09:58:34',94,'2024-01-09 13:27:54',97,99,0,0,0,0,NULL),(68,'stein','1',NULL,NULL,NULL,0,0,0,0,0,0,0,0,0,0,0,0,0,0,0,0,0.00,0,0,0,0.00,0,0,0,0.00,0,0,0,0.00,0,0,0,0,0,0,0,0,0,0,0.00,0,0,0.00,0,0,0.00,0,0.00,0,0,0,0,0,0,0,0,0,0,0,0,0,0,0,0,0,0.00,0,NULL,NULL,'1','0','0','0','0','0','0','0','0','0','0','0','0','0','0','0','0','0','0','0','0','2023-12-18 10:18:39',94,'2024-01-09 13:25:20',97,0,0,0,0,0,NULL),(69,'steaf','1',NULL,NULL,NULL,0,0,0,0,0,0,0,0,0,0,0,0,0,1,0,0,0.00,0,0,0,0.00,0,0,0,0.00,0,0,0,0.00,0,0,0,0,0,0,0,0,0,0,0.00,0,0,0.00,0,0,0.00,0,0.00,0,0,0,0,0,0,0,0,0,0,0,0,0,0,0,0,0,0.00,0,NULL,NULL,'1','0','0','0','0','0','0','0','0','0','0','0','0','0','0','0','0','0','0','0','0','2024-01-05 15:12:31',97,'2024-01-09 13:25:04',97,0,0,0,0,0,NULL),(70,'shinyakozuka','1',NULL,NULL,NULL,0,0,0,0,0,0,0,0,0,0,0,0,0,0,0,0,0.00,0,0,0,0.00,0,0,0,0.00,0,0,0,0.00,0,0,0,0,0,0,0,0,0,0,0.00,0,0,0.00,0,0,0.00,0,0.00,0,0,0,0,1,0,0,0,0,0,0,0,0,0,0,0,0,0.00,0,NULL,NULL,'1','0','0','0','0','0','0','0','0','0','0','0','0','0','0','0','0','0','0','0','0','2024-01-05 15:20:02',97,'2024-01-09 15:56:27',97,0,0,0,0,0,NULL),(71,'','1',NULL,NULL,NULL,0,0,0,0,0,0,0,0,0,0,0,0,0,0,0,0,0.00,0,0,0,0.00,0,0,0,0.00,0,0,0,0.00,0,0,0,0,0,0,0,0,0,0,0.00,0,0,0.00,0,0,0.00,0,0.00,0,0,0,0,0,0,0,0,0,0,0,0,0,0,0,0,0,0.00,0,NULL,NULL,'0','0','0','0','0','0','0','0','0','0','0','0','0','0','0','0','0','0','0','0','0','2024-01-05 16:42:18',97,'2024-03-04 09:46:58',97,0,0,0,0,0,NULL),(72,'dairiku','1','',NULL,NULL,0,0,0,0,0,0,0,0,0,0,0,0,0,0,0,0,0.00,0,0,0,0.00,0,0,0,0.00,0,0,0,0.00,0,0,0,0,0,0,0,0,0,0,0.00,0,0,0.00,0,0,0.00,0,0.00,0,0,0,0,0,0,0,0,0,0,0,0,0,0,0,0,0,0.00,0,NULL,NULL,'1','0','0','0','0','0','0','0','0','0','0','0','0','0','0','0','0','0','0','0','0','2024-01-05 16:47:09',97,'2024-01-09 17:32:30',97,0,0,0,0,0,NULL),(73,'sugarhill','1',NULL,NULL,NULL,0,0,0,0,0,0,0,0,0,0,0,0,0,0,0,0,0.00,0,0,0,0.00,0,0,0,0.00,0,0,0,0.00,0,0,0,0,0,0,0,0,0,0,0.00,0,0,0.00,0,0,0.00,0,0.00,0,0,0,0,0,0,0,0,0,0,0,0,0,0,0,0,0,0.00,0,NULL,NULL,'1','0','0','0','0','0','0','0','0','0','0','0','0','0','0','0','0','0','0','0','0','2024-01-09 13:01:12',97,'2024-01-09 13:23:57',97,0,0,0,0,0,NULL),(74,'songforthemute','1',NULL,NULL,NULL,0,0,0,0,0,0,0,0,0,0,0,0,0,0,0,0,0.00,0,0,0,0.00,0,0,0,0.00,0,0,0,0.00,0,0,0,0,0,0,0,0,0,0,0.00,0,0,0.00,0,0,0.00,0,0.00,0,0,0,0,0,0,0,0,0,0,0,0,0,0,0,0,0,0.00,0,NULL,NULL,'1','0','0','0','0','0','0','0','0','0','0','0','0','0','0','0','0','0','0','0','0','2024-01-09 13:01:32',97,'2024-01-09 13:23:32',97,0,0,0,0,0,NULL),(75,'discordance','1',NULL,NULL,NULL,0,0,0,0,0,0,0,0,0,0,0,0,0,0,0,0,0.00,0,0,0,0.00,0,0,0,0.00,0,0,0,0.00,0,0,0,0,0,0,0,0,0,0,0.00,0,0,0.00,0,0,0.00,0,0.00,0,0,0,0,0,0,0,0,0,0,0,0,0,0,0,0,0,0.00,0,NULL,NULL,'1','0','0','0','0','0','0','0','0','0','0','0','0','0','0','0','0','0','0','0','0','2024-01-09 13:02:02',97,'2024-01-09 13:23:13',97,0,0,0,0,0,NULL),(76,'ujoh','1',NULL,NULL,NULL,0,0,0,0,0,0,0,0,0,0,0,0,0,0,0,0,0.00,0,0,0,0.00,0,0,0,0.00,0,0,0,0.00,0,0,0,0,0,0,0,0,0,0,0.00,0,0,0.00,0,0,0.00,0,0.00,0,0,0,0,0,0,0,0,0,0,0,0,0,0,0,0,0,0.00,0,NULL,NULL,'1','0','0','0','0','0','0','0','0','0','0','0','0','0','0','0','0','0','0','0','0','2024-01-09 13:02:27',97,'2024-01-09 13:22:58',97,0,0,0,0,0,NULL),(77,'auralee','1',NULL,NULL,NULL,0,0,0,0,0,0,0,0,0,0,0,0,0,0,0,0,0.00,0,0,0,0.00,0,0,0,0.00,0,0,0,0.00,0,0,0,0,0,0,0,0,0,0,0.00,0,0,0.00,0,0,0.00,0,0.00,0,0,0,0,0,0,0,0,0,0,0,0,0,0,0,0,0,0.00,0,NULL,NULL,'1','0','0','0','0','0','0','0','0','0','0','0','0','0','0','0','0','0','0','0','0','2024-01-09 13:03:22',97,'2024-01-09 13:22:49',97,0,0,0,0,0,NULL),(78,'kolor','1',NULL,NULL,NULL,0,0,0,0,0,0,0,0,0,0,0,0,0,0,0,0,0.00,0,0,0,0.00,0,0,0,0.00,0,0,0,0.00,0,0,0,0,0,0,0,0,0,0,0.00,0,0,0.00,0,0,0.00,0,0.00,0,0,0,0,0,0,0,0,0,0,0,0,0,0,0,0,0,0.00,0,NULL,NULL,'1','0','0','0','0','0','0','0','0','0','0','0','0','0','0','0','0','0','0','0','0','2024-01-09 13:03:31',97,'2024-01-09 13:22:30',97,0,0,0,0,0,NULL),(79,'sacai','1',NULL,NULL,NULL,0,0,0,0,0,0,0,0,0,0,0,0,0,0,0,0,0.00,0,0,0,0.00,0,0,0,0.00,0,0,0,0.00,0,0,0,0,0,0,0,0,0,0,0.00,0,0,0.00,0,0,0.00,0,0.00,0,0,0,0,0,0,0,0,0,0,0,0,0,0,0,0,0,0.00,0,NULL,NULL,'1','0','0','0','0','0','0','0','0','0','0','0','0','0','0','0','0','0','0','0','0','2024-01-09 13:04:26',97,'2024-01-09 13:22:22',97,0,0,0,0,0,NULL),(80,'80','1',NULL,NULL,NULL,0,0,0,0,0,0,0,0,0,0,0,0,0,0,0,0,0.00,0,0,0,0.00,0,0,0,0.00,0,0,0,0.00,0,0,0,0,0,0,0,0,0,0,0.00,0,0,0.00,0,0,0.00,0,0.00,0,0,0,0,0,0,0,0,0,0,0,0,0,0,0,0,0,0.00,0,NULL,NULL,'1','0','0','0','0','0','0','0','0','0','0','0','0','0','0','0','0','0','0','0','0','2024-01-09 13:04:32',97,'2024-01-09 13:04:32',97,0,0,0,0,0,NULL),(81,'commde','1',NULL,NULL,NULL,0,0,0,0,0,0,0,0,0,0,0,0,0,0,0,0,0.00,0,0,0,0.00,0,0,0,0.00,0,0,0,0.00,0,0,0,0,0,0,0,0,0,0,0.00,0,0,0.00,0,0,0.00,0,0.00,0,0,0,0,0,0,0,0,0,0,0,0,0,0,0,0,0,0.00,0,NULL,NULL,'1','0','0','0','0','0','0','0','0','0','0','0','0','0','0','0','0','0','0','0','0','2024-01-09 13:06:58',97,'2024-01-09 13:22:12',97,0,0,0,0,0,NULL),(82,'yohji','1',NULL,NULL,NULL,0,0,0,0,0,0,0,0,0,0,0,0,0,0,0,0,0.00,0,0,0,0.00,0,0,0,0.00,0,0,0,0.00,0,0,0,0,0,0,0,0,0,0,0.00,0,0,0.00,0,0,0.00,0,0.00,0,0,0,0,0,0,0,0,0,0,0,0,0,0,0,0,0,0.00,0,NULL,NULL,'1','0','0','0','0','0','0','0','0','0','0','0','0','0','0','0','0','0','0','0','0','2024-01-09 13:21:52',97,'2024-01-09 13:21:52',97,0,0,0,0,0,NULL),(83,'namacheko','1',NULL,NULL,NULL,0,0,0,0,0,0,0,0,0,0,0,0,0,0,0,0,0.00,0,0,0,0.00,0,0,0,0.00,0,0,0,0.00,0,0,0,0,0,0,0,0,0,0,0.00,0,0,0.00,0,0,0.00,0,0.00,0,0,0,0,0,0,0,0,0,0,0,0,0,0,0,0,0,0.00,0,NULL,NULL,'1','0','0','0','0','0','0','0','0','0','0','0','0','0','0','0','0','0','0','0','0','2024-01-09 13:25:54',97,'2024-01-09 13:25:54',97,0,0,0,0,0,NULL),(84,'dreisvan','1',NULL,NULL,NULL,0,0,0,0,0,0,0,0,0,0,0,0,0,0,0,0,0.00,0,0,0,0.00,0,0,0,0.00,0,0,0,0.00,0,0,0,0,0,0,0,0,0,0,0.00,0,0,0.00,0,0,0.00,0,0.00,0,0,0,0,0,0,0,0,0,0,0,0,0,0,0,0,0,0.00,0,NULL,NULL,'1','0','0','0','0','0','0','0','0','0','0','0','0','0','0','0','0','0','0','0','0','2024-01-09 13:29:28',97,'2024-01-11 16:43:05',103,0,0,0,0,0,NULL),(85,'masu','1',NULL,NULL,NULL,0,0,0,0,0,0,0,0,0,0,0,0,0,0,0,0,0.00,0,0,0,0.00,0,0,0,0.00,0,0,0,0.00,0,0,0,0,0,0,0,0,0,0,0.00,0,0,0.00,0,0,0.00,0,0.00,0,0,0,0,0,0,0,0,0,0,0,0,0,0,0,0,0,0.00,0,NULL,NULL,'1','0','0','0','0','0','0','0','0','0','0','0','0','0','0','0','0','0','0','0','0','2024-01-09 13:29:41',97,'2024-01-09 13:29:41',97,0,0,0,0,0,NULL),(86,'kagariyusuke','1',NULL,NULL,NULL,0,0,0,0,0,0,0,0,0,0,0,0,0,0,0,0,0.00,0,0,0,0.00,0,0,0,0.00,0,0,0,0.00,0,0,0,0,0,0,0,0,0,0,0.00,0,0,0.00,0,0,0.00,0,0.00,0,0,0,0,0,0,0,0,0,0,0,0,0,0,0,0,0,0.00,0,NULL,NULL,'1','0','0','0','0','0','0','0','0','0','0','0','0','0','0','0','0','0','0','0','0','2024-01-09 13:42:27',97,'2024-01-09 15:56:47',97,0,0,0,0,0,NULL),(87,'test','1',NULL,NULL,NULL,0,0,0,0,0,0,0,0,0,0,0,0,0,0,0,0,0.00,0,0,0,0.00,0,0,0,0.00,0,0,0,0.00,0,0,0,0,0,0,0,0,0,0,0.00,0,0,0.00,0,0,0.00,0,0.00,0,0,0,0,0,0,0,0,0,0,0,0,0,0,0,0,0,0.00,0,NULL,NULL,'1','0','0','0','0','0','0','0','0','0','0','0','0','0','0','0','0','0','0','0','0','2024-01-09 14:21:30',97,'2024-01-09 14:21:30',97,0,0,0,0,0,NULL),(88,'nobuyuki mastui','1',NULL,NULL,NULL,0,0,0,0,0,0,0,0,0,0,0,0,0,0,0,0,0.00,0,0,0,0.00,0,0,0,0.00,0,0,0,0.00,0,0,0,0,0,0,0,0,0,0,0.00,0,0,0.00,0,0,0.00,0,0.00,0,0,0,0,0,0,0,0,0,0,0,0,0,0,0,0,0,0.00,0,NULL,NULL,'1','0','0','0','0','0','0','0','0','0','0','0','0','0','0','0','0','0','0','0','0','2024-01-09 14:24:01',97,'2024-01-09 15:56:12',97,0,0,0,0,0,NULL),(89,'','7',NULL,NULL,NULL,0,0,0,0,0,0,0,0,0,0,0,0,0,0,0,0,0.00,0,0,0,0.00,0,0,0,0.00,0,0,0,0.00,0,0,0,0,0,0,0,0,0,0,0.00,0,0,0.00,0,0,0.00,0,0.00,0,0,0,0,0,0,0,0,0,0,0,0,0,0,0,0,0,0.00,0,NULL,NULL,'1','0','0','0','0','0','0','0','0','0','0','0','0','0','0','0','0','0','0','0','0','2024-01-09 15:58:31',97,'2024-01-09 15:58:31',97,0,0,0,0,0,NULL),(90,'marni','1',NULL,NULL,NULL,0,0,0,0,0,0,0,0,0,0,0,0,0,0,0,0,0.00,0,0,0,0.00,0,0,0,0.00,0,0,0,0.00,0,0,0,0,0,0,0,0,0,0,0.00,0,0,0.00,0,0,0.00,0,0.00,0,0,0,0,0,0,0,0,0,0,0,0,0,0,0,0,0,0.00,0,NULL,NULL,'1','0','0','0','0','0','0','0','0','0','0','0','0','0','0','0','0','0','0','0','0','2024-01-10 10:04:45',106,'2024-01-10 10:04:45',103,0,0,0,0,0,NULL),(91,'','1',NULL,NULL,NULL,0,0,0,0,0,0,0,0,0,0,0,0,0,0,0,0,0.00,0,0,0,0.00,0,0,0,0.00,0,0,0,0.00,0,0,0,0,0,0,0,0,0,0,0.00,0,0,0.00,0,0,0.00,0,0.00,0,0,0,0,0,0,0,0,0,0,0,0,0,0,0,0,0,0.00,0,NULL,NULL,'1','0','0','0','0','0','0','0','0','0','0','0','0','0','0','0','0','0','0','0','0','2024-01-10 10:05:38',106,'2024-01-10 10:05:38',97,0,0,0,0,0,NULL),(92,'yohji','1',NULL,NULL,NULL,0,0,0,0,0,0,0,0,0,0,0,0,0,0,0,0,0.00,0,0,0,0.00,0,0,0,0.00,0,0,0,0.00,0,0,0,0,0,0,0,0,0,0,0.00,0,0,0.00,0,0,0.00,0,0.00,0,0,0,0,0,0,0,0,0,0,0,0,0,0,0,0,0,0.00,0,NULL,NULL,'1','0','0','0','0','0','0','0','0','0','0','0','0','0','0','0','0','0','0','0','0','2024-01-11 15:45:03',103,'2024-01-11 15:46:38',97,0,0,0,0,0,NULL),(93,'yohji','1',NULL,NULL,NULL,0,0,0,0,0,0,0,0,0,0,0,0,0,0,0,0,0.00,0,0,0,0.00,0,0,0,0.00,0,0,0,0.00,0,0,0,0,0,0,0,0,0,0,0.00,0,0,0.00,0,0,0.00,0,0.00,0,0,0,0,0,0,0,0,0,0,0,0,0,0,0,0,0,0.00,0,NULL,NULL,'1','0','0','0','0','0','0','0','0','0','0','0','0','0','0','0','0','0','0','0','0','2024-01-11 15:45:44',103,'2024-01-11 15:45:44',103,0,0,0,0,0,NULL),(94,'dreisvan','1',NULL,NULL,NULL,0,0,0,0,0,0,0,0,0,0,0,0,0,0,0,0,0.00,0,0,0,0.00,0,0,0,0.00,0,0,0,0.00,0,0,0,0,0,0,0,0,0,0,0.00,0,0,0.00,0,0,0.00,0,0.00,0,0,0,0,0,0,0,0,0,0,0,0,0,0,0,0,0,0.00,0,NULL,NULL,'1','0','0','0','0','0','0','0','0','0','0','0','0','0','0','0','0','0','0','0','0','2024-01-11 16:43:18',103,'2024-01-11 16:43:18',97,0,0,0,0,0,NULL),(95,'','1',NULL,NULL,NULL,0,0,0,0,0,0,0,0,0,0,0,0,0,0,0,0,0.00,0,0,0,0.00,0,0,0,0.00,0,0,0,0.00,0,0,0,0,0,0,0,0,0,0,0.00,0,0,0.00,0,0,0.00,0,0.00,0,0,0,0,0,0,0,0,0,0,0,0,0,0,0,0,0,0.00,0,NULL,NULL,'1','0','0','0','0','0','0','0','0','0','0','0','0','0','0','0','0','0','0','0','0','2024-01-11 16:45:24',103,'2024-01-11 16:45:24',103,0,0,0,0,0,NULL),(96,'','10',NULL,NULL,NULL,0,0,0,0,0,0,0,0,0,0,0,0,0,0,0,0,0.00,0,0,0,0.00,0,0,0,0.00,0,0,0,0.00,0,0,0,0,0,0,0,0,0,0,0.00,0,0,0.00,0,0,0.00,0,0.00,0,0,0,0,0,0,0,0,0,0,0,0,0,0,0,0,0,0.00,0,NULL,NULL,'1','0','0','0','0','0','0','0','0','0','0','0','0','0','0','0','0','0','0','0','0','2024-01-11 16:45:42',103,'2024-02-14 09:13:29',97,0,0,0,0,0,NULL),(97,'','10',NULL,NULL,NULL,0,0,0,0,0,0,0,0,0,0,0,0,0,0,0,0,0.00,0,0,0,0.00,0,0,0,0.00,0,0,0,0.00,0,0,0,0,0,0,0,0,0,0,0.00,0,0,0.00,0,0,0.00,0,0.00,0,0,0,0,0,0,0,0,0,0,0,0,0,0,0,0,0,0.00,0,NULL,NULL,'0','0','0','0','0','0','0','0','0','0','0','0','0','0','0','0','0','0','0','0','0','2024-02-14 09:19:06',97,'2024-02-14 09:19:06',NULL,0,0,0,0,0,NULL),(98,'','10',NULL,NULL,NULL,0,0,0,0,0,0,0,0,0,0,0,0,0,0,0,0,0.00,0,0,0,0.00,0,0,0,0.00,0,0,0,0.00,0,0,0,0,0,0,0,0,0,0,0.00,0,0,0.00,0,0,0.00,0,0.00,0,0,0,0,0,0,0,0,0,0,0,0,0,0,0,0,0,0.00,0,NULL,NULL,'1','0','0','0','0','0','0','0','0','0','0','0','0','0','0','0','0','0','0','0','0','2024-02-14 16:55:11',97,'2024-02-14 16:55:11',97,0,0,0,0,0,NULL),(99,'1111','1',NULL,NULL,NULL,0,0,0,0,0,0,0,0,0,0,0,0,0,0,0,0,0.00,0,0,0,0.00,0,0,0,0.00,0,0,0,0.00,0,0,0,0,0,0,0,0,0,0,0.00,0,0,0.00,0,0,0.00,0,0.00,0,0,0,0,0,0,0,0,0,0,0,0,0,0,0,0,0,0.00,0,NULL,NULL,'0','0','0','0','0','0','0','0','0','0','0','0','0','0','0','0','0','0','0','0','0','2024-02-26 11:26:28',97,'2024-02-26 11:26:28',NULL,0,0,0,0,0,''),(100,'01234567890123456789','1','0123456789012345678901234567890123456789012345678901234567890123456789012345678901234567890123456789',NULL,NULL,0,0,0,0,0,0,0,0,0,0,0,0,0,0,0,0,0.00,0,0,0,0.00,0,0,0,0.00,0,0,0,0.00,0,0,0,0,0,0,0,0,0,0,0.00,0,0,0.00,0,0,0.00,0,0.00,0,0,0,0,0,0,0,0,0,0,0,0,0,0,0,0,0,0.00,0,NULL,NULL,'0','0','0','0','0','0','0','0','0','0','0','0','0','0','0','0','0','0','0','0','0','2024-02-26 14:29:01',97,'2024-02-26 14:29:01',NULL,0,0,0,0,0,NULL),(101,'a','1',NULL,NULL,'123456789123456789123456789123456789@tep',1111111111,1111111111,1111111111,0,0,0,0,0,0,0,0,0,0,0,0,0,0.00,0,0,0,0.00,0,0,0,0.00,0,0,0,0.00,0,0,0,0,0,0,0,0,0,0,0.00,0,0,0.00,0,0,0.00,0,0.00,0,0,0,0,0,0,0,0,0,0,0,0,0,0,0,0,0,0.00,0,NULL,NULL,'0','0','0','0','0','0','0','0','0','0','0','0','0','0','0','0','0','0','0','0','0','2024-02-26 14:42:36',97,'2024-02-26 15:04:40',97,0,0,0,0,0,NULL);
/*!40000 ALTER TABLE `facility` ENABLE KEYS */;
UNLOCK TABLES;

--
-- Table structure for table `helper`
--

DROP TABLE IF EXISTS `helper`;
/*!40101 SET @saved_cs_client     = @@character_set_client */;
/*!50503 SET character_set_client = utf8mb4 */;
CREATE TABLE `helper` (
  `id` bigint unsigned NOT NULL AUTO_INCREMENT,
  `helpername` char(20) CHARACTER SET utf8mb4 COLLATE utf8mb4_unicode_ci NOT NULL,
  `wearableno` int NOT NULL DEFAULT '0',
  `facilityno` int NOT NULL DEFAULT '0',
  `position` char(1) CHARACTER SET utf8mb4 COLLATE utf8mb4_unicode_ci NOT NULL,
  `backpainno` int NOT NULL DEFAULT '0',
  `age` char(3) CHARACTER SET utf8mb4 COLLATE utf8mb4_unicode_ci NOT NULL DEFAULT '0',
  `sex` char(3) CHARACTER SET utf8mb4 COLLATE utf8mb4_unicode_ci NOT NULL DEFAULT '0',
  `pic1` char(1) CHARACTER SET utf8mb4 COLLATE utf8mb4_unicode_ci DEFAULT NULL,
  `pic2` char(1) CHARACTER SET utf8mb4 COLLATE utf8mb4_unicode_ci DEFAULT NULL,
  `pic3` char(1) CHARACTER SET utf8mb4 COLLATE utf8mb4_unicode_ci DEFAULT NULL,
  `pic4` char(1) CHARACTER SET utf8mb4 COLLATE utf8mb4_unicode_ci DEFAULT NULL,
  `pic5` char(1) CHARACTER SET utf8mb4 COLLATE utf8mb4_unicode_ci DEFAULT NULL,
  `delflag` char(1) CHARACTER SET utf8mb4 COLLATE utf8mb4_unicode_ci DEFAULT NULL,
  `jobfrom` char(4) CHARACTER SET utf8mb4 COLLATE utf8mb4_unicode_ci DEFAULT NULL,
  `jobto` char(4) CHARACTER SET utf8mb4 COLLATE utf8mb4_unicode_ci DEFAULT NULL,
  `measufrom` char(8) CHARACTER SET utf8mb4 COLLATE utf8mb4_unicode_ci DEFAULT NULL,
  `measuto` char(8) CHARACTER SET utf8mb4 COLLATE utf8mb4_unicode_ci DEFAULT NULL,
  `insdatetime` timestamp NOT NULL,
  `insuserno` int NOT NULL,
  `upddatetime` timestamp NOT NULL,
  `upduserno` int DEFAULT NULL,
  PRIMARY KEY (`id`),
  UNIQUE KEY `helper_id_unique` (`id`)
) ENGINE=InnoDB AUTO_INCREMENT=507 DEFAULT CHARSET=utf8mb4 COLLATE=utf8mb4_unicode_ci;
/*!40101 SET character_set_client = @saved_cs_client */;

--
-- Dumping data for table `helper`
--

LOCK TABLES `helper` WRITE;
/*!40000 ALTER TABLE `helper` DISABLE KEYS */;
INSERT INTO `helper` VALUES (74,'',0,42,'4',0,'38','2','0','0','0','0','0','0','  ','  ','    ','    ','2021-04-13 22:49:42',57,'2021-04-13 22:49:42',NULL),(76,'',0,43,'1',0,'33','1','0','0','0','0','0','0','  ','  ','    ','    ','2021-04-22 00:00:38',57,'2021-04-22 00:00:38',NULL),(77,'',0,43,'1',0,'42','1','0','0','0','0','0','0','  ','  ','    ','    ','2021-04-22 00:00:56',57,'2021-04-22 00:00:56',NULL),(78,'',0,43,'1',0,'42','1','0','0','0','0','0','0','  ','  ','    ','    ','2021-04-22 00:01:24',57,'2023-05-18 23:41:07',63),(79,'',0,43,'1',0,'45','2','0','0','0','0','0','0','','','','','2021-04-22 00:01:47',57,'2023-12-28 14:56:01',97),(80,'',0,43,'1',0,'32','2','0','0','0','0','0','0','','','','','2021-04-22 00:03:10',57,'2023-12-28 14:21:57',97),(81,'',0,44,'1',0,'60','2','0','0','0','0','0','0','  ','  ','    ','    ','2021-04-26 04:58:59',63,'2021-10-26 08:54:44',74),(82,'',0,44,'1',0,'40','2','0','0','0','0','0','0','  ','  ','    ','    ','2021-04-26 05:00:50',63,'2021-10-26 08:55:22',74),(83,'',0,44,'1',0,'40','2','0','0','0','0','0','0','  ','  ','    ','    ','2021-04-26 05:01:08',63,'2021-10-26 08:55:47',74),(84,'',0,44,'1',0,'20','1','0','0','0','0','0','0','  ','  ','    ','    ','2021-04-26 05:01:33',63,'2021-11-02 03:31:27',74),(85,'',0,44,'1',0,'30','1','0','0','0','0','0','0','  ','  ','    ','    ','2021-04-26 05:02:38',63,'2021-10-26 08:56:23',74),(86,'',0,44,'1',0,'30','2','0','0','0','0','0','0','  ','  ','    ','    ','2021-04-26 05:03:01',63,'2021-10-26 08:56:43',74),(87,'',0,44,'1',0,'50','1','0','0','0','0','0','0','  ','  ','    ','    ','2021-04-26 05:03:41',63,'2021-10-26 08:57:53',74),(88,'',0,44,'1',0,'40','1','0','0','0','0','0','0','  ','  ','    ','    ','2021-04-26 05:19:04',63,'2021-10-26 08:58:10',74),(89,',',0,45,'1',0,'55','2','0','0','0','0','0','0','','','','','2021-05-06 02:44:30',57,'2021-05-10 08:59:41',57),(90,'',0,45,'1',0,'32','1','0','0','0','0','0','0','  ','  ','    ','    ','2021-05-10 09:00:05',57,'2021-05-10 09:00:05',NULL),(91,' ',0,45,'1',0,'28','1','0','0','0','0','0','0','','','','','2021-05-10 09:00:28',57,'2021-05-10 09:00:28',NULL),(92,'',0,45,'1',0,'48','2','0','0','0','0','0','0','','','','','2021-05-10 09:00:54',57,'2024-01-09 15:25:11',97),(93,' ',0,45,'1',0,'36','1','0','0','0','0','0','0','','','','','2021-05-10 09:01:26',57,'2021-05-10 09:01:26',NULL),(94,'',0,45,'1',0,'28','1','0','0','0','0','0','0','  ','  ','    ','    ','2021-05-10 09:01:55',57,'2021-05-10 09:01:55',NULL),(95,' ',0,45,'1',0,'38','1','0','0','0','0','0','0','','','','','2021-05-10 09:02:27',57,'2021-05-10 09:02:27',NULL),(96,'',0,45,'1',0,'32','1','0','0','0','0','0','0','  ','  ','    ','    ','2021-05-10 09:02:51',57,'2021-05-10 09:02:51',NULL),(97,' ',0,45,'1',0,'34','2','0','0','0','0','0','0','','','','','2021-05-10 09:03:19',57,'2021-05-10 09:03:19',NULL),(98,'',0,45,'1',0,'37','1','0','0','0','0','0','0','  ','  ','    ','    ','2021-05-10 09:03:43',57,'2021-05-10 09:03:43',NULL),(99,'',0,45,'1',0,'64','2','0','0','0','0','0','0','','','','','2021-05-10 09:04:12',57,'2021-05-10 09:04:12',NULL),(100,'',0,45,'1',0,'47','2','0','0','0','0','0','0','  ','  ','    ','    ','2021-05-10 09:04:40',57,'2021-05-10 09:17:48',57),(101,'',0,45,'1',0,'33','1','0','0','0','0','0','0','','','','','2021-05-26 22:56:26',57,'2021-05-26 22:56:26',NULL),(102,'',0,45,'1',0,'28','1','0','0','0','0','0','0','  ','  ','    ','    ','2021-05-26 22:57:16',57,'2021-05-26 22:57:16',NULL),(103,'',0,45,'1',0,'25','1','0','0','0','0','0','0','','','','','2021-05-26 23:01:58',57,'2021-05-26 23:01:58',NULL),(104,'',0,45,'1',0,'21','2','0','0','0','0','0','0','  ','  ','    ','    ','2021-05-26 23:02:31',57,'2021-05-26 23:02:35',57),(105,'',0,45,'3',0,'48','2','0','0','0','0','0','0','','','','','2021-05-26 23:03:21',57,'2021-05-26 23:03:21',NULL),(106,'',0,45,'3',0,'42','2','0','0','0','0','0','0','  ','  ','    ','    ','2021-05-26 23:03:48',57,'2021-07-20 04:17:19',64),(108,'',0,43,'1',0,'24','2','0','0','0','0','0','0','  ','  ','    ','    ','2021-06-23 00:09:55',57,'2021-06-23 00:09:55',NULL),(109,'',0,43,'1',0,'32','2','0','0','0','0','0','0','','','','','2021-06-23 00:12:40',57,'2021-06-23 00:12:40',NULL),(110,'',0,43,'1',0,'29','2','0','0','0','0','0','0','  ','  ','    ','    ','2021-06-23 00:15:55',57,'2023-05-18 23:40:11',63),(111,'',0,43,'1',0,'42','1','0','0','0','0','0','0','  ','  ','    ','    ','2021-06-23 00:18:43',57,'2023-05-18 23:39:40',63),(112,'',0,46,'1',0,'50','1','0','0','0','0','0','1','  ','  ','    ','    ','2021-06-30 22:26:38',57,'2021-07-14 22:16:23',63),(113,'',0,46,'1',0,'31','2','0','0','0','0','0','1','','','','','2021-07-07 02:29:02',63,'2021-07-14 22:16:23',63),(114,'',0,45,'1',0,'32','1','0','0','0','0','0','1','  ','  ','    ','    ','2021-07-07 05:22:49',63,'2021-07-07 05:23:40',63),(115,'',0,52,'1',0,'32','1','0','0','0','0','0','1','  ','  ','    ','    ','2021-07-21 00:42:27',68,'2021-07-21 00:42:52',68),(116,'',0,53,'1',0,'36','1','0','0','0','0','0','0','  ','  ','    ','    ','2021-07-28 00:04:59',63,'2022-06-27 06:35:58',57),(117,'',0,53,'1',0,'45','1','0','0','0','0','0','0','  ','  ','    ','    ','2021-07-28 00:05:53',63,'2022-06-27 06:37:24',57),(118,'',0,53,'1',0,'46','2','0','0','0','0','0','0','  ','  ','    ','    ','2021-07-28 00:07:07',63,'2022-06-27 06:37:49',57),(119,'',0,53,'1',0,'38','1','0','0','0','0','0','0','  ','  ','    ','    ','2021-07-28 00:07:42',63,'2022-06-27 06:36:47',57),(120,'',0,53,'1',0,'57','1','0','0','0','0','0','0','  ','  ','    ','    ','2021-07-28 00:08:15',63,'2021-07-28 00:08:15',NULL),(121,' ',0,53,'1',0,'49','1','0','0','0','0','0','0','  ','  ','    ','    ','2021-07-28 00:08:48',63,'2021-07-28 00:08:48',NULL),(122,'',0,53,'1',0,'54','1','0','0','0','0','0','0','  ','  ','    ','    ','2021-07-28 00:09:31',63,'2021-07-28 00:09:31',NULL),(123,' ',0,53,'1',0,'50','1','0','0','0','0','0','1','  ','  ','    ','    ','2021-07-28 00:10:12',63,'2021-08-02 23:01:57',57),(124,'',0,53,'1',0,'40','1','0','0','0','0','0','1','  ','  ','    ','    ','2021-07-28 00:10:38',63,'2021-08-02 23:02:03',57),(125,' ',0,53,'1',0,'38','1','0','0','0','0','0','1','  ','  ','    ','    ','2021-07-28 00:11:04',63,'2021-08-02 23:02:09',57),(126,'',0,53,'1',0,'42','1','0','0','0','0','0','1','  ','  ','    ','    ','2021-07-28 00:13:43',63,'2021-08-02 23:02:14',57),(127,' ',0,53,'1',0,'28','1','0','0','0','0','0','1','  ','  ','    ','    ','2021-07-28 00:14:19',63,'2021-08-02 23:02:32',57),(128,'',0,53,'1',0,'62','1','0','0','0','0','0','1','  ','  ','    ','    ','2021-07-28 00:14:46',63,'2021-08-02 23:02:26',57),(129,'',0,52,'1',0,'32','1','0','0','0','0','0','1','  ','  ','    ','    ','2021-07-30 00:00:34',66,'2021-08-03 09:47:32',66),(130,'',0,54,'1',0,'51','1','0','0','0','0','0','0','  ','  ','    ','    ','2021-08-02 23:04:02',57,'2022-06-27 06:38:13',57),(131,'',0,54,'1',0,'40','1','0','0','0','0','0','0','  ','  ','    ','    ','2021-08-02 23:04:56',57,'2021-08-02 23:04:56',NULL),(132,'',0,54,'1',0,'38','1','0','0','0','0','0','0','  ','  ','    ','    ','2021-08-02 23:05:54',57,'2021-08-02 23:05:54',NULL),(133,'',0,54,'1',0,'42','1','0','0','0','0','0','0','  ','  ','    ','    ','2021-08-02 23:06:23',57,'2021-08-02 23:06:23',NULL),(134,'',0,54,'1',0,'28','1','0','0','0','0','0','0','  ','  ','    ','    ','2021-08-02 23:06:56',57,'2021-08-02 23:06:56',NULL),(135,'',0,54,'1',0,'62','1','0','0','0','0','0','0','  ','  ','    ','    ','2021-08-02 23:07:18',57,'2021-08-02 23:07:18',NULL),(136,'',0,52,'1',0,'46','2','0','0','0','0','0','0','  ','  ','    ','    ','2021-08-03 01:27:15',68,'2021-08-03 01:27:15',NULL),(137,'',0,52,'1',0,'50','1','0','0','0','0','0','0','  ','  ','    ','    ','2021-08-03 04:51:43',68,'2021-08-03 04:52:41',68),(138,'',0,52,'1',0,'60','2','0','0','0','0','0','0','  ','  ','    ','    ','2021-08-03 04:54:35',68,'2021-08-03 04:54:35',NULL),(139,'',0,52,'1',0,'40','1','0','0','0','0','0','0','  ','  ','    ','    ','2021-08-03 04:57:51',68,'2021-08-03 04:58:27',68),(140,'',0,52,'1',0,'40','2','0','0','0','0','0','0','  ','  ','    ','    ','2021-08-03 04:59:32',68,'2021-08-03 04:59:32',NULL),(141,'',0,52,'1',0,'20','2','0','0','0','0','0','0','  ','  ','    ','    ','2021-08-03 07:19:11',68,'2021-08-03 07:19:11',NULL),(142,'',0,55,'4',0,'50','1','0','0','0','0','0','1','  ','  ','    ','    ','2021-08-03 08:12:09',57,'2021-08-06 00:02:57',57),(143,'',0,55,'4',0,'50','1','0','0','0','0','0','1','  ','  ','    ','    ','2021-08-03 08:14:35',57,'2021-08-06 00:02:57',57),(144,'',0,52,'1',0,'20','2','0','0','0','0','0','1','  ','  ','    ','    ','2021-08-06 02:44:26',68,'2021-08-06 04:18:38',68),(145,'',0,52,'1',0,'20','2','0','0','0','0','0','0','  ','  ','    ','    ','2021-08-06 04:23:34',68,'2021-08-06 04:23:34',NULL),(146,'',0,52,'1',0,'20','2','0','0','0','0','0','0','  ','  ','    ','    ','2021-08-06 04:25:13',68,'2021-08-06 04:25:13',NULL),(147,'',0,52,'1',0,'30','1','0','0','0','0','0','0','  ','  ','    ','    ','2021-08-06 04:26:27',68,'2021-08-06 04:26:27',NULL),(148,'',0,52,'1',0,'50','2','0','0','0','0','0','0','  ','  ','    ','    ','2021-08-06 04:27:29',68,'2021-08-06 04:27:29',NULL),(149,'',0,52,'1',0,'40','2','0','0','0','0','0','0','  ','  ','    ','    ','2021-08-06 04:28:09',68,'2021-08-06 04:28:09',NULL),(150,'',0,52,'1',0,'40','2','0','0','0','0','0','0','  ','  ','    ','    ','2021-08-06 04:28:40',68,'2021-08-06 04:28:40',NULL),(151,'',0,52,'1',0,'60','2','0','0','0','0','0','0','  ','  ','    ','    ','2021-08-06 04:29:25',68,'2021-08-06 04:29:25',NULL),(152,'',0,52,'1',0,'40','1','0','0','0','0','0','0','  ','  ','    ','    ','2021-08-06 04:29:51',68,'2021-08-06 04:29:51',NULL),(153,'',0,52,'1',0,'50','2','0','0','0','0','0','0','  ','  ','    ','    ','2021-08-06 04:31:04',68,'2021-08-06 04:31:04',NULL),(154,'',0,52,'1',0,'40','1','0','0','0','0','0','0','  ','  ','    ','    ','2021-08-06 04:31:40',68,'2021-08-06 04:31:40',NULL),(155,'',0,52,'1',0,'40','2','0','0','0','0','0','0','  ','  ','    ','    ','2021-08-06 04:32:05',68,'2021-08-06 04:32:05',NULL),(156,'',0,52,'1',0,'20','1','0','0','0','0','0','0','  ','  ','    ','    ','2021-08-06 04:32:35',68,'2021-08-06 04:32:35',NULL),(157,'',0,52,'1',0,'50','1','0','0','0','0','0','0','  ','  ','    ','    ','2021-08-06 04:52:29',68,'2021-08-06 04:52:29',NULL),(158,'',0,52,'1',0,'30','1','0','0','0','0','0','1','  ','  ','    ','    ','2021-08-06 04:53:10',68,'2021-08-18 02:34:43',68),(159,'',0,52,'1',0,'20','1','0','0','0','0','0','0','  ','  ','    ','    ','2021-08-06 04:54:54',68,'2021-08-06 04:54:54',NULL),(160,'',0,52,'1',0,'40','2','0','0','0','0','0','0','  ','  ','    ','    ','2021-08-06 04:55:48',68,'2021-08-06 04:55:48',NULL),(161,'',0,52,'1',0,'50','2','0','0','0','0','0','0','  ','  ','    ','    ','2021-08-06 04:56:21',68,'2021-08-06 04:56:21',NULL),(162,'',0,52,'1',0,'50','2','0','0','0','0','0','0','  ','  ','    ','    ','2021-08-06 04:57:11',68,'2021-08-06 04:57:11',NULL),(163,'',0,52,'1',0,'40','2','0','0','0','0','0','0','  ','  ','    ','    ','2021-08-06 04:57:54',68,'2021-08-06 04:57:54',NULL),(164,'',0,52,'1',0,'20','1','0','0','0','0','0','0','  ','  ','    ','    ','2021-08-06 04:58:27',68,'2021-08-06 04:58:27',NULL),(165,'',0,52,'1',0,'20','2','0','0','0','0','0','0','  ','  ','    ','    ','2021-08-06 04:59:08',68,'2021-08-06 04:59:24',68),(166,'',0,52,'1',0,'20','1','0','0','0','0','0','0','  ','  ','    ','    ','2021-08-06 04:59:43',68,'2021-08-06 04:59:43',NULL),(167,'',0,52,'1',0,'30','2','0','0','0','0','0','0','  ','  ','    ','    ','2021-08-06 05:00:35',68,'2021-08-06 05:00:35',NULL),(168,'',0,52,'1',0,'30','1','0','0','0','0','0','0','  ','  ','    ','    ','2021-08-06 05:01:31',68,'2021-08-06 05:01:31',NULL),(169,'',0,56,'1',0,'53','2','0','0','0','0','0','0','  ','  ','    ','    ','2021-08-06 05:52:18',57,'2021-08-06 05:52:18',NULL),(170,'',0,56,'1',0,'73','2','0','0','0','0','0','0','  ','  ','    ','    ','2021-08-06 05:52:51',57,'2021-08-06 05:52:51',NULL),(171,'',0,56,'1',0,'51','1','0','0','0','0','0','0','  ','  ','    ','    ','2021-08-06 05:53:21',57,'2021-08-06 05:53:21',NULL),(172,'',0,56,'1',0,'51','2','0','0','0','0','0','0','  ','  ','    ','    ','2021-08-06 05:53:54',57,'2021-08-06 05:53:54',NULL),(173,'',0,56,'1',0,'51','2','0','0','0','0','0','0','  ','  ','    ','    ','2021-08-06 05:54:17',57,'2021-08-06 05:54:17',NULL),(174,'',0,56,'1',0,'40','1','0','0','0','0','0','0','  ','  ','    ','    ','2021-08-09 00:33:26',63,'2021-08-09 00:33:26',NULL),(175,'',0,56,'1',0,'36','1','0','0','0','0','0','0','  ','  ','    ','    ','2021-08-09 00:35:03',63,'2021-08-09 00:35:03',NULL),(176,'',0,56,'1',0,'46','1','0','0','0','0','0','0','  ','  ','    ','    ','2021-08-09 00:36:12',63,'2021-08-09 00:36:12',NULL),(177,'',0,56,'1',0,'43','1','0','0','0','0','0','0','  ','  ','    ','    ','2021-08-09 00:36:53',63,'2021-08-09 00:36:53',NULL),(178,'',0,44,'1',0,'32','1','0','0','0','0','0','1','  ','  ','    ','    ','2021-08-10 23:29:09',66,'2021-09-02 08:12:27',66),(179,'',0,57,'1',0,'51','1','0','0','0','0','0','1','  ','  ','    ','    ','2021-08-11 08:03:47',63,'2021-08-11 08:06:09',63),(180,'',0,52,'1',0,'30','1','0','0','0','0','0','0','  ','  ','    ','    ','2021-08-14 00:00:03',68,'2021-08-14 00:00:03',NULL),(181,'',0,52,'1',0,'40','2','0','0','0','0','0','0','  ','  ','    ','    ','2021-08-17 00:03:08',68,'2021-08-17 00:03:08',NULL),(182,'',0,52,'1',0,'40','2','0','0','0','0','0','0','  ','  ','    ','    ','2021-08-17 02:14:00',68,'2021-08-17 02:14:00',NULL),(183,'',0,52,'1',0,'40','2','0','0','0','0','0','0','  ','  ','    ','    ','2021-08-18 02:34:14',68,'2021-08-18 02:34:14',NULL),(184,'',0,58,'1',0,'20','1','0','0','0','0','0','0','  ','  ','    ','    ','2021-08-24 22:43:44',57,'2021-08-24 22:43:44',NULL),(185,'',0,58,'1',0,'20','2','0','0','0','0','0','0','  ','  ','    ','    ','2021-08-24 22:44:17',57,'2021-08-24 22:44:17',NULL),(186,'',0,58,'1',0,'30','2','0','0','0','0','0','0','  ','  ','    ','    ','2021-08-24 22:44:48',57,'2021-08-24 22:44:48',NULL),(187,'',0,58,'1',0,'30','1','0','0','0','0','0','0','  ','  ','    ','    ','2021-08-24 22:45:19',57,'2021-08-24 22:45:19',NULL),(188,'',0,58,'1',0,'20','1','0','0','0','0','0','0','  ','  ','    ','    ','2021-08-24 22:49:43',57,'2021-08-24 22:49:43',NULL),(189,'',0,44,'4',0,'44','1','0','0','0','0','0','1','  ','  ','    ','    ','2021-09-02 08:12:52',66,'2021-10-19 09:54:55',74),(190,'',0,59,'1',0,'30','1','0','0','0','0','0','1','  ','  ','    ','    ','2021-09-30 07:28:39',73,'2021-09-30 07:40:28',73),(191,'',0,59,'2',0,'40','1','0','0','0','0','0','0','  ','  ','    ','    ','2021-09-30 08:19:00',73,'2021-09-30 08:19:00',NULL),(192,'',0,59,'2',0,'20','1','0','0','0','0','0','0','  ','  ','    ','    ','2021-10-01 00:03:51',73,'2021-10-01 00:03:51',NULL),(193,'',0,59,'1',0,'30','1','0','0','0','0','0','0','  ','  ','    ','    ','2021-10-05 01:14:55',73,'2021-10-05 01:14:55',NULL),(194,'',0,59,'1',0,'30','1','0','0','0','0','0','0','  ','  ','    ','    ','2021-10-05 01:15:29',73,'2021-10-05 01:15:29',NULL),(195,'',0,59,'1',0,'50','2','0','0','0','0','0','0','  ','  ','    ','    ','2021-10-05 01:16:19',73,'2021-10-05 01:16:19',NULL),(196,'',0,59,'1',0,'30','1','0','0','0','0','0','0','  ','  ','    ','    ','2021-10-05 06:11:39',73,'2021-10-05 06:11:39',NULL),(197,'',0,59,'1',0,'40','2','0','0','0','0','0','0','  ','  ','    ','    ','2021-10-05 06:12:03',73,'2021-10-05 06:12:03',NULL),(198,'',0,59,'1',0,'20','2','0','0','0','0','0','0','  ','  ','    ','    ','2021-10-05 06:12:19',73,'2021-10-05 06:12:19',NULL),(199,'',0,59,'1',0,'50','1','0','0','0','0','0','0','  ','  ','    ','    ','2021-10-05 06:12:36',73,'2021-10-05 06:12:36',NULL),(200,'',0,59,'1',0,'10','2','0','0','0','0','0','0','  ','  ','    ','    ','2021-10-05 06:12:49',73,'2021-10-05 06:12:49',NULL),(201,'',0,59,'1',0,'20','2','0','0','0','0','0','0','  ','  ','    ','    ','2021-10-05 06:13:14',73,'2021-10-05 06:13:14',NULL),(203,'',0,59,'1',0,'40','1','0','0','0','0','0','0','  ','  ','    ','    ','2021-10-05 06:13:44',73,'2021-10-05 06:13:44',NULL),(204,'',0,59,'1',0,'30','1','0','0','0','0','0','0','  ','  ','    ','    ','2021-10-05 06:13:53',73,'2021-10-05 06:13:53',NULL),(205,'',0,59,'1',0,'20','1','0','0','0','0','0','0','  ','  ','    ','    ','2021-10-05 06:14:07',73,'2021-10-05 06:14:07',NULL),(206,'',0,59,'1',0,'30','1','0','0','0','0','0','0','  ','  ','    ','    ','2021-10-05 06:15:06',73,'2021-10-05 06:15:06',NULL),(207,'',0,59,'1',0,'20','1','0','0','0','0','0','0','  ','  ','    ','    ','2021-10-05 06:15:20',73,'2021-10-05 06:15:20',NULL),(208,'',0,59,'1',0,'40','2','0','0','0','0','0','0','  ','  ','    ','    ','2021-10-05 06:15:43',73,'2021-10-05 06:15:43',NULL),(209,'',0,59,'1',0,'30','2','0','0','0','0','0','0','  ','  ','    ','    ','2021-10-05 06:16:04',73,'2021-10-05 06:16:04',NULL),(210,'',0,59,'1',0,'40','2','0','0','0','0','0','0','  ','  ','    ','    ','2021-10-05 06:16:16',73,'2021-10-05 06:16:16',NULL),(211,'',0,59,'1',0,'10','2','0','0','0','0','0','0','  ','  ','    ','    ','2021-10-05 06:16:27',73,'2021-10-05 06:16:27',NULL),(212,'',0,59,'1',0,'30','1','0','0','0','0','0','0','  ','  ','    ','    ','2021-10-05 06:16:45',73,'2021-10-05 06:16:45',NULL),(213,'',0,59,'1',0,'40','1','0','0','0','0','0','0','  ','  ','    ','    ','2021-10-05 06:16:52',73,'2021-10-05 06:16:52',NULL),(214,'',0,59,'1',0,'40','2','0','0','0','0','0','0','  ','  ','    ','    ','2021-10-05 06:17:11',73,'2021-10-05 06:17:11',NULL),(215,'',0,59,'1',0,'40','2','0','0','0','0','0','0','  ','  ','    ','    ','2021-10-05 06:17:22',73,'2021-10-05 06:17:22',NULL),(216,'',0,44,'1',0,'30','1','0','0','0','0','0','0','  ','  ','    ','    ','2021-10-25 00:16:04',74,'2021-10-26 08:58:27',74),(217,'',0,44,'1',0,'28','2','0','0','0','0','0','0','  ','  ','    ','    ','2021-10-25 00:19:05',74,'2021-10-26 08:58:49',74),(218,'',0,44,'1',0,'24','2','0','0','0','0','0','0','  ','  ','    ','    ','2021-10-25 00:21:06',74,'2021-10-26 09:01:53',74),(219,'',0,44,'1',0,'27','1','0','0','0','0','0','0','  ','  ','    ','    ','2021-10-25 12:56:57',74,'2021-10-27 08:37:51',74),(220,'',0,44,'1',0,'40','2','0','0','0','0','0','0','  ','  ','    ','    ','2021-10-25 23:06:46',74,'2021-10-27 00:32:05',74),(221,'',0,44,'1',0,'39','1','0','0','0','0','0','0','  ','  ','    ','    ','2021-10-25 23:09:41',74,'2021-10-27 00:32:30',74),(222,'',0,52,'1',0,'32','1','0','0','0','0','0','1','  ','  ','    ','    ','2021-10-26 09:22:07',66,'2021-10-26 09:35:20',66),(223,'',0,44,'2',0,'39','1','0','0','0','0','0','0','  ','  ','    ','    ','2021-10-27 00:31:29',74,'2021-10-27 00:31:29',NULL),(224,'',0,44,'1',0,'26','2','0','0','0','0','0','0','  ','  ','    ','    ','2021-10-30 00:02:19',74,'2021-10-30 00:02:19',NULL),(225,'',0,44,'1',0,'30','2','0','0','0','0','0','0','  ','  ','    ','    ','2021-11-01 00:28:57',74,'2021-11-01 00:28:57',NULL),(226,'',0,44,'1',0,'44','2','0','0','0','0','0','0','  ','  ','    ','    ','2021-11-05 00:25:35',74,'2021-11-05 00:25:35',NULL),(227,'',0,44,'1',0,'47','2','0','0','0','0','0','0','  ','  ','    ','    ','2021-11-05 23:55:48',74,'2021-11-06 08:15:26',74),(228,'',0,44,'1',0,'58','2','0','0','0','0','0','0','  ','  ','    ','    ','2021-11-05 23:57:05',74,'2021-11-06 08:15:45',74),(229,'',0,44,'1',0,'34','2','0','0','0','0','0','0','  ','  ','    ','    ','2021-11-17 22:34:19',74,'2021-12-13 04:12:20',74),(230,'',0,44,'2',0,'43','1','0','0','0','0','0','0','  ','  ','    ','    ','2021-11-17 22:35:24',74,'2021-12-13 04:10:29',74),(231,'',0,44,'1',0,'50','2','0','0','0','0','0','0','  ','  ','    ','    ','2021-11-17 22:35:58',74,'2021-12-13 04:12:36',74),(232,'',0,44,'1',0,'47','2','0','0','0','0','0','0','  ','  ','    ','    ','2021-11-29 23:57:36',74,'2021-11-29 23:57:36',NULL),(233,'',0,44,'1',0,'41','2','0','0','0','0','0','0','  ','  ','    ','    ','2021-11-29 23:58:21',74,'2021-11-29 23:58:21',NULL),(234,'',0,44,'3',0,'61','2','0','0','0','0','0','0','  ','  ','    ','    ','2021-11-29 23:59:21',74,'2021-12-13 07:14:27',74),(235,'',0,44,'1',0,'46','2','0','0','0','0','0','0','  ','  ','    ','    ','2021-11-29 23:59:57',74,'2021-11-29 23:59:57',NULL),(236,'',0,44,'1',0,'69','2','0','0','0','0','0','0','  ','  ','    ','    ','2021-12-06 11:20:36',74,'2021-12-13 07:13:44',74),(237,'',0,44,'1',0,'65','2','0','0','0','0','0','0','  ','  ','    ','    ','2021-12-13 04:15:43',74,'2021-12-13 04:15:43',NULL),(238,'',0,44,'3',0,'68','2','0','0','0','0','0','0','  ','  ','    ','    ','2021-12-15 07:11:05',74,'2021-12-15 07:11:05',NULL),(239,'',0,60,'1',0,'40','1','0','0','0','0','0','1','  ','  ','    ','    ','2022-01-14 06:47:47',63,'2022-05-06 04:50:50',63),(240,'yamamo',0,54,'1',0,'20','1','0','0','0','0','0','1','  ','  ','    ','    ','2022-01-27 00:46:31',70,'2022-01-27 00:55:05',70),(241,'123',0,54,'1',0,'23','1','0','0','0','0','0','1','  ','  ','    ','    ','2022-01-27 00:47:44',70,'2022-01-27 00:48:09',70),(242,'yama',0,54,'1',0,'21','1','0','0','0','0','0','1','  ','  ','    ','    ','2022-01-27 00:56:03',70,'2022-01-27 01:00:12',70),(244,'',0,63,'4',0,'50','2','0','0','0','0','0','0','  ','  ','    ','    ','2022-02-03 22:41:43',57,'2022-02-03 22:41:43',NULL),(245,'',0,63,'4',0,'32','1','0','0','0','0','0','0','  ','  ','    ','    ','2022-02-03 22:42:14',57,'2022-02-07 07:15:30',57),(246,'',0,45,'1',0,'41','1','0','0','0','0','0','0','  ','  ','    ','    ','2022-03-17 03:54:27',63,'2022-03-17 03:54:27',NULL),(247,'',0,45,'1',0,'43','2','0','0','0','0','0','0','  ','  ','    ','    ','2022-03-17 03:54:45',63,'2022-03-17 03:56:55',63),(248,'',0,45,'1',0,'68','2','0','0','0','0','0','0','  ','  ','    ','    ','2022-03-17 03:55:10',63,'2022-03-17 03:55:10',NULL),(249,'',0,45,'1',0,'24','1','0','0','0','0','0','0','  ','  ','    ','    ','2022-03-17 03:56:18',63,'2022-03-17 03:56:18',NULL),(250,'',0,45,'1',0,'24','2','0','0','0','0','0','0','  ','  ','    ','    ','2022-03-17 03:56:35',63,'2022-03-17 03:56:35',NULL),(251,'',0,56,'1',0,'37','1','0','0','0','0','0','0','  ','  ','    ','    ','2022-03-22 01:09:31',63,'2022-03-22 01:09:31',NULL),(252,'',0,56,'1',0,'48','2','0','0','0','0','0','0','  ','  ','    ','    ','2022-03-22 01:10:11',63,'2022-03-22 01:10:11',NULL),(253,'',0,56,'1',0,'43','2','0','0','0','0','0','0','  ','  ','    ','    ','2022-03-22 01:10:51',63,'2022-03-22 01:11:30',63),(254,'',0,56,'1',0,'50','2','0','0','0','0','0','0','  ','  ','    ','    ','2022-03-22 01:11:57',63,'2022-03-22 01:11:57',NULL),(255,'',0,56,'1',0,'52','2','0','0','0','0','0','0','  ','  ','    ','    ','2022-03-22 01:12:25',63,'2022-03-22 01:12:25',NULL),(256,'aaa',0,64,'1',0,'33','1','0','0','0','0','0','1','  ','  ','    ','    ','2022-04-11 01:21:07',7,'2022-04-11 01:21:23',7),(257,'',0,100,'1',0,'42','1','0','0','0','0','0','0','  ','  ','    ','    ','2022-04-18 00:11:09',63,'2022-04-18 00:11:09',97),(258,'',0,66,'1',0,'37','1','0','0','0','0','0','1','  ','  ','    ','    ','2022-04-18 00:11:32',63,'2022-04-18 00:11:32',97),(259,'',0,66,'1',0,'53','2','0','0','0','0','0','1','  ','  ','    ','    ','2022-04-18 00:12:26',63,'2022-04-18 00:12:26',97),(260,'',0,66,'1',0,'57','2','0','0','0','0','0','1','  ','  ','    ','    ','2022-04-18 00:12:39',63,'2022-04-18 00:12:39',97),(261,'',0,66,'1',0,'59','2','0','0','0','0','0','1','  ','  ','    ','    ','2022-04-18 00:12:56',63,'2022-04-18 00:12:56',97),(262,'',0,60,'1',0,'40','1','0','0','0','0','0','1','  ','  ','    ','    ','2022-04-18 07:54:23',63,'2022-05-06 04:50:55',63),(263,'',0,67,'1',0,'29','1','0','0','0','0','0','1','  ','  ','    ','    ','2022-04-20 04:04:08',63,'2022-04-20 04:38:02',63),(264,'',0,69,'1',0,'40','1','0','0','0','0','0','1','  ','  ','    ','    ','2022-05-06 04:57:55',63,'2022-05-18 08:23:38',57),(265,'',0,70,'1',0,'35','1','0','0','0','0','0','1','  ','  ','    ','    ','2022-05-13 04:37:53',63,'2022-05-13 04:37:53',97),(266,'',0,70,'1',0,'41','1','0','0','0','0','0','1','  ','  ','    ','    ','2022-05-13 04:39:12',63,'2022-05-13 04:39:12',97),(267,'',0,70,'1',0,'46','1','0','0','0','0','0','1','  ','  ','    ','    ','2022-05-13 04:39:39',63,'2022-05-13 04:39:39',97),(268,'',0,70,'1',0,'25','2','0','0','0','0','0','1','  ','  ','    ','    ','2022-05-13 04:40:31',63,'2022-05-13 04:40:31',97),(269,'',0,70,'1',0,'46','2','0','0','0','0','0','1','  ','  ','    ','    ','2022-05-13 04:41:14',63,'2022-05-13 04:41:14',97),(270,'',0,68,'1',0,'30','2','0','0','0','0','0','1','  ','  ','    ','    ','2022-05-17 05:32:25',87,'2022-05-17 05:32:25',97),(271,'',0,68,'1',0,'20','2','0','0','0','0','0','1','  ','  ','    ','    ','2022-05-17 05:42:24',87,'2022-05-17 05:42:24',97),(272,'',0,68,'1',0,'40','2','0','0','0','0','0','1','  ','  ','    ','    ','2022-05-17 05:43:58',87,'2022-05-17 05:43:58',97),(273,'',0,68,'1',0,'30','1','0','0','0','0','0','1','  ','  ','    ','    ','2022-05-17 05:54:42',87,'2022-05-17 05:54:56',97),(274,'',0,68,'1',0,'30','2','0','0','0','0','0','1','  ','  ','    ','    ','2022-05-17 08:11:23',87,'2022-05-17 08:11:23',97),(275,'',0,68,'1',0,'40','1','0','0','0','0','0','1','  ','  ','    ','    ','2022-05-17 08:18:09',87,'2022-05-17 08:18:09',97),(276,'',0,68,'1',0,'20','2','0','0','0','0','0','1','  ','  ','    ','    ','2022-05-17 08:19:38',87,'2022-05-17 08:19:38',97),(277,'',0,68,'1',0,'50','1','0','0','0','0','0','1','  ','  ','    ','    ','2022-05-17 08:20:48',87,'2022-05-17 08:20:48',97),(278,'',0,68,'1',0,'30','2','0','0','0','0','0','1','  ','  ','    ','    ','2022-05-17 08:24:15',87,'2022-05-17 08:24:15',97),(279,'',0,68,'1',0,'20','2','0','0','0','0','0','1','  ','  ','    ','    ','2022-05-17 08:25:19',87,'2022-05-17 08:25:19',97),(280,'',0,68,'1',0,'30','2','0','0','0','0','0','1','  ','  ','    ','    ','2022-05-19 07:51:02',87,'2022-05-19 07:51:02',97),(281,'',0,68,'3',0,'30','2','0','0','0','0','0','1','  ','  ','    ','    ','2022-05-19 07:52:45',87,'2022-05-19 07:52:45',97),(282,'',0,68,'1',0,'30','2','0','0','0','0','0','1','  ','  ','    ','    ','2022-05-19 07:54:19',87,'2022-05-19 07:54:19',97),(283,'',0,68,'1',0,'30','1','0','0','0','0','0','1','  ','  ','    ','    ','2022-05-19 07:55:14',87,'2022-05-19 07:55:14',97),(284,'',0,68,'1',0,'30','2','0','0','0','0','0','1','  ','  ','    ','    ','2022-05-19 07:55:55',87,'2022-05-19 07:55:55',97),(285,'',0,68,'1',0,'20','2','0','0','0','0','0','1','  ','  ','    ','    ','2022-05-19 07:57:31',87,'2022-05-19 07:57:31',97),(286,'',0,68,'1',0,'50','2','0','0','0','0','0','1','  ','  ','    ','    ','2022-05-19 07:58:23',87,'2022-05-19 07:58:23',97),(287,'',0,68,'1',0,'30','2','0','0','0','0','0','1','  ','  ','    ','    ','2022-05-19 07:58:55',87,'2022-05-19 07:58:55',97),(288,'',0,68,'1',0,'20','1','0','0','0','0','0','1','  ','  ','    ','    ','2022-05-19 07:59:39',87,'2022-05-19 07:59:39',97),(289,'',0,68,'1',0,'20','2','0','0','0','0','0','1','  ','  ','    ','    ','2022-05-19 08:00:16',87,'2022-05-19 08:00:16',97),(290,'',0,68,'1',0,'50','2','0','0','0','0','0','1','  ','  ','    ','    ','2022-05-19 08:00:43',87,'2022-05-19 08:00:43',97),(291,'',0,68,'1',0,'40','2','0','0','0','0','0','1','  ','  ','    ','    ','2022-05-19 08:01:46',87,'2022-05-19 08:01:46',97),(292,'',0,68,'1',0,'40','2','0','0','0','0','0','1','  ','  ','    ','    ','2022-05-19 08:02:17',87,'2022-05-19 08:02:17',97),(293,'',0,68,'1',0,'50','2','0','0','0','0','0','1','  ','  ','    ','    ','2022-05-19 08:02:56',87,'2022-05-19 08:02:56',97),(294,'',0,68,'1',0,'40','1','0','0','0','0','0','1','  ','  ','    ','    ','2022-05-19 08:03:22',87,'2022-05-19 08:03:22',97),(295,'',0,68,'1',0,'50','2','0','0','0','0','0','1','  ','  ','    ','    ','2022-05-19 08:03:51',87,'2022-05-19 08:03:51',97),(296,'',0,68,'1',0,'40','2','0','0','0','0','0','1','  ','  ','    ','    ','2022-05-19 08:04:29',87,'2022-05-19 08:04:29',97),(297,'',0,68,'4',0,'50','2','0','0','0','0','0','1','  ','  ','    ','    ','2022-05-19 08:05:27',87,'2022-05-19 08:12:13',97),(298,'',0,68,'1',0,'20','2','0','0','0','0','0','1','  ','  ','    ','    ','2022-05-19 08:06:06',87,'2022-05-19 08:06:06',97),(299,'',0,68,'1',0,'40','1','0','0','0','0','0','1','  ','  ','    ','    ','2022-05-19 08:06:38',87,'2022-05-19 08:06:38',97),(300,'',0,68,'1',0,'30','2','0','0','0','0','0','1','  ','  ','    ','    ','2022-05-19 08:07:06',87,'2022-05-19 08:07:06',97),(301,'',0,68,'1',0,'50','1','0','0','0','0','0','1','  ','  ','    ','    ','2022-05-19 08:07:48',87,'2022-05-19 08:07:48',97),(302,'',0,68,'1',0,'40','2','0','0','0','0','0','1','  ','  ','    ','    ','2022-05-19 08:10:08',87,'2022-05-19 08:10:08',97),(303,'',0,68,'1',0,'50','2','0','0','0','0','0','1','  ','  ','    ','    ','2022-05-19 08:10:46',87,'2022-05-19 08:10:46',97),(304,'',0,68,'4',0,'50','2','0','0','0','0','0','1','  ','  ','    ','    ','2022-05-19 08:11:16',87,'2022-05-29 05:35:33',97),(305,'',0,68,'4',0,'50','2','0','0','0','0','0','1','  ','  ','    ','    ','2022-05-19 08:11:49',87,'2022-05-19 08:11:49',97),(306,'',0,68,'1',0,'30','2','0','0','0','0','0','1','  ','  ','    ','    ','2022-05-19 08:12:59',87,'2022-05-19 08:12:59',97),(307,'',0,68,'3',0,'50','2','0','0','0','0','0','1','  ','  ','    ','    ','2022-05-19 08:13:41',87,'2022-05-19 08:13:41',97),(308,'',0,68,'4',0,'20','1','0','0','0','0','0','1','  ','  ','    ','    ','2022-05-19 08:14:06',87,'2022-05-19 08:14:06',97),(309,'',0,68,'4',0,'60','1','0','0','0','0','0','1','  ','  ','    ','    ','2022-05-19 08:14:29',87,'2022-05-19 08:14:29',97),(310,'',0,68,'3',0,'40','2','0','0','0','0','0','1','  ','  ','    ','    ','2022-05-19 08:15:12',87,'2022-05-19 08:15:12',97),(311,'',0,68,'4',0,'50','2','0','0','0','0','0','1','  ','  ','    ','    ','2022-05-19 08:15:57',87,'2022-05-19 08:15:57',97),(312,'',0,68,'1',0,'30','2','0','0','0','0','0','1','  ','  ','    ','    ','2022-05-19 08:16:56',87,'2022-05-19 08:16:56',97),(313,'',0,68,'4',0,'50','1','0','0','0','0','0','1','  ','  ','    ','    ','2022-05-31 01:57:23',87,'2022-05-31 01:57:23',97),(314,'',0,68,'4',0,'20','2','0','0','0','0','0','1','  ','  ','    ','    ','2022-05-31 01:58:27',87,'2022-05-31 01:58:27',97),(315,'',0,68,'4',0,'40','1','0','0','0','0','0','1','  ','  ','    ','    ','2022-05-31 01:58:46',87,'2022-05-31 01:58:46',97),(316,'',0,68,'4',0,'40','2','0','0','0','0','0','1','  ','  ','    ','    ','2022-05-31 01:59:07',87,'2022-05-31 01:59:07',97),(317,'',0,68,'4',0,'40','1','0','0','0','0','0','1','  ','  ','    ','    ','2022-05-31 01:59:32',87,'2022-05-31 01:59:32',97),(318,'',0,68,'4',0,'20','1','0','0','0','0','0','1','  ','  ','    ','    ','2022-05-31 01:59:46',87,'2022-05-31 01:59:46',97),(319,'',0,68,'4',0,'30','1','0','0','0','0','0','1','  ','  ','    ','    ','2022-05-31 06:03:28',87,'2022-05-31 06:03:28',97),(320,'',0,54,'1',0,'42','1','0','0','0','0','0','0','  ','  ','    ','    ','2022-06-27 04:05:54',57,'2022-06-27 04:05:54',NULL),(321,'',0,54,'1',0,'58','1','0','0','0','0','0','0','  ','  ','    ','    ','2022-06-27 04:07:05',57,'2022-06-27 04:07:05',NULL),(322,'',0,54,'1',0,'40','1','0','0','0','0','0','0','  ','  ','    ','    ','2022-06-27 04:07:40',57,'2022-06-27 04:07:40',NULL),(323,'',0,54,'1',0,'48','1','0','0','0','0','0','0','  ','  ','    ','    ','2022-06-27 04:09:28',57,'2022-06-27 04:09:28',NULL),(324,'',0,53,'1',0,'53','2','0','0','0','0','0','0','  ','  ','    ','    ','2022-06-27 04:10:50',57,'2022-06-27 04:10:50',NULL),(325,'',0,71,'1',0,'47','1','0','0','0','0','0','0','  ','  ','    ','    ','2022-06-28 09:01:22',63,'2022-07-04 07:47:38',97),(326,'',0,71,'1',0,'53','2','0','0','0','0','0','1','  ','  ','    ','    ','2022-06-28 09:01:46',63,'2022-07-04 07:49:51',97),(327,'',0,71,'1',0,'45','2','0','0','0','0','0','1','  ','  ','    ','    ','2022-06-28 09:02:03',63,'2022-07-04 07:50:31',97),(328,'',0,71,'1',0,'59','1','0','0','0','0','0','1','  ','  ','    ','    ','2022-06-28 09:02:18',63,'2022-07-04 07:50:55',97),(329,'',0,71,'1',0,'55','1','0','0','0','0','0','1','  ','  ','    ','    ','2022-06-28 09:02:32',63,'2022-07-04 07:51:15',97),(330,'',0,72,'4',0,'45','2','0','0','0','0','0','1','  ','  ','    ','    ','2022-06-30 04:34:28',89,'2023-02-15 07:48:34',97),(333,'',0,71,'1',0,'45','2','0','0','0','0','0','1','  ','  ','    ','    ','2022-07-04 07:51:53',63,'2022-07-04 07:51:53',97),(334,'',0,71,'1',0,'39','2','0','0','0','0','0','1','  ','  ','    ','    ','2022-07-04 07:52:14',63,'2022-07-04 07:52:14',97),(335,'',0,71,'1',0,'47','1','0','0','0','0','0','1','  ','  ','    ','    ','2022-07-04 07:52:34',63,'2022-07-04 07:52:34',97),(336,'',0,71,'1',0,'51','1','0','0','0','0','0','1','  ','  ','    ','    ','2022-07-04 07:52:57',63,'2022-07-04 07:52:57',97),(337,'',0,71,'1',0,'31','1','0','0','0','0','0','1','  ','  ','    ','    ','2022-07-04 07:53:14',63,'2022-07-04 07:53:14',97),(338,'',0,71,'1',0,'31','1','0','0','0','0','0','1','  ','  ','    ','    ','2022-07-04 07:53:28',63,'2022-07-04 07:53:28',97),(339,'',0,71,'1',0,'38','2','0','0','0','0','0','1','  ','  ','    ','    ','2022-07-04 07:55:51',63,'2022-07-04 07:55:51',97),(340,'',0,71,'1',0,'38','2','0','0','0','0','0','1','  ','  ','    ','    ','2022-07-04 07:56:07',63,'2022-07-04 07:56:07',97),(341,'',0,71,'1',0,'27','1','0','0','0','0','0','1','  ','  ','    ','    ','2022-07-04 07:56:21',63,'2022-07-04 07:56:21',97),(342,'',0,71,'1',0,'30','1','0','0','0','0','0','1','  ','  ','    ','    ','2022-07-04 07:56:42',63,'2022-07-04 07:56:42',97),(343,'',0,71,'1',0,'24','1','0','0','0','0','0','1','  ','  ','    ','    ','2022-07-04 07:56:57',63,'2022-07-04 07:56:57',97),(344,'',0,71,'1',0,'24','2','0','0','0','0','0','1','  ','  ','    ','    ','2022-07-04 07:57:13',63,'2022-07-04 07:57:13',97),(345,'',0,71,'1',0,'49','2','0','0','0','0','0','1','  ','  ','    ','    ','2022-07-04 07:57:29',63,'2022-07-04 07:57:29',97),(346,'',0,71,'1',0,'46','2','0','0','0','0','0','1','  ','  ','    ','    ','2022-07-04 07:57:43',63,'2022-07-04 07:57:43',97),(347,'',0,71,'1',0,'24','2','0','0','0','0','0','1','  ','  ','    ','    ','2022-07-04 07:58:37',63,'2022-07-04 07:58:37',97),(348,'',0,71,'1',0,'43','2','0','0','0','0','0','1','  ','  ','    ','    ','2022-07-04 07:58:50',63,'2022-07-04 07:58:50',97),(349,'',0,71,'1',0,'19','1','0','0','0','0','0','1','  ','  ','    ','    ','2022-07-04 07:59:05',63,'2022-07-04 07:59:05',97),(350,'',0,71,'1',0,'26','2','0','0','0','0','0','1','  ','  ','    ','    ','2022-07-04 07:59:22',63,'2022-07-04 07:59:22',97),(351,'',0,71,'1',0,'35','1','0','0','0','0','0','1','  ','  ','    ','    ','2022-07-04 07:59:33',63,'2022-07-04 07:59:33',97),(352,'',0,71,'1',0,'65','1','0','0','0','0','0','1','  ','  ','    ','    ','2022-07-04 07:59:56',63,'2022-07-04 07:59:56',97),(353,'',0,71,'1',0,'61','1','0','0','0','0','0','1','  ','  ','    ','    ','2022-07-04 08:00:16',63,'2022-07-04 08:00:16',97),(354,'',0,71,'1',0,'55','2','0','0','0','0','0','1','  ','  ','    ','    ','2022-07-04 08:00:33',63,'2022-07-04 08:00:33',97),(355,'',0,71,'1',0,'61','1','0','0','0','0','0','1','  ','  ','    ','    ','2022-07-04 08:00:50',63,'2022-07-04 08:00:50',97),(356,'',0,71,'1',0,'46','2','0','0','0','0','0','1','  ','  ','    ','    ','2022-07-04 08:01:02',63,'2022-07-04 08:01:02',97),(357,'',0,71,'1',0,'58','2','0','0','0','0','0','1','  ','  ','    ','    ','2022-07-04 08:14:26',63,'2022-07-04 08:14:26',97),(358,'',0,71,'1',0,'68','2','0','0','0','0','0','1','  ','  ','    ','    ','2022-07-04 08:14:41',63,'2022-07-04 08:14:41',97),(359,'',0,71,'1',0,'67','1','0','0','0','0','0','1','  ','  ','    ','    ','2022-07-04 08:14:53',63,'2022-07-04 08:15:02',97),(360,'',0,71,'1',0,'66','1','0','0','0','0','0','1','  ','  ','    ','    ','2022-07-04 08:15:17',63,'2022-07-04 08:15:17',97),(361,'',0,71,'1',0,'22','2','0','0','0','0','0','1','  ','  ','    ','    ','2022-07-04 08:15:32',63,'2022-07-04 08:15:32',97),(362,'',0,71,'1',0,'70','2','0','0','0','0','0','1','  ','  ','    ','    ','2022-07-04 08:15:47',63,'2022-07-04 08:15:47',97),(363,'',0,71,'1',0,'33','2','0','0','0','0','0','1','  ','  ','    ','    ','2022-07-04 08:16:09',63,'2022-07-04 08:16:09',97),(364,'',0,71,'1',0,'30','2','0','0','0','0','0','1','  ','  ','    ','    ','2022-07-04 08:16:32',63,'2022-07-12 12:52:56',97),(365,'',0,71,'1',0,'30','2','0','0','0','0','0','1','  ','  ','    ','    ','2022-07-04 08:16:47',63,'2022-07-12 12:53:19',97),(366,'',0,71,'1',0,'21','2','0','0','0','0','0','1','  ','  ','    ','    ','2022-07-12 13:20:19',63,'2022-07-12 13:20:19',97),(367,'',0,71,'1',0,'30','1','0','0','0','0','0','1','  ','  ','    ','    ','2022-07-25 00:38:35',63,'2022-07-25 00:38:58',97),(368,'',0,73,'1',0,'36','1','0','0','0','0','0','1','  ','  ','    ','    ','2022-08-03 06:58:35',65,'2022-08-03 06:58:35',97),(369,'2',0,73,'2',0,'36','1','0','0','0','0','0','1','  ','  ','    ','    ','2022-08-03 06:59:24',65,'2022-08-03 06:59:24',97),(370,'',0,73,'3',0,'36','1','0','0','0','0','0','1','  ','  ','    ','    ','2022-08-05 04:23:06',65,'2022-08-05 04:23:06',97),(371,'',0,74,'1',0,'53','1','0','0','0','0','0','1','  ','  ','    ','    ','2022-08-22 05:44:20',57,'2022-08-22 05:44:20',97),(372,'',0,75,'1',0,'30','1','0','0','0','0','0','1','  ','  ','    ','    ','2022-09-01 07:12:44',67,'2022-09-01 07:12:44',97),(373,'',0,75,'1',0,'60','2','0','0','0','0','0','1','  ','  ','    ','    ','2022-09-01 07:13:35',67,'2022-09-01 07:13:35',97),(374,'',0,75,'1',0,'30','2','0','0','0','0','0','1','  ','  ','    ','    ','2022-09-01 07:14:07',67,'2022-09-01 07:14:07',97),(375,'',0,75,'1',0,'50','2','0','0','0','0','0','1','  ','  ','    ','    ','2022-09-01 07:14:36',67,'2022-09-01 07:14:36',97),(376,'',0,75,'1',0,'40','1','0','0','0','0','0','1','  ','  ','    ','    ','2022-09-01 07:15:07',67,'2022-09-01 07:15:07',97),(377,'TESTuser',0,76,'1',0,'30','1','0','0','0','0','0','1','  ','  ','    ','    ','2022-10-05 00:36:23',63,'2022-10-05 00:36:23',97),(378,'test user2',0,76,'1',0,'40','1','0','0','0','0','0','1','  ','  ','    ','    ','2022-10-05 00:47:29',63,'2022-10-05 00:47:29',97),(379,'',0,77,'1',0,'32','2','0','0','0','0','0','1','  ','  ','    ','    ','2022-12-05 06:13:44',63,'2022-12-05 06:50:06',63),(380,'yamamoto',0,74,'4',0,'50','1','0','0','0','0','0','1','  ','  ','    ','    ','2023-01-10 23:17:32',63,'2023-01-10 23:20:27',97),(381,'imai',0,74,'4',0,'50','2','0','0','0','0','0','1','  ','  ','    ','    ','2023-01-10 23:17:54',63,'2023-01-10 23:23:25',97),(382,'natsu',0,74,'4',0,'33','2','0','0','0','0','0','1','  ','  ','    ','    ','2023-01-10 23:18:10',63,'2023-01-10 23:18:10',97),(383,'yuka',0,74,'4',0,'30','2','0','0','0','0','0','1','  ','  ','    ','    ','2023-01-10 23:44:07',63,'2023-01-18 23:37:15',97),(384,'',0,74,'1',0,'30','1','0','0','0','0','0','1','  ','  ','    ','    ','2023-01-11 01:07:51',63,'2023-01-11 01:07:51',97),(385,'miyahara',0,74,'4',0,'25','1','0','0','0','0','0','1','  ','  ','    ','    ','2023-01-11 01:25:02',63,'2023-06-12 22:57:36',97),(386,'',0,78,'1',0,'41','1','0','0','0','0','0','1','  ','  ','    ','    ','2023-02-06 06:34:33',63,'2023-02-06 06:34:33',97),(387,'',0,78,'1',0,'35','1','0','0','0','0','0','1','  ','  ','    ','    ','2023-02-06 06:35:53',63,'2023-02-06 06:35:53',97),(388,'',0,78,'1',0,'45','2','0','0','0','0','0','1','  ','  ','    ','    ','2023-02-06 06:36:48',63,'2023-02-06 06:36:48',97),(389,'',0,78,'1',0,'59','2','0','0','0','0','0','1','  ','  ','    ','    ','2023-02-06 06:37:16',63,'2023-02-06 06:37:16',97),(390,'',0,78,'1',0,'55','2','0','0','0','0','0','1','  ','  ','    ','    ','2023-02-06 06:37:44',63,'2023-02-06 06:37:44',97),(391,'',0,78,'1',0,'53','2','0','0','0','0','0','1','  ','  ','    ','    ','2023-02-06 06:38:14',63,'2023-02-06 06:38:14',97),(392,'',0,78,'1',0,'52','2','0','0','0','0','0','1','  ','  ','    ','    ','2023-02-06 06:38:47',63,'2023-02-06 06:38:47',97),(393,'',0,78,'1',0,'21','2','0','0','0','0','0','1','  ','  ','    ','    ','2023-02-06 06:39:42',63,'2023-02-06 06:39:42',97),(394,'',0,78,'1',0,'58','2','0','0','0','0','0','1','  ','  ','    ','    ','2023-02-06 06:40:27',63,'2023-02-06 06:40:27',97),(395,'',0,78,'1',0,'51','1','0','0','0','0','0','1','  ','  ','    ','    ','2023-02-06 06:41:17',63,'2023-02-06 06:41:17',97),(396,'',0,78,'1',0,'58','1','0','0','0','0','0','1','  ','  ','    ','    ','2023-02-06 06:41:45',63,'2023-02-06 06:42:05',97),(397,'',0,78,'1',0,'27','1','0','0','0','0','0','1','  ','  ','    ','    ','2023-02-06 06:42:34',63,'2023-02-06 06:42:34',97),(398,'',0,78,'1',0,'25','1','0','0','0','0','0','1','  ','  ','    ','    ','2023-02-06 06:43:46',63,'2023-02-06 06:43:46',97),(399,'',0,78,'1',0,'32','1','0','0','0','0','0','1','  ','  ','    ','    ','2023-02-06 06:44:37',63,'2023-02-06 06:44:37',97),(400,'',0,78,'1',0,'19','1','0','0','0','0','0','1','  ','  ','    ','    ','2023-02-06 06:46:15',63,'2023-02-06 06:46:15',97),(401,'',0,78,'1',0,'66','2','0','0','0','0','0','1','  ','  ','    ','    ','2023-02-06 06:53:30',63,'2023-02-06 06:53:30',97),(402,'',0,78,'1',0,'46','2','0','0','0','0','0','1','  ','  ','    ','    ','2023-02-06 06:54:08',63,'2023-02-06 06:54:08',97),(403,'',0,78,'1',0,'25','1','0','0','0','0','0','1','  ','  ','    ','    ','2023-02-06 06:54:34',63,'2023-02-06 06:54:34',97),(404,'',0,78,'1',0,'67','2','0','0','0','0','0','1','  ','  ','    ','    ','2023-02-06 06:55:02',63,'2023-02-06 06:55:02',97),(405,'',0,78,'1',0,'55','2','0','0','0','0','0','1','  ','  ','    ','    ','2023-02-06 06:55:26',63,'2023-02-06 06:55:26',97),(406,'',0,78,'1',0,'33','2','0','0','0','0','0','1','  ','  ','    ','    ','2023-02-06 06:55:56',63,'2023-02-06 06:55:56',97),(407,'',0,78,'1',0,'57','2','0','0','0','0','0','1','  ','  ','    ','    ','2023-02-06 06:56:40',63,'2023-02-06 06:56:40',97),(408,'',0,78,'1',0,'44','2','0','0','0','0','0','1','  ','  ','    ','    ','2023-02-06 06:57:04',63,'2023-02-06 06:57:04',97),(409,'',0,78,'1',0,'69','2','0','0','0','0','0','1','  ','  ','    ','    ','2023-02-06 06:57:22',63,'2023-02-06 06:57:22',97),(410,'',0,72,'4',0,'45','1','0','0','0','0','0','1','  ','  ','    ','    ','2023-02-15 07:49:23',57,'2023-02-15 07:50:27',97),(411,'',0,72,'4',0,'43','1','0','0','0','0','0','1','  ','  ','    ','    ','2023-02-15 07:50:13',57,'2023-02-15 07:50:13',97),(412,'',0,72,'4',0,'45','1','0','0','0','0','0','1','  ','  ','    ','    ','2023-02-16 04:32:06',89,'2023-02-16 04:32:06',97),(413,'',0,72,'4',0,'54','1','0','0','0','0','0','1','  ','  ','    ','    ','2023-02-16 04:33:09',89,'2023-02-16 04:33:09',97),(414,'',0,72,'4',0,'24','1','0','0','0','0','0','1','  ','  ','    ','    ','2023-02-16 04:34:07',89,'2023-02-16 04:34:07',97),(415,'',0,72,'4',0,'44','2','0','0','0','0','0','1','  ','  ','    ','    ','2023-02-17 00:41:21',89,'2023-02-17 00:41:21',97),(417,'',0,72,'1',0,'52','1','0','0','0','0','0','1','  ','  ','    ','    ','2023-02-21 10:44:16',89,'2023-02-21 10:46:06',97),(418,'',0,72,'3',0,'39','1','0','0','0','0','0','1','  ','  ','    ','    ','2023-02-21 10:44:54',89,'2023-02-21 10:46:25',97),(419,'',0,72,'1',0,'32','2','0','0','0','0','0','1','  ','  ','    ','    ','2023-02-21 10:45:29',89,'2023-02-21 10:45:29',97),(420,'',0,72,'1',0,'52','2','0','0','0','0','0','1','  ','  ','    ','    ','2023-02-21 10:48:19',89,'2023-02-21 10:48:19',97),(421,'',0,72,'2',0,'45','1','0','0','0','0','0','1','  ','  ','    ','    ','2023-02-21 10:48:54',89,'2023-02-21 10:48:54',97),(422,'',0,72,'1',0,'29','1','0','0','0','0','0','1','  ','  ','    ','    ','2023-02-21 10:49:26',89,'2023-02-21 10:49:26',97),(423,'',0,72,'1',0,'50','2','0','0','0','0','0','1','  ','  ','    ','    ','2023-02-21 10:49:59',89,'2023-02-21 10:49:59',97),(424,'',0,72,'1',0,'49','2','0','0','0','0','0','1','  ','  ','    ','    ','2023-02-21 10:50:36',89,'2023-02-21 10:50:36',97),(425,'',0,72,'1',0,'40','2','0','0','0','0','0','1','  ','  ','    ','    ','2023-02-21 10:51:06',89,'2023-02-21 10:51:06',97),(426,'',0,72,'1',0,'38','2','0','0','0','0','0','1','  ','  ','    ','    ','2023-02-21 10:51:56',89,'2023-02-21 10:51:56',97),(427,'',0,72,'1',0,'52','2','0','0','0','0','0','1','  ','  ','    ','    ','2023-02-21 10:52:29',89,'2023-02-21 10:52:29',97),(428,'',0,72,'1',0,'50','2','0','0','0','0','0','1','  ','  ','    ','    ','2023-02-21 10:53:01',89,'2023-02-21 10:53:01',97),(429,'',0,72,'1',0,'57','1','0','0','0','0','0','1','  ','  ','    ','    ','2023-02-21 10:53:31',89,'2023-02-21 10:53:31',97),(430,'',0,72,'1',0,'43','1','0','0','0','0','0','1','  ','  ','    ','    ','2023-02-21 10:54:17',89,'2023-02-21 10:54:17',97),(431,'',0,72,'1',0,'51','2','0','0','0','0','0','1','  ','  ','    ','    ','2023-02-21 10:54:49',89,'2023-02-21 10:54:49',97),(432,'',0,72,'1',0,'27','2','0','0','0','0','0','1','  ','  ','    ','    ','2023-02-21 10:55:13',89,'2023-02-21 10:55:13',97),(433,'',0,72,'1',0,'49','2','0','0','0','0','0','1','  ','  ','    ','    ','2023-02-21 10:55:42',89,'2023-02-21 10:55:42',97),(434,'',0,72,'1',0,'60','1','0','0','0','0','0','1','  ','  ','    ','    ','2023-02-21 10:56:04',89,'2023-02-21 10:56:04',97),(435,'',0,72,'1',0,'51','1','0','0','0','0','0','1','  ','  ','    ','    ','2023-02-21 10:56:30',89,'2023-02-21 10:56:30',97),(436,'',0,72,'1',0,'40','1','0','0','0','0','0','1','  ','  ','    ','    ','2023-02-21 10:56:49',89,'2023-02-21 10:56:49',97),(437,'',0,70,'1',0,'37','2','0','0','0','0','0','1','  ','  ','    ','    ','2023-04-25 08:33:08',67,'2023-04-25 08:33:08',97),(438,'',0,70,'1',0,'27','1','0','0','0','0','0','1','  ','  ','    ','    ','2023-04-25 08:33:56',67,'2023-04-25 08:33:56',97),(439,'',0,70,'1',0,'22','2','0','0','0','0','0','1','  ','  ','    ','    ','2023-04-25 08:34:28',67,'2023-04-25 08:34:28',97),(440,'',0,70,'1',0,'25','2','0','0','0','0','0','1','  ','  ','    ','    ','2023-04-25 08:35:10',67,'2023-04-25 08:35:25',97),(441,'',0,70,'1',0,'23','2','0','0','0','0','0','1','  ','  ','    ','    ','2023-04-25 08:37:54',67,'2023-04-25 08:37:54',97),(442,'',0,70,'1',0,'26','2','0','0','0','0','0','1','  ','  ','    ','    ','2023-04-25 08:38:26',67,'2023-04-25 08:38:26',97),(443,'',0,70,'1',0,'23','1','0','0','0','0','0','1','  ','  ','    ','    ','2023-04-25 08:39:47',67,'2023-04-25 08:39:47',97),(444,'',0,43,'1',0,'43','1','0','0','0','0','0','0','  ','  ','    ','    ','2023-05-19 00:20:44',63,'2023-05-19 00:20:44',NULL),(445,'',0,43,'1',0,'33','2','0','0','0','0','0','0','  ','  ','    ','    ','2023-05-19 00:21:27',63,'2023-05-19 00:21:27',NULL),(446,'',0,43,'1',0,'35','1','0','0','0','0','0','0','  ','  ','    ','    ','2023-05-19 00:29:59',63,'2023-05-19 00:29:59',NULL),(447,'',0,43,'1',0,'33','1','0','0','0','0','0','0','  ','  ','    ','    ','2023-05-19 00:32:31',63,'2023-05-19 00:32:31',NULL),(448,'',0,43,'1',0,'35','1','0','0','0','0','0','1','  ','  ','    ','    ','2023-05-19 00:33:01',63,'2023-05-21 23:44:24',63),(449,'',0,43,'1',0,'35','1','0','0','0','0','0','0','  ','  ','    ','    ','2023-05-21 23:42:18',63,'2023-05-21 23:42:18',NULL),(450,'TRINH HOANG MAI THAO',0,43,'1',0,'30','2','0','0','0','0','0','0','  ','  ','    ','    ','2023-05-21 23:45:06',63,'2023-05-21 23:45:06',NULL),(451,'',0,43,'1',0,'55','2','0','0','0','0','0','0','  ','  ','    ','    ','2023-05-21 23:46:10',63,'2023-05-21 23:46:10',NULL),(452,'',0,43,'1',0,'60','2','0','0','0','0','0','0','  ','  ','    ','    ','2023-05-21 23:46:51',63,'2023-05-21 23:46:51',NULL),(453,'',0,43,'1',0,'73','2','0','0','0','0','0','0','  ','  ','    ','    ','2023-05-21 23:47:20',63,'2023-05-21 23:47:20',NULL),(454,'',0,43,'1',0,'64','2','0','0','0','0','0','0','  ','  ','    ','    ','2023-05-21 23:47:54',63,'2023-05-21 23:47:54',NULL),(455,'',0,43,'1',0,'29','1','0','0','0','0','0','0','  ','  ','    ','    ','2023-05-21 23:48:22',63,'2023-05-21 23:48:22',NULL),(456,'',0,43,'1',0,'58','2','0','0','0','0','0','0','  ','  ','    ','    ','2023-05-21 23:49:04',63,'2023-05-21 23:49:04',NULL),(457,'',0,43,'3',0,'57','2','0','0','0','0','0','0','  ','  ','    ','    ','2023-05-21 23:49:35',63,'2023-05-21 23:52:53',63),(458,'',0,79,'1',0,'37','1','0','0','0','0','0','1','  ','  ','    ','    ','2023-05-24 02:15:44',67,'2023-05-24 02:15:44',97),(459,'',0,79,'1',0,'23','2','0','0','0','0','0','1','  ','  ','    ','    ','2023-05-24 02:16:33',67,'2023-05-24 02:16:33',97),(460,'',0,79,'1',0,'23','1','0','0','0','0','0','1','  ','  ','    ','    ','2023-05-24 02:17:07',67,'2023-05-24 02:17:07',97),(461,'',0,79,'1',0,'25','1','0','0','0','0','0','1','  ','  ','    ','    ','2023-05-24 02:17:45',67,'2023-05-24 02:17:45',97),(462,'',0,79,'1',0,'35','1','0','0','0','0','0','1','  ','  ','    ','    ','2023-05-24 02:18:13',67,'2023-05-24 02:18:13',97),(463,'',0,74,'1',0,'45','1','0','0','0','0','0','1','  ','  ','    ','    ','2023-06-12 22:57:27',57,'2023-06-12 22:57:27',97),(464,'',0,81,'1',0,'41','1','0','0','0','0','0','1','  ','  ','    ','    ','2023-06-14 02:08:17',93,'2023-06-14 02:08:17',97),(465,'',0,81,'1',0,'12','1','0','0','0','0','0','1','  ','  ','    ','    ','2023-06-14 02:11:48',93,'2023-06-14 02:11:48',97),(466,'2',0,81,'1',0,'14','1','0','0','0','0','0','1','  ','  ','    ','    ','2023-06-14 02:13:05',93,'2023-06-14 02:13:05',97),(467,'3',0,81,'1',0,'16','1','0','0','0','0','0','1','  ','  ','    ','    ','2023-06-14 02:13:44',93,'2023-06-14 02:13:44',97),(468,'4',0,81,'1',0,'20','1','0','0','0','0','0','1','  ','  ','    ','    ','2023-06-14 02:14:31',93,'2023-06-14 02:14:31',97),(469,'5',0,81,'1',0,'21','1','0','0','0','0','0','1','  ','  ','    ','    ','2023-06-14 02:15:08',93,'2023-06-14 02:15:08',97),(470,'6',0,81,'1',0,'23','1','0','0','0','0','0','1','  ','  ','    ','    ','2023-06-14 02:15:35',93,'2023-06-14 02:15:35',97),(471,'7',0,81,'1',0,'18','1','0','0','0','0','0','1','  ','  ','    ','    ','2023-06-14 02:17:06',93,'2023-06-14 02:17:06',97),(472,'8',0,81,'1',0,'49','1','0','0','0','0','0','1','  ','  ','    ','    ','2023-06-14 02:17:45',93,'2023-06-14 02:17:45',97),(473,'9',0,81,'1',0,'34','1','0','0','0','0','0','1','  ','  ','    ','    ','2023-06-14 02:18:18',93,'2023-06-14 02:18:18',97),(474,'10',0,81,'1',0,'33','1','0','0','0','0','0','1','  ','  ','    ','    ','2023-06-14 02:19:30',93,'2023-06-14 02:19:30',97),(475,'11',0,81,'1',0,'22','1','0','0','0','0','0','1','  ','  ','    ','    ','2023-06-14 02:20:32',93,'2023-06-14 02:20:32',97),(476,'12',0,81,'1',0,'89','1','0','0','0','0','0','1','  ','  ','    ','    ','2023-06-14 02:21:05',93,'2023-06-14 02:21:05',97),(477,'13',0,81,'1',0,'44','1','0','0','0','0','0','1','  ','  ','    ','    ','2023-06-14 02:21:59',93,'2023-06-14 02:21:59',97),(478,'14',0,81,'1',0,'45','1','0','0','0','0','0','1','  ','  ','    ','    ','2023-06-14 02:24:33',93,'2023-06-14 02:24:33',97),(479,'15',0,81,'1',0,'35','1','0','0','0','0','0','1','  ','  ','    ','    ','2023-06-14 02:28:22',93,'2023-06-14 02:28:22',97),(480,'16',0,81,'1',0,'48','1','0','0','0','0','0','1','  ','  ','    ','    ','2023-06-14 02:28:54',93,'2023-06-14 02:28:54',97),(481,'17',0,81,'1',0,'44','1','0','0','0','0','0','1','  ','  ','    ','    ','2023-06-14 02:29:17',93,'2023-06-14 02:29:17',97),(482,'18',0,81,'1',0,'55','1','0','0','0','0','0','1','  ','  ','    ','    ','2023-06-14 02:29:47',93,'2023-06-14 02:29:47',97),(483,'19',0,81,'1',0,'44','1','0','0','0','0','0','1','  ','  ','    ','    ','2023-06-14 02:30:19',93,'2023-06-14 02:30:19',97),(484,'aaaa',0,42,'1',0,'24','1','0','0','0','0','0','0','  ','  ','    ','    ','2023-11-27 02:02:26',9,'2023-11-27 02:02:26',NULL),(485,'test',0,43,'1',0,'60','1','0','0','0','0','0','1','','','','','2023-12-15 14:55:49',94,'2023-12-15 14:55:49',94),(486,'',0,43,'2',0,'90','1','0','0','0','0','0','0','','','','','2023-12-15 14:57:06',94,'2023-12-18 14:58:44',94),(487,'2323213',0,43,'1',0,'093','1','0','0','0','0','0','1','','','','','2023-12-15 15:17:56',94,'2023-12-15 15:17:56',94),(488,'',0,43,'1',0,'0','1','0','0','0','0','0','1','','','','','2023-12-18 15:21:56',94,'2023-12-18 15:45:59',103),(489,'d',0,43,'1',0,'91','1','0','0','0','0','0','0','','','','','2023-12-18 15:22:15',94,'2023-12-18 15:22:15',NULL),(490,'a',0,43,'1',0,'230','1','0','0','0','0','0','0','','','','','2023-12-18 15:41:32',94,'2023-12-18 15:41:32',NULL),(491,'a',0,43,'1',0,'1','1','0','0','0','0','0','0','','','','','2024-01-05 13:07:51',97,'2024-01-05 13:07:51',NULL),(492,'test',0,80,'1',0,'0','1','0','0','0','0','0','1','','','','','2024-01-09 13:04:50',97,'2024-01-09 13:04:50',97),(493,'',0,82,'1',0,'11','1','0','0','0','0','0','1','','','','','2024-01-09 15:02:31',97,'2024-01-09 15:02:31',97),(494,'',0,82,'1',0,'42','1','0','0','0','0','0','1','  ','  ','    ','    ','2021-04-22 00:01:24',57,'2023-05-18 23:41:07',97),(495,'0',0,91,'1',0,'0','1','0','0','0','0','0','1','','','','','2024-01-10 10:06:05',106,'2024-01-10 10:06:05',97),(496,'',0,44,'1',0,'100','1','0','0','0','0','0','0','','','','','2024-01-11 15:56:07',103,'2024-02-26 10:39:22',97),(497,'',0,43,'1',0,'111','1','0','0','0','0','0','1','','','','','2024-01-11 15:57:57',103,'2024-01-11 15:57:57',103),(498,'',0,43,'1',0,'99','1','0','0','0','0','0','0','','','','','2024-01-11 15:58:36',103,'2024-01-11 15:58:36',NULL),(499,'',0,47,'1',0,'12','1','0','0','0','0','0','1','','','','','2024-01-11 15:58:51',103,'2024-01-11 15:58:51',103),(500,'',0,47,'1',0,'11','1','0','0','0','0','0','0','','','','','2024-01-11 15:59:32',103,'2024-01-11 15:59:32',NULL),(501,'',0,45,'1',0,'1','1','0','0','0','0','0','1','','','','','2024-01-11 16:05:33',103,'2024-01-11 16:05:33',103),(502,'',0,45,'1',0,'112','1','0','0','0','0','0','0','','','','','2024-01-11 16:06:09',103,'2024-01-11 16:06:09',NULL),(503,'',0,96,'1',0,'2','1','0','0','0','0','0','1','','','','','2024-01-11 16:46:00',103,'2024-01-11 16:46:00',97),(504,'',0,96,'1',0,'2','1','0','0','0','0','0','1','','','','','2024-01-11 16:46:21',103,'2024-01-11 16:46:21',97),(505,'',0,94,'1',0,'1','1','0','0','0','0','0','1','','','','','2024-01-11 16:46:46',103,'2024-01-11 16:46:46',97),(506,'aaa',0,97,'1',0,'29','1','0','0','0','0','0','0','','','','','2024-02-22 14:03:53',97,'2024-02-22 14:03:53',NULL);
/*!40000 ALTER TABLE `helper` ENABLE KEYS */;
UNLOCK TABLES;

--
-- Table structure for table `meauser`
--

DROP TABLE IF EXISTS `meauser`;
/*!40101 SET @saved_cs_client     = @@character_set_client */;
/*!50503 SET character_set_client = utf8mb4 */;
CREATE TABLE `meauser` (
  `id` bigint unsigned NOT NULL AUTO_INCREMENT,
  `ymd` char(9) CHARACTER SET utf8mb4 COLLATE utf8mb4_unicode_ci NOT NULL,
  `helperno` int NOT NULL,
  `wearableno` int NOT NULL,
  `backpainno` int NOT NULL DEFAULT '0',
  PRIMARY KEY (`id`),
  UNIQUE KEY `meauser_id_unique` (`id`)
) ENGINE=InnoDB DEFAULT CHARSET=utf8mb4 COLLATE=utf8mb4_unicode_ci;
/*!40101 SET character_set_client = @saved_cs_client */;

--
-- Dumping data for table `meauser`
--

LOCK TABLES `meauser` WRITE;
/*!40000 ALTER TABLE `meauser` DISABLE KEYS */;
/*!40000 ALTER TABLE `meauser` ENABLE KEYS */;
UNLOCK TABLES;

--
-- Table structure for table `migrations`
--

DROP TABLE IF EXISTS `migrations`;
/*!40101 SET @saved_cs_client     = @@character_set_client */;
/*!50503 SET character_set_client = utf8mb4 */;
CREATE TABLE `migrations` (
  `id` int unsigned NOT NULL AUTO_INCREMENT,
  `migration` varchar(255) CHARACTER SET utf8mb4 COLLATE utf8mb4_unicode_ci NOT NULL,
  `batch` int NOT NULL,
  PRIMARY KEY (`id`)
) ENGINE=InnoDB AUTO_INCREMENT=285 DEFAULT CHARSET=utf8mb4 COLLATE=utf8mb4_unicode_ci;
/*!40101 SET character_set_client = @saved_cs_client */;

--
-- Dumping data for table `migrations`
--

LOCK TABLES `migrations` WRITE;
/*!40000 ALTER TABLE `migrations` DISABLE KEYS */;
INSERT INTO `migrations` VALUES (237,'2023_12_08_170720_create_backpain_table',1),(238,'2023_12_08_171655_create_bpain01_table',1),(239,'2023_12_08_172802_create_bpain02_table',1),(240,'2023_12_08_173040_create_bpain03_table',1),(241,'2023_12_08_173138_create_bpain04_table',1),(242,'2023_12_08_173152_create_bpain05_table',1),(243,'2023_12_08_173207_create_bpain06_table',1),(244,'2023_12_08_173219_create_bpain07_table',1),(245,'2023_12_08_173232_create_bpain08_table',1),(246,'2023_12_08_173243_create_bpain09_table',1),(247,'2023_12_08_173255_create_bpain10_table',1),(248,'2023_12_08_173307_create_bpain11_table',1),(249,'2023_12_08_173320_create_bpain12_table',1),(250,'2023_12_08_173356_create_bpainhed_table',1),(251,'2023_12_08_174705_create_codetbl_table',1),(252,'2023_12_08_175829_create_errtbl_table',1),(268,'2023_12_08_180043_create_facility_table',2),(273,'2023_12_11_091201_create_helper_table',3),(274,'2023_12_11_092257_create_meauser_table',3),(277,'2023_12_11_093605_create_wearable_table',4),(284,'2023_12_11_180256_create_users_table',5);
/*!40000 ALTER TABLE `migrations` ENABLE KEYS */;
UNLOCK TABLES;

--
-- Table structure for table `users`
--

DROP TABLE IF EXISTS `users`;
/*!40101 SET @saved_cs_client     = @@character_set_client */;
/*!50503 SET character_set_client = utf8mb4 */;
CREATE TABLE `users` (
  `id` bigint unsigned NOT NULL AUTO_INCREMENT,
  `username` char(20) COLLATE utf8mb4_unicode_ci NOT NULL,
  `pass` text COLLATE utf8mb4_unicode_ci NOT NULL,
  `authority` char(1) COLLATE utf8mb4_unicode_ci DEFAULT NULL,
  `facilityno` int NOT NULL DEFAULT '0',
  `delflag` char(1) COLLATE utf8mb4_unicode_ci DEFAULT NULL,
  `policyflag` char(1) COLLATE utf8mb4_unicode_ci NOT NULL DEFAULT '0',
  `insdatetime` timestamp NOT NULL,
  `insuserno` int NOT NULL,
  `upddatetime` timestamp NOT NULL,
  `upduserno` int NOT NULL,
  PRIMARY KEY (`id`),
  UNIQUE KEY `users_id_unique` (`id`)
) ENGINE=InnoDB AUTO_INCREMENT=101 DEFAULT CHARSET=utf8mb4 COLLATE=utf8mb4_unicode_ci;
/*!40101 SET character_set_client = @saved_cs_client */;

--
-- Dumping data for table `users`
--

LOCK TABLES `users` WRITE;
/*!40000 ALTER TABLE `users` DISABLE KEYS */;
INSERT INTO `users` VALUES (94,'maegawa','$2y$10$2VDmc/m3NqNlDUtI7jC27.X3/cdSdtYM.0hmkzgpfN8.MEBXDUFou','2',42,'0','1','2023-11-30 17:01:58',57,'2023-11-30 17:01:58',94),(95,'test','$2y$10$G7GA1SzFw4KdvSSqeHxfYOXK6K4WvehWHxCkuYlYgjkhdv2nxi022','2',42,'0','1','2024-04-11 18:36:22',94,'2024-04-11 18:36:22',0),(96,'sa','$2y$10$Zb6cKE533b0Fe2YZV1GoV.LAxBQ08b6cJAjjf.x1w5vE4nkO1EqM2','3',42,'0','1','2024-04-12 09:07:32',94,'2024-04-12 09:07:32',0),(97,'aa','$2y$10$jeHvj9JBiK5Q8qCq.ELQ.etr/Rsny6iIFSuHn3t/PRbLUvZ91JUq6','2',42,'1','0','2024-04-12 13:28:51',94,'2024-04-12 13:28:51',94),(98,'aaaaaa','$2y$10$bqn7ZRifg8MFR.oYOsavreBzrcjsc8MdKx51iOUAP89KIsRDGSNHK','2',42,'0','0','2024-04-12 16:11:47',94,'2024-04-12 16:11:47',0),(99,'aiueo','$2y$10$crX9NDGxeSUDd.ZWLYxht.ov5OFHHRf9LO/75Y/m0Bu1zQt7iguke','2',42,'0','1','2024-04-15 08:09:37',94,'2024-04-15 08:09:37',0),(100,'kawamura','$2y$10$V7UVPPBi7rjWHE7r9nV2IO8uDGZlNuEPvpwuQ.iy46IbdopZlKLN6','2',42,'0','0','2024-04-15 10:11:38',94,'2024-04-15 10:11:38',0);
/*!40000 ALTER TABLE `users` ENABLE KEYS */;
UNLOCK TABLES;

--
-- Table structure for table `wearable`
--

DROP TABLE IF EXISTS `wearable`;
/*!40101 SET @saved_cs_client     = @@character_set_client */;
/*!50503 SET character_set_client = utf8mb4 */;
CREATE TABLE `wearable` (
  `id` bigint unsigned NOT NULL AUTO_INCREMENT,
  `devicename` char(20) CHARACTER SET utf8mb4 COLLATE utf8mb4_unicode_ci NOT NULL,
  `userid` char(40) CHARACTER SET utf8mb4 COLLATE utf8mb4_unicode_ci DEFAULT NULL,
  `passwd` char(40) CHARACTER SET utf8mb4 COLLATE utf8mb4_unicode_ci DEFAULT NULL,
  `clientid` char(20) CHARACTER SET utf8mb4 COLLATE utf8mb4_unicode_ci DEFAULT NULL,
  `clientsc` char(40) CHARACTER SET utf8mb4 COLLATE utf8mb4_unicode_ci DEFAULT NULL,
  `auth` char(60) CHARACTER SET utf8mb4 COLLATE utf8mb4_unicode_ci DEFAULT NULL,
  `helperno` int NOT NULL DEFAULT '0',
  `delflag` char(1) CHARACTER SET utf8mb4 COLLATE utf8mb4_unicode_ci DEFAULT NULL,
  `insdatetime` timestamp NULL DEFAULT NULL,
  `insuserno` int DEFAULT NULL,
  `upddatetime` timestamp NULL DEFAULT NULL,
  `upduserno` int DEFAULT NULL,
  PRIMARY KEY (`id`),
  UNIQUE KEY `wearable_id_unique` (`id`)
) ENGINE=InnoDB AUTO_INCREMENT=2 DEFAULT CHARSET=utf8mb4 COLLATE=utf8mb4_unicode_ci;
/*!40101 SET character_set_client = @saved_cs_client */;

--
-- Dumping data for table `wearable`
--

LOCK TABLES `wearable` WRITE;
/*!40000 ALTER TABLE `wearable` DISABLE KEYS */;
INSERT INTO `wearable` VALUES (1,'202020','aoki@reif-corp.com','reif5150','22BNTL','6480d4f84a77c3477de2722e467162ff','MjJCTlRMOjY0ODBkNGY4NGE3N2MzNDc3ZGUyNzIyZTQ2NzE2MmZm',1,'1',NULL,NULL,NULL,NULL);
/*!40000 ALTER TABLE `wearable` ENABLE KEYS */;
UNLOCK TABLES;
/*!40103 SET TIME_ZONE=@OLD_TIME_ZONE */;

/*!40101 SET SQL_MODE=@OLD_SQL_MODE */;
/*!40014 SET FOREIGN_KEY_CHECKS=@OLD_FOREIGN_KEY_CHECKS */;
/*!40014 SET UNIQUE_CHECKS=@OLD_UNIQUE_CHECKS */;
/*!40101 SET CHARACTER_SET_CLIENT=@OLD_CHARACTER_SET_CLIENT */;
/*!40101 SET CHARACTER_SET_RESULTS=@OLD_CHARACTER_SET_RESULTS */;
/*!40101 SET COLLATION_CONNECTION=@OLD_COLLATION_CONNECTION */;
/*!40111 SET SQL_NOTES=@OLD_SQL_NOTES */;

-- Dump completed on 2024-04-15  4:24:05
